date,state_0,state_1,state_2,state_3
2015-03-26,6.988900715747869e-12,0.9999999999930118,2.9818912914186067e-16,1.020975479539237e-34
2015-03-27,1.2666053112164252e-05,0.999980220499272,7.113447613234763e-06,3.1090971123209213e-25
2015-03-30,2.5201583860026344e-05,0.999973300336903,1.4980792393466525e-06,1.0646610161456676e-24
2015-03-31,0.00021633839298524702,0.9997836604560264,1.150982462461941e-09,1.9273446874817496e-33
2015-04-01,0.00014952273428743286,0.9998504772221477,4.356491305382829e-11,1.0934471133605237e-37
2015-04-02,0.009093725535653994,0.9909062744623123,2.038752557392626e-12,1.5237048061147658e-38
2015-04-03,0.0007917032417097123,0.9992082950903104,1.667976693124865e-09,2.7029052748658054e-32
2015-04-06,0.0004411823477720678,0.9995583337550948,4.838971321372873e-07,6.888769498972888e-28
2015-04-07,0.00031356121416006416,0.9996863073136462,1.3147219241421942e-07,1.5783884696238076e-28
2015-04-08,0.3963369979308106,0.6036630020691789,6.318586600293094e-16,4.617692406084442e-43
2015-04-09,0.9998471187151828,0.0001528812848130038,2.0043887935202424e-23,8.331120783867703e-55
2015-04-10,0.9999999766004637,2.339953643018631e-08,8.374465217713027e-20,4.364584748484672e-49
2015-04-13,0.9999999999907914,9.186671542024315e-12,9.161292257603923e-27,1.2178489863771106e-68
2015-04-14,0.9999999999886882,1.130663261607204e-11,2.3662070121834804e-18,2.0203154453185248e-46
2015-04-15,0.9999999999993747,6.054063600095916e-13,4.3834166250587473e-16,2.4195639917655105e-40
2015-04-16,0.9999999999976694,3.3865132301738503e-13,1.9717301385666157e-12,7.402026951136607e-33
2015-04-17,0.9999999999983515,1.6472132559527557e-12,6.301535420954358e-15,1.3949568343933633e-39
2015-04-20,0.9999999999999432,7.555960444148211e-14,5.942569362696271e-32,5.508022072128928e-75
2015-04-21,0.9999999999999432,7.910615574392107e-14,1.815477144490859e-20,3.3833721843604946e-50
2015-04-22,0.9999999999999432,6.464291064227349e-14,1.4925995241072844e-23,2.1975619670943694e-57
2015-04-23,0.9999999999996021,4.0613988565369037e-13,5.450529340015107e-26,4.15317748393264e-66
2015-04-24,0.9999999999998863,1.0499145798157271e-13,4.908702900637015e-24,4.0551421668987596e-55
2015-04-27,0.9999999999999432,7.909005521334939e-14,2.3246705269203265e-17,3.2545972022635914e-45
2015-04-28,0.9999999999200782,1.1598341133829206e-13,7.979913020627484e-11,2.6272551019854422e-31
2015-04-29,0.999999999988745,3.312671306132442e-13,1.0951020881558053e-11,1.9033703596733215e-33
2015-04-30,0.9999999854894669,1.329163839599342e-12,1.4509197182662401e-08,3.920993146380333e-28
2015-05-01,0.9999999999998863,1.25185439866255e-13,2.9351534484695823e-17,1.154160272737901e-44
2015-05-04,0.9999999999648708,1.0835821987844341e-13,3.498717856330075e-11,4.602974498954954e-33
2015-05-05,0.9999999999919282,3.0118329048479977e-13,7.804142947909027e-12,1.8055892568951254e-33
2015-05-06,0.9999999999996589,3.7435314072010634e-13,1.0537737843031153e-14,6.449470906646162e-36
2015-05-07,0.9999999999970441,2.9404545286082606e-12,1.419394004023737e-15,1.4531813159183611e-43
2015-05-08,0.9999999970165163,1.3370076974810642e-11,2.9701180278418272e-09,9.593786849562407e-31
2015-05-11,0.9999999999381544,3.7831366307157526e-11,2.4057039121125487e-11,1.8569031664112071e-37
2015-05-12,0.9999999999257625,7.41667223617364e-11,2.767406544649943e-14,3.904989667449724e-46
2015-05-13,0.9999999999445208,5.54308085454565e-11,8.984062445195274e-18,4.6752387933733146e-51
2015-05-14,0.9999999999276952,7.232019600065726e-11,2.82877340191113e-15,5.0625796387353656e-48
2015-05-15,0.9999999987803676,4.000578442754914e-10,8.195216075692007e-10,2.1505999620202307e-36
2015-05-18,0.9999999976564595,2.3215131118698895e-09,2.201627579389815e-11,1.917422616581336e-39
2015-05-19,0.9999999941790065,5.821001659488721e-09,2.0545697358268847e-17,3.5511219926110426e-57
2015-05-20,0.9999998057080763,1.9429190282457354e-07,8.885683395217652e-18,1.610274566160482e-64
2015-05-21,0.9999970881738466,2.7323996052553686e-06,1.7942653950985187e-07,1.9978879277089556e-37
2015-05-22,0.9999959095368454,4.0904631108257575e-06,5.045751324665516e-16,6.032532559155717e-58
2015-05-25,0.999999492308704,5.076907039439854e-07,6.286371769077462e-13,9.682139480997311e-45
2015-05-26,0.9999999999330385,6.696933605951595e-11,4.6984519749665425e-23,6.2402969714206016e-58
2015-05-27,0.9999999999882903,1.1687634064761101e-11,2.5207053123131413e-24,3.2410069633699485e-68
2015-05-28,0.9999999999998863,5.781787817383444e-14,1.6895097816026736e-23,7.257333811380803e-57
2015-05-29,0.9999999999997726,2.3053114214360907e-13,1.9316479972847596e-19,3.402679379124914e-51
2015-06-01,0.9999999999989768,1.0147448517836312e-12,6.255674341714613e-23,2.503285909250868e-55
2015-06-02,0.9999999999998863,9.107208774976069e-14,3.9170807809018734e-20,2.0763683272895084e-57
2015-06-03,0.9999999999789679,2.1081596319440897e-11,9.224151749536337e-23,1.4323635530397032e-64
2015-06-04,0.9999999999072315,9.276217101987262e-11,5.871561865706489e-15,2.3928513559547857e-47
2015-06-05,0.9999999995413873,4.586971647585152e-10,5.358217326593615e-32,1.7359698852816464e-83
2015-06-08,0.9999999990914148,9.08607448221766e-10,5.66162834955341e-24,1.4445232323736666e-70
2015-06-09,0.99999999979741,2.0262831036175443e-10,1.7189580697789897e-21,1.715895909619707e-59
2015-06-10,0.999999999998181,1.930484190282914e-12,5.723138615684211e-22,2.531186660534091e-59
2015-06-11,0.9999999999993179,7.676790275417023e-13,6.352136349619288e-22,1.1634045986810502e-57
2015-06-12,0.9999999999715783,2.8327254713890035e-11,2.0167567772426125e-18,1.6461489273690732e-56
2015-06-15,0.9999999999988631,9.699922331588363e-13,2.0427604721959356e-13,3.501872710240591e-38
2015-06-16,0.9999999999997726,1.851636898007482e-13,7.677070369935387e-20,1.3846918764851155e-51
2015-06-17,0.9999999999995453,8.2444265709494e-14,4.1610271204052395e-13,2.924817769762021e-36
2015-06-18,1.0,2.488794851710708e-14,2.169146420287192e-16,3.567275056456589e-45
2015-06-19,0.9999999999997726,2.2053681815216697e-13,8.283407377905931e-21,1.8105560856765138e-54
2015-06-22,0.9999999999997726,3.002067460930121e-13,2.8780878693764976e-17,1.1479707241789781e-48
2015-06-23,0.9999999999888587,2.513977091046791e-12,8.520997402920105e-12,1.1419071976432553e-35
2015-06-24,1.0,7.645337407888665e-14,1.9630441185755274e-16,8.442850003309742e-45
2015-06-25,0.9999999999995453,4.1917083858587034e-13,1.7944424066244497e-18,3.008310188023511e-46
2015-06-26,0.9999999999997726,1.7452119483810506e-13,2.1083519845422647e-23,6.573452140105626e-59
2015-06-29,1.0,9.378365188032012e-14,7.284157436264281e-22,1.099996715975094e-59
2015-06-30,0.9999999999997726,1.6876380127288647e-13,8.447808062140622e-14,3.328658199678556e-41
2015-07-01,1.0,4.413711495383089e-14,1.8794940601067835e-25,6.517107140628031e-66
2015-07-02,1.0,8.438893749083566e-15,9.110075282251024e-21,4.054648321804927e-51
2015-07-03,0.9999999999997726,2.977605793001005e-13,1.6813617075331157e-15,4.596523275486936e-41
2015-07-06,1.0,6.711556966485075e-14,4.818356763417695e-21,7.360277654327476e-55
2015-07-07,1.0,8.191882415961708e-14,3.5408073654988963e-15,5.620907116467669e-41
2015-07-08,0.9999999999704414,2.0819518372482979e-13,2.9342505009674314e-11,3.7139639562741225e-32
2015-07-09,1.0,1.0576772804960027e-13,1.2877352695003776e-20,7.277483790633632e-54
2015-07-10,0.9999999999997726,1.3955839368010773e-13,5.802166548784451e-15,7.228818140416145e-40
2015-07-13,0.9999999999977263,9.418195483971003e-13,1.2398867531142135e-12,1.2658184757196001e-36
2015-07-14,0.9999999999515694,7.486619716744872e-13,4.7781821055265055e-11,8.787826482469061e-33
2015-07-15,0.9999999999852207,1.4812883625591865e-11,1.682696078528618e-20,1.0951560538058647e-56
2015-07-16,0.9999999998535714,1.4303175463468986e-10,3.381968703361154e-12,1.1981816025605214e-41
2015-07-17,0.999999999962256,3.769150268742815e-11,7.085071207235751e-14,6.572482226889212e-43
2015-07-20,0.9999999999165539,8.334891788108061e-11,3.8967634812114535e-17,5.757356902095789e-54
2015-07-21,0.9999999998251496,1.7487858108105858e-10,3.0691700274546833e-16,1.0916365031888112e-54
2015-07-22,0.9999999993585789,2.565315168379146e-10,3.848658267119417e-10,3.7754874664354204e-39
2015-07-23,0.9999999999959073,3.878677028716623e-12,2.293094125492054e-13,1.7132782985703396e-38
2015-07-24,0.9999999999995453,4.022334785368871e-13,2.0283729619781417e-14,5.49266354945012e-40
2015-07-27,0.9999999999995453,5.041792156588269e-13,6.365501725727839e-17,1.543888450686924e-48
2015-07-28,1.0,8.151444695720655e-14,6.622714980629131e-27,1.5057478304144432e-65
2015-07-29,0.9999999999997726,1.9136603673896905e-13,2.1887663104698857e-17,1.5371078474079542e-44
2015-07-30,0.9999999999997726,7.853881029696253e-14,2.2131530949818625e-13,1.734941282115772e-36
2015-07-31,0.9999999999993179,6.428610890727191e-13,3.393572609618929e-15,2.4767361961300053e-43
2015-08-03,0.9999999999949978,1.219594908535281e-13,4.974636120362843e-12,1.3942732400367768e-33
2015-08-04,1.0,1.0752363511719622e-13,4.017522040031666e-19,1.3156466987789385e-52
2015-08-05,0.9999999999997726,2.2907336853740204e-13,8.508889041825903e-14,1.7296365437581675e-36
2015-08-06,0.9999999999943157,5.595513541765022e-12,9.674708593417885e-22,4.0771920223698143e-60
2015-08-07,0.9999999999988631,1.2126117119983404e-12,7.2626598220425495e-19,1.0156862978381319e-52
2015-08-10,0.9999999999990905,9.780631301885762e-13,5.002697579137956e-20,7.044771818438895e-53
2015-08-11,0.9999999999984084,1.4059678316711576e-13,1.4353426989886622e-12,9.905904867405493e-40
2015-08-12,0.9999999999995453,5.485594990581337e-13,4.854255480849512e-17,9.154671662158736e-50
2015-08-13,0.9999999997733084,8.136003596099941e-14,2.2653805594027191e-10,2.3748650546545742e-32
2015-08-14,0.999999999986585,6.659367765620896e-14,1.3257265070189588e-11,4.420159615755597e-37
2015-08-17,1.0,8.378006761724454e-15,3.5169040388961784e-23,5.337743742140094e-60
2015-08-18,1.0,2.945145161177488e-15,3.121316073228312e-22,7.956477336992016e-55
2015-08-19,1.0,3.7545825616255907e-16,1.2135551505262422e-23,9.674465924121597e-59
2015-08-20,1.0,3.654761183394799e-15,2.081277698200408e-22,1.1531297848289572e-57
2015-08-21,1.0,4.598461037882717e-15,5.107301831931008e-21,9.518370964887945e-56
2015-08-24,1.0,6.831905946046687e-15,1.9003820678485663e-17,6.014415227962204e-49
2015-08-25,1.0,8.278849124731305e-14,1.7740083251547812e-14,6.064630118347941e-42
2015-08-26,1.0,5.769203931832924e-15,1.9273204173761222e-17,1.5271376550876545e-47
2015-08-27,1.0,1.3686066177811134e-14,7.284282874730324e-16,1.8188860348652052e-45
2015-08-28,0.9999999998544808,1.0930178739903827e-13,1.454767600378912e-10,1.4020875825236925e-33
2015-08-31,1.0,2.1554366962396726e-13,6.74602089092493e-15,5.260127743919392e-44
2015-09-01,1.0,1.7219094745011126e-14,1.2377671593160895e-24,1.0274363205653378e-66
2015-09-02,1.0,1.709679383636523e-13,3.0050018413497546e-20,3.0149866579379405e-54
2015-09-03,1.0,3.8885003159766695e-14,4.917854337585529e-15,6.540976250269421e-42
2015-09-04,1.0,8.95778963471265e-14,4.1484137553215615e-16,3.50719075404016e-42
2015-09-07,0.9999999999995453,2.636532959642151e-13,1.7774354653732796e-13,4.416141336023875e-38
2015-09-08,1.0,7.569714624765849e-14,5.523681376991319e-16,3.27179867366214e-42
2015-09-09,1.0,2.6506137212179914e-15,2.3536273812072717e-22,2.178163344747725e-53
2015-09-10,1.0,1.0811309672619011e-14,9.866002809586945e-18,2.221448733125146e-47
2015-09-11,1.0,1.2000254373480275e-13,1.0648995168367853e-25,1.3907774206368764e-65
2015-09-14,0.9999999999986358,1.4183341172919983e-12,2.970367938714474e-18,2.84332498162513e-51
2015-09-15,0.9999999999995453,3.9202573494003187e-13,2.70673839196677e-15,7.511835146735276e-43
2015-09-16,0.9999999999968168,3.01865574828176e-12,2.1053327864432316e-14,3.701643310065046e-43
2015-09-17,0.999999999994543,5.5289804333718065e-12,1.6116713692442295e-21,9.601528770315545e-62
2015-09-18,0.9999999999558895,5.384850934384507e-13,4.347276807664458e-11,3.227027104481294e-33
2015-09-21,0.9999999999772626,3.999457878483495e-13,2.2515616136495237e-11,7.23678070753585e-34
2015-09-22,1.0,7.661362852202665e-14,2.2143411632922513e-16,2.788816862724829e-44
2015-09-23,0.9999999999995453,4.732708363249189e-13,1.884360372164747e-18,1.0348303446453225e-48
2015-09-24,0.9999999999972715,2.944216901164456e-12,4.17920137123868e-17,7.798010818931599e-51
2015-09-25,0.9999999999922693,7.947665150369159e-12,2.744285006973323e-23,4.420948961236823e-61
2015-09-28,0.9999999999968168,3.235451358447338e-12,1.999179900584989e-17,7.297117695993061e-51
2015-09-29,0.9999999999959073,3.053823786483202e-12,1.1246476531121963e-12,6.608262968401585e-41
2015-09-30,0.9999999999977263,2.126995602180175e-12,2.8098343017688682e-14,6.562447150219322e-47
2015-10-01,0.9999999999854481,1.1474430493472549e-12,1.361124102188511e-11,3.11334397305848e-36
2015-10-02,0.999999999994543,5.2585339195724205e-12,7.218487061846391e-16,9.088330056774856e-47
2015-10-05,0.9999999998694875,1.3061514748970553e-10,5.123786885169412e-22,4.206988294730833e-67
2015-10-06,0.9999999999740794,2.6062456261980576e-11,1.4718816481771516e-19,7.2611078194192464e-59
2015-10-07,0.9999999999809006,1.895579919495398e-11,1.9233329522965635e-16,3.36814431364968e-51
2015-10-08,0.9999999999613465,3.880620269435144e-11,7.963120949629002e-15,1.3095417553335848e-47
2015-10-09,0.9999999999331521,1.7372473706388158e-11,4.9395779645838794e-11,5.0847746724535225e-40
2015-10-12,0.9999999946976459,8.160132242509916e-11,5.2207225287772315e-09,1.4906040131805534e-36
2015-10-13,0.9999979521388064,1.394854108937953e-11,2.0478474294329453e-06,2.78405542377888e-29
2015-10-14,0.9999999999636202,1.2022297582532016e-11,2.417889536072677e-11,6.141008242154078e-37
2015-10-15,0.9999999999995453,3.200776807620448e-13,6.578162920399545e-21,1.419314265881318e-57
2015-10-16,0.9999999999895408,1.5428165111926022e-12,8.845820282166921e-12,1.3430398834075252e-36
2015-10-19,0.9999999999831743,1.670778272030742e-11,2.696434094072158e-18,3.365344488468677e-55
2015-10-20,0.9999999999454303,5.090905980894412e-11,3.5068410193068986e-12,2.8374826792797733e-41
2015-10-21,0.9999999999986358,1.4582003572034933e-12,1.3312580522672118e-33,3.564270544311353e-91
2015-10-22,0.9999999999995453,2.62136599006428e-13,3.5791891853188144e-16,1.6431903426789021e-46
2015-10-23,1.0,9.612944066334953e-14,7.816245220842189e-16,1.1326329039281682e-42
2015-10-26,1.0,3.25074504440932e-14,2.3328849574121717e-17,9.342320160504542e-46
2015-10-27,1.0,1.296581102407372e-13,4.584393034401184e-16,7.139655394661042e-45
2015-10-28,1.0,2.953995978574854e-14,1.7133646624598518e-19,2.411607708428263e-54
2015-10-29,1.0,8.934636625661449e-15,1.5535598216373404e-14,1.751048345433638e-42
2015-10-30,1.0,2.8062236993079124e-15,1.0228410999588233e-28,1.1189811566607355e-65
2015-11-02,1.0,2.294260326017859e-15,4.55999453037821e-18,1.331114193336297e-52
2015-11-03,1.0,4.929358211926334e-15,2.179392336231341e-22,1.2342639829238406e-56
2015-11-04,1.0,3.224139430148183e-14,1.0321499871793357e-13,3.1620245645068836e-38
2015-11-05,1.0,9.414605177641901e-15,2.3347507452409814e-15,2.262102716854437e-40
2015-11-06,0.9999999999995453,5.172811973396029e-15,3.64369239803529e-13,5.908782562533854e-37
2015-11-09,1.0,1.3526743697847492e-14,3.841009222233508e-15,4.536706466604344e-41
2015-11-10,1.0,1.275185741194239e-14,3.474213443683464e-16,1.3514304630059713e-42
2015-11-11,1.0,5.742237714025451e-14,1.0088335182026938e-15,2.615494904168162e-42
2015-11-12,1.0,2.281005340060913e-14,4.0174814772268996e-15,4.120743477177594e-39
2015-11-13,1.0,3.1020051375783514e-15,7.071049816495356e-29,3.3578572776061127e-67
2015-11-16,1.0,7.941210169158476e-16,1.3668134735398888e-29,3.0685640805825076e-75
2015-11-17,1.0,2.830426637509174e-15,1.360864223246027e-23,7.065851735309146e-62
2015-11-18,1.0,1.2092714615235515e-15,3.0629269151466487e-22,1.7814844244423994e-54
2015-11-19,1.0,2.178821090924778e-16,2.302763825687401e-28,3.4783572241451824e-72
2015-11-20,1.0,3.872800590667386e-15,5.616281886907571e-24,1.012701861508807e-62
2015-11-23,1.0,1.0721217679367726e-15,5.4984587362597775e-17,4.137220596253072e-45
2015-11-24,1.0,3.4596603963813156e-16,2.783847262429667e-25,3.7645349389991706e-64
2015-11-25,1.0,3.125609682064878e-16,8.416528354294561e-32,7.935086862569391e-82
2015-11-26,1.0,2.28418559712188e-16,8.473968456514187e-24,1.2062818387998907e-68
2015-11-27,1.0,5.504254049897787e-17,8.463265138408293e-19,7.052957012891853e-54
2015-11-30,1.0,6.996279000655874e-18,5.307728908440114e-27,3.368994733929315e-69
2015-12-01,1.0,4.020996383495685e-17,1.1740821767733322e-15,3.5910313373769005e-47
2015-12-02,1.0,1.820062521708082e-16,3.5144650665495773e-22,1.6609826715402167e-63
2015-12-03,1.0,1.974035270080487e-17,2.99332125575566e-23,2.0762486673570695e-63
2015-12-04,1.0,2.452987849983849e-17,8.099507923276285e-24,4.310191562219996e-70
2015-12-07,1.0,2.0907743547795276e-19,5.563313966936226e-32,1.524798479650255e-84
2015-12-08,1.0,1.5565548310824602e-17,1.8116856390500978e-30,4.4997756489999174e-86
2015-12-09,1.0,2.3957731300903196e-19,3.443092141790823e-31,2.593610130691582e-88
2015-12-10,1.0,9.25087731180489e-17,9.473193277024969e-30,9.035820516001144e-83
2015-12-11,1.0,1.7476526243389202e-15,1.3736460393290148e-18,1.0838585899227196e-56
2015-12-14,1.0,1.221902825559448e-15,4.017789446500597e-21,7.685334680321665e-64
2015-12-15,1.0,5.429731862447853e-16,4.082711793736178e-19,1.4344312413750838e-54
2015-12-16,1.0,3.052331074946123e-16,1.9893450273907834e-20,6.910545871884894e-60
2015-12-17,1.0,2.5019255938110667e-17,6.608615070199752e-18,2.744322482754599e-58
2015-12-18,1.0,1.862216386390126e-18,3.227442687449738e-17,1.7517636010470141e-56
2015-12-21,1.0,2.791188423687758e-17,6.0557072923911996e-15,6.419481622583463e-51
2015-12-22,1.0,4.598021048888474e-16,1.798832475637483e-14,1.0389593493742774e-50
2015-12-23,0.9999999999995453,2.3211749745892896e-16,3.0499561945049703e-13,2.943335470001986e-46
2015-12-24,0.9999999999959073,2.2695587485634314e-15,4.068078140605074e-12,1.7408247650101263e-41
2015-12-25,1.0,5.19077646281592e-16,6.919210064236503e-18,2.1913109065376322e-61
2015-12-28,1.0,3.5035501359161024e-16,1.5874937639079488e-17,1.1266996733444822e-59
2015-12-29,1.0,1.254960750357853e-15,3.324762868797503e-16,2.564280217543826e-60
2015-12-30,1.0,1.1785780968019483e-14,3.5065575696369737e-15,8.161821961268838e-57
2015-12-31,0.9999999999840838,7.997125622903843e-15,1.5953213383579092e-11,4.303383701738516e-46
2016-01-01,1.0,9.49395893465876e-14,1.3764233498701339e-14,1.1815711968139873e-52
2016-01-04,0.9999999999995453,4.422898014604111e-13,2.0495732280265617e-16,7.176440396679217e-60
2016-01-05,1.0,1.467490395056812e-14,1.6434930486032445e-20,2.9280825534830773e-61
2016-01-06,1.0,9.258691935396287e-14,6.320995404311386e-14,3.308794241792555e-47
2016-01-07,0.9999999999986358,3.4192660742752154e-13,9.096122945359748e-13,7.352743675668825e-42
2016-01-08,1.0,2.5326199072983e-14,1.0035697369189127e-16,5.304904413201954e-53
2016-01-11,0.9999999999995453,6.380733017973553e-14,3.828415645589514e-13,9.925036804385358e-47
2016-01-12,0.9999999878405107,2.1286672567186772e-13,1.2159123897402217e-08,1.8596275585660493e-37
2016-01-13,0.9999999421961564,3.552719163878135e-12,5.780011031349404e-08,1.2322716374537563e-32
2016-01-14,0.9999989284125433,1.3068476891187204e-11,1.0715743580053056e-06,1.1139637894025979e-29
2016-01-15,0.9999999999922693,7.749611069626053e-12,1.4921949676960655e-14,2.0316377434932452e-47
2016-01-18,1.0,5.13450616026613e-15,2.295573145399824e-28,2.6646329074139435e-72
2016-01-19,1.0,1.1926270884297658e-15,3.322426726803764e-24,9.388398846323917e-65
2016-01-20,1.0,1.6836937904549335e-14,5.266189169338794e-21,4.292796041620409e-57
2016-01-21,1.0,1.9418922540525048e-17,1.9012780061308037e-38,2.6718264865674903e-96
2016-01-22,1.0,4.8879293308705376e-17,1.0308655232633278e-27,2.432837343359889e-76
2016-01-25,1.0,4.187447822393612e-16,8.02124131883535e-23,1.7292848432755424e-64
2016-01-26,1.0,3.1682533749640185e-17,1.2842863817330192e-24,1.3332691334208523e-71
2016-01-27,1.0,4.57047764040513e-19,1.889277152761768e-22,3.185988659559765e-70
2016-01-28,1.0,2.85174605340525e-17,1.6833279583882501e-21,2.3662927333839948e-64
2016-01-29,1.0,1.2270445230971745e-16,5.9332068333090606e-21,8.565710165442486e-62
2016-02-01,1.0,9.096609888960384e-16,1.964808302115211e-18,1.6543305124225933e-51
2016-02-02,1.0,7.451933026628115e-14,3.626219504483518e-17,4.0736515377800127e-48
2016-02-03,1.0,2.393094709360848e-15,2.001539121370514e-19,2.680381954333859e-54
2016-02-04,1.0,4.01206624805753e-15,1.8588906724777686e-16,3.35691184002652e-47
2016-02-05,1.0,3.4355238540582104e-14,3.479420274224921e-14,3.867838441453181e-41
2016-02-08,1.0,2.7415361782591735e-13,3.6855400014154832e-25,7.095487472460246e-61
2016-02-09,1.0,2.933936351358597e-13,5.561726781814227e-19,5.2910632223372636e-48
2016-02-10,0.9999999999899956,2.885029092132663e-12,7.401072377070886e-12,1.0743514730969329e-36
2016-02-11,1.0,3.417599603100102e-13,1.2640947036852126e-17,6.073925250569058e-45
2016-02-12,1.0,4.7770469251037564e-14,6.785560257400678e-20,2.120444918369462e-51
2016-02-15,0.9999999999990905,4.965941006712842e-13,5.5632037187598e-13,2.171517736522873e-35
2016-02-16,0.9999999999818101,1.813599103711994e-11,1.173458041226951e-16,1.2432201184674691e-45
2016-02-17,0.9999999999890861,1.127745766042396e-11,7.0920477315434e-14,3.250990221483738e-38
2016-02-18,0.9999999998863132,1.1230864297169592e-10,1.0979898974062138e-12,2.5144198810461405e-39
2016-02-19,3.535147607127497e-116,7.39426393878782e-124,1.0,2.294214304707982e-22
2016-02-22,2.1512224831063083e-90,3.279239936286852e-86,0.9999999999936335,6.1459304982062024e-12
2016-02-23,1.2421343240253229e-85,3.876428814532723e-81,0.9999999999881766,1.199930700079514e-11
2016-02-24,8.30256487983909e-79,1.1194376672394546e-74,0.9999999999881766,1.2100512908560005e-11
2016-02-25,3.856790076563249e-79,8.88514980260917e-75,0.9999999969431883,3.056910766144165e-09
2016-02-26,1.181532090063352e-87,2.645737365778626e-83,0.9999999975534593,2.446546635470296e-09
2016-02-29,9.60770413473526e-79,1.1221146474630752e-73,0.9999999972233127,2.776497463774758e-09
2016-03-01,3.8278889716121727e-91,8.055753410164131e-86,0.9999998775592832,1.2244074788622674e-07
2016-03-02,1.665237547405116e-85,2.2123711661040375e-80,0.9999999509927887,4.900731483394613e-08
2016-03-03,2.5581768445228985e-90,1.1409219424266623e-84,0.9999986274479267,1.3725520202033085e-06
2016-03-04,7.58904279340626e-79,1.5380371794906877e-72,0.9999982798686929,1.7201316782202362e-06
2016-03-07,7.588025851609627e-83,2.0495727039680034e-76,0.9999905550312566,9.444968404616086e-06
2016-03-08,7.279478213597474e-78,7.999735895681515e-71,0.9999674545063671,3.254549376939068e-05
2016-03-09,6.3342278206186636e-99,4.0809069568503163e-91,0.9999236009225466,7.639907778099269e-05
2016-03-10,2.6486779725956347e-89,8.744546528732881e-80,0.9999684618440633,3.1538155583508196e-05
2016-03-11,9.599595737403816e-78,9.050094648182166e-67,0.9999942191701592,5.7808299726322284e-06
2016-03-14,1.1601237621452487e-103,4.657234412937542e-93,0.9999871548477216,1.2845152354818418e-05
2016-03-15,3.706092686255851e-92,6.242019721592063e-81,0.9998369538410087,0.00016304615877163974
2016-03-16,8.196400373902073e-102,2.8780204480933097e-91,0.9998700551885038,0.00012994481130589638
2016-03-17,3.882560194851547e-99,3.770783499633337e-88,0.9994114116690017,0.000588588331448193
2016-03-18,3.4458848289093676e-90,1.7685575290021902e-79,0.9999460848049367,5.391519482410285e-05
2016-03-21,3.425158589686899e-99,3.2517993507227894e-88,0.9998043790588359,0.00019562094075668948
2016-03-22,1.083640292195743e-89,3.4249587228116416e-78,0.9999780889865519,2.1911013052074562e-05
2016-03-23,8.812751636405153e-80,3.491622144262557e-68,0.9999527761074631,4.722389240393547e-05
2016-03-24,8.26608962606343e-100,1.6608487403590846e-88,0.999977958508762,2.2041491359512886e-05
2016-03-25,1.8586967726928158e-100,2.1060719197341027e-89,0.999659117782834,0.0003408822176114144
2016-03-28,8.945941090429705e-85,1.04620065947949e-72,0.9999755842097617,2.441579004179528e-05
2016-03-29,1.8530259915350895e-92,6.135698583446907e-80,0.9999900675268109,9.932473196985403e-06
2016-03-30,1.2834985188701405e-82,2.353007481996445e-69,0.9999867067555428,1.329324416557126e-05
2016-03-31,9.849911347984058e-98,1.101640233490258e-84,0.9999711474435244,2.8852556047413854e-05
2016-04-01,5.200395008213713e-88,2.5741333358354076e-75,0.999994261777012,5.738223148527208e-06
2016-04-04,7.371624405925684e-81,4.4289332543042215e-68,0.9999922427442304,7.757255738629394e-06
2016-04-05,6.7102077282353474e-102,2.1660731578902622e-89,0.9999988875394413,1.1124610081782555e-06
2016-04-06,1.4038997624596445e-85,1.2059292849513353e-72,0.9999965387028955,3.4612975076286744e-06
2016-04-07,2.6381662112939167e-87,3.1250982240282054e-75,0.9999797225228116,2.027747681033203e-05
2016-04-08,1.1182907333179767e-83,1.535366244763449e-70,0.9999971742039542,2.8257958785381783e-06
2016-04-11,6.936332506619112e-107,2.3341223116886673e-89,0.999998969736756,1.030262940136379e-06
2016-04-12,1.1622252445148868e-98,1.3760661875107906e-80,0.9999999611727625,3.882692710870964e-08
2016-04-13,2.592405226579299e-107,6.744914737963366e-89,0.9999999335068446,6.649330672295827e-08
2016-04-14,8.64899178240281e-97,2.3987806406996487e-70,0.9999958199483497,4.180051373850318e-06
2016-04-15,4.6176152295715525e-119,3.4389075155880082e-93,0.999999451443878,5.485564735680422e-07
2016-04-18,7.1234027868328785e-115,4.67758004923935e-90,0.9999931919842137,6.808015333067562e-06
2016-04-19,1.7279098522369388e-98,3.182398577837708e-72,0.9999993101030319,6.898971705445918e-07
2016-04-20,3.2800078946483792e-111,6.428381736976691e-85,0.9999999627743825,3.722559429769867e-08
2016-04-21,7.344685347994873e-104,3.388741219752382e-76,0.9999799993847035,2.00006155613143e-05
2016-04-22,1.7083589942654722e-113,9.553326379936834e-85,0.9998555568091609,0.0001444431905769055
2016-04-25,1.729129970501451e-105,2.0335137065271308e-75,0.9999828601862695,1.7139813513000365e-05
2016-04-26,3.542530445556417e-120,8.2055821454117e-88,0.9963455837522647,0.0036544162476221283
2016-04-27,6.520918590510017e-115,1.1110361871041311e-79,0.9997630504085252,0.00023694959188387606
2016-04-28,4.723154896640059e-113,1.260047134866942e-77,0.9999673756411945,3.2624359062030425e-05
2016-04-29,2.4248260041545915e-118,6.729161882889485e-83,0.9999915639765499,8.436023394309525e-06
2016-05-02,6.235235524622372e-123,2.396988209847443e-85,0.8482205002675203,0.15177949973234256
2016-05-03,4.269059204028356e-127,3.08854430641581e-89,0.05789393608971196,0.9421060639100614
2016-05-04,2.0659237892575188e-119,9.822832368347208e-77,0.0001094744198566066,0.9998905255798592
2016-05-05,4.0167496339710413e-138,3.7739395661490126e-92,0.0017225361610227056,0.9982774638392972
2016-05-06,5.910398695267546e-132,2.1848377080520235e-86,0.09401710089895372,0.9059828991014028
2016-05-09,2.9717574113101155e-135,8.787519421083974e-85,0.024202382167971017,0.9757976178323773
2016-05-10,1.5458749453288305e-136,2.775203444485748e-85,5.121441762933182e-07,0.9999994878554791
2016-05-11,7.066442533239969e-131,4.084979449252345e-83,2.5862192981297733e-08,0.999999974137609
2016-05-12,2.062573613892308e-139,3.7433358707844986e-89,6.095973756362226e-06,0.9999939040266594
2016-05-13,2.7243172782678368e-129,5.626795754451954e-77,5.418813511317492e-06,0.9999945811861315
2016-05-16,7.081874242153097e-135,8.348687673347551e-82,1.2519561587870982e-06,0.9999987480440374
2016-05-17,9.075907075867052e-131,1.852124843343441e-78,2.154451967711846e-06,0.9999978455476155
2016-05-18,1.5703505156579126e-136,6.132396377515976e-82,7.872896499553066e-07,0.9999992127107732
2016-05-19,1.2232620678615819e-150,3.140806694930626e-98,9.46938047104576e-07,0.9999990530618497
2016-05-20,2.5039388395663482e-132,5.560722857649388e-78,2.534353148059115e-06,0.9999974656471122
2016-05-23,1.259962062681714e-133,7.993935476050039e-79,5.984206309799385e-07,0.9999994015790407
2016-05-24,6.848628985261125e-140,4.014643438475913e-85,2.4869345923938786e-07,0.9999997513068901
2016-05-25,4.299012032190205e-148,3.072946489014059e-96,2.5801599287133104e-07,0.9999997419836624
2016-05-26,1.7113245833649793e-145,3.696823284476414e-95,6.146030099640859e-07,0.9999993853973207
2016-05-27,5.4441561167758846e-135,6.000055634836729e-84,1.1296171092736474e-06,0.9999988703827526
2016-05-30,2.4412426365076185e-139,3.711826527993946e-89,1.7410088241031414e-07,0.9999998258990823
2016-05-31,2.3582474420533804e-132,3.0367541562432207e-82,4.794645663892519e-07,0.9999995205354265
2016-06-01,1.5329960863664925e-140,2.772554464714755e-91,6.249775795657169e-07,0.9999993750227211
2016-06-02,3.711711513205548e-136,1.3469277858424152e-87,4.043298918003633e-07,0.9999995956696601
2016-06-03,1.0318578185576246e-144,1.6262358404330584e-96,1.3008345294285467e-06,0.9999986991651261
2016-06-06,3.119969571922088e-144,4.3180055189588293e-97,5.485587134768848e-07,0.9999994514411495
2016-06-07,1.6353341853675764e-146,5.24685721052884e-100,1.9877683218473662e-07,0.9999998012235862
2016-06-08,3.5075654301153132e-130,6.535733483953844e-83,8.101003573447177e-07,0.9999991898997548
2016-06-09,1.1418591410415723e-133,7.249719898211625e-87,4.1099543263138224e-07,0.9999995890048857
2016-06-10,2.0769652234325714e-125,9.407734249714739e-78,4.6135055573531125e-07,0.9999995386498239
2016-06-13,4.877407946229801e-130,2.5246663763971415e-82,3.797506689999454e-07,0.9999996202496543
2016-06-14,1.801888347905693e-129,1.9848901541085516e-81,1.301598553612487e-06,0.9999986984011515
2016-06-15,4.2549507299575814e-136,1.4111627545335005e-88,4.893350637331714e-07,0.9999995106646853
2016-06-16,8.568249667611697e-129,2.9276252764430695e-81,4.1028059894329744e-07,0.9999995897197482
2016-06-17,4.799397331996852e-123,3.3938746010121515e-76,7.469144440765591e-06,0.9999925308554066
2016-06-20,5.559627235181212e-129,6.088230531233762e-81,1.2245653456358987e-05,0.9999877543463661
2016-06-21,6.324092350735699e-147,6.122366096338287e-99,2.034660990325395e-05,0.9999796533898857
2016-06-22,6.052365554586247e-256,1.1108906578692986e-180,1.0,3.03227593463258e-38
2016-06-23,1.2178507112110251e-59,0.034301805237619096,0.9656447229045578,5.3471858173473036e-05
2016-06-24,1.8269244317027778e-56,0.9995337620420158,0.0004661957036443246,4.225437593021459e-08
2016-06-27,2.63041422066433e-57,0.9999999965548341,3.44478577792039e-09,1.1251064401863383e-13
2016-06-28,2.3868184317900158e-60,1.0,8.871458787276467e-15,2.874863309455729e-25
2016-06-29,1.532927983944486e-54,0.99999260463034,7.395367632108259e-06,1.9497084980612867e-12
2016-06-30,1.4531348445163525e-55,1.0,8.218325581685132e-15,2.047741962891863e-37
2016-07-01,4.61398308273e-50,0.999999999994543,5.201545591462723e-12,3.767185625243926e-28
2016-07-04,1.7998354294491885e-56,1.0,1.1513480303846433e-20,3.402493538821546e-51
2016-07-05,4.560253163613039e-48,1.0,2.0553774050319862e-17,7.20619768072356e-36
2016-07-06,3.9462708983567354e-45,0.999999999998181,2.1551502326716566e-12,1.9993074448505317e-26
2016-07-07,3.037123041381717e-41,1.0,3.4162343420898646e-14,2.3445735141201075e-37
2016-07-08,2.7765261433307416e-42,0.9999999999990905,1.0178211308637727e-12,1.0362478534760105e-26
2016-07-11,2.985839643703979e-42,1.0,1.2735796249992319e-14,5.22292955910874e-28
2016-07-12,2.0684104975518942e-36,1.0,5.147557424587842e-14,7.366571135542823e-33
2016-07-13,8.388091861232556e-33,1.0,2.3279867200585006e-13,7.521944619342749e-36
2016-07-14,9.457037441925968e-35,1.0,3.5981524310715636e-26,3.9769611320758565e-67
2016-07-15,1.6929101808800595e-32,1.0,1.7233670906911028e-17,8.657051079906649e-47
2016-07-18,6.040980499056777e-30,1.0,1.946135240532352e-19,2.1483966196339377e-49
2016-07-19,1.273395565077704e-130,8.892924505830239e-101,1.0,3.577762682226448e-25
2016-07-20,2.8444089577651183e-103,2.0044134328409706e-72,1.0,2.0060309905209075e-13
2016-07-21,2.5701491649243024e-111,4.446543570886818e-83,0.9999999995870894,4.1325408114337213e-10
2016-07-22,4.232833555654969e-105,1.0300858039358139e-76,0.9999999997362465,2.6369147922333507e-10
2016-07-25,1.5507738883382008e-166,1.0503927294417887e-120,1.0,5.161301844037637e-41
2016-07-26,9.327558107699349e-29,0.9998940201041021,0.00010597989626491828,1.5137384209243872e-19
2016-07-27,3.6876100523831484e-23,0.9999999983720045,1.6280038237223907e-09,9.66352036896537e-28
2016-07-28,2.8156687627616708e-14,1.0,5.290143618670655e-18,6.160047725353246e-48
2016-07-29,3.1009760878320003e-13,0.9999999999972715,2.6867815405751413e-12,3.9530613395024835e-35
2016-08-01,4.1263765557982523e-13,1.0,7.666965371469522e-20,4.2088309542710415e-50
2016-08-02,2.7378948435973825e-13,1.0,7.638034027925866e-20,2.1061547538599502e-57
2016-08-03,1.76803714758272e-14,1.0,1.530974784489085e-14,3.9464107934258916e-42
2016-08-04,2.1573389816312712e-13,0.999999907938222,9.206172165087314e-08,1.1991592019256678e-28
2016-08-05,7.324487239130875e-13,0.9999999999990905,2.062210938486157e-15,2.2925544927465464e-44
2016-08-08,8.915829270136135e-13,0.9999999463680084,5.363135067390547e-08,2.649604162793067e-30
2016-08-09,1.0713121374035452e-12,0.9999999999427018,5.6253422200813924e-11,4.895839507681971e-34
2016-08-10,1.0983511899181126e-12,0.9999999996252882,3.7318304774000514e-10,6.510780747583193e-32
2016-08-11,5.038845651790431e-12,0.9999999999936335,1.4360466594376837e-12,3.5865094992259773e-34
2016-08-12,4.572521643819622e-12,0.9999999994633981,5.323519246469637e-10,1.6016999723201408e-32
2016-08-15,1.4932075833965425e-15,1.0,6.109777623870559e-24,2.4486196989972614e-64
2016-08-16,3.601788619255546e-14,1.0,8.765999469058148e-19,1.2386145700049354e-54
2016-08-17,1.5932528163907995e-13,1.0,1.857744096287017e-23,7.063777356554887e-65
2016-08-18,2.2334558004654493e-13,1.0,2.318892182509318e-20,5.413160755189411e-60
2016-08-19,1.41657853177744e-11,0.9999999999854481,4.959681246132355e-30,1.5204960657969174e-78
2016-08-22,1.4189058825775965e-11,0.9999999999854481,2.029222645708603e-16,2.3187562193246427e-47
2016-08-23,3.238873557301768e-11,0.9999999999672582,2.654728226418719e-16,5.922424588412203e-48
2016-08-24,1.0282624744615289e-09,0.9999999989713615,2.9166061036219966e-20,2.5470208446204073e-56
2016-08-25,3.425296492805701e-08,0.9999999657466111,8.206583891180459e-14,3.0013832578311957e-40
2016-08-26,2.031963962414484e-06,0.9999979680217347,1.410232496180275e-11,4.5703762435064684e-37
2016-08-29,6.472015457935103e-07,0.9999993525018276,2.9629985521513337e-10,1.7133962618067946e-34
2016-08-30,0.00011933336079166311,0.9998806666393589,8.219724315928043e-15,3.44868944411716e-43
2016-08-31,0.14595153457753826,0.8540484654220184,3.507754153796181e-21,2.641033229416987e-54
2016-09-01,0.39769904819303203,0.6023009518072346,8.548455567335825e-16,2.9562201312455614e-45
2016-09-02,0.9100567205061402,0.08994327949430504,3.2593714398498657e-15,1.4801280340972244e-41
2016-09-05,0.9233217100708678,0.07667828992901986,1.1084861095642535e-18,4.801925201047865e-52
2016-09-06,0.9592963569443934,0.04070364305534385,5.217197413059331e-16,2.9995064958954846e-42
2016-09-07,0.9933481824342703,0.006651817256227163,3.09070284998772e-10,6.109038972133363e-31
2016-09-08,0.9988342094707006,0.0011657905209351018,8.498439153051856e-12,3.1489888615488095e-33
2016-09-09,0.9995459735328,0.00045402646143867943,5.484804117971273e-12,1.2118401973866234e-35
2016-09-12,0.9994402834301992,0.000559715949832327,6.203979750704071e-10,1.4021946690624846e-32
2016-09-13,0.9999552652227106,4.4734775352727195e-05,1.4839935179257388e-12,8.601400184576019e-37
2016-09-14,0.9999997088098522,2.911901587833041e-07,5.641981742226046e-19,3.8911658895542e-47
2016-09-15,0.9999999962819857,3.7182324479350295e-09,2.3162330027859797e-13,4.396384997988833e-38
2016-09-16,0.99999999981992,1.714139689841036e-10,8.698089591584039e-12,1.4039896716118027e-31
2016-09-19,0.9999999999727152,2.7171600785534128e-11,9.27135581442623e-14,3.6251353603448696e-36
2016-09-20,0.9999999999763531,2.3400945135783954e-11,8.403330220482847e-17,4.973314866112964e-44
2016-09-21,0.9999999999563443,3.549865007383122e-11,8.59118909252321e-12,9.662776963369644e-34
2016-09-22,0.9999999978308551,2.3678823742836028e-11,2.1458871343189413e-09,3.4480316633222203e-29
2016-09-23,0.999999999992724,7.2625270090048635e-12,3.503999042003514e-19,1.1020525106808108e-47
2016-09-26,0.9999999999990905,1.2943852250691633e-12,3.463692910139491e-14,3.042508215153125e-38
2016-09-27,1.4264106548805323e-49,3.3156636726365736e-61,1.0,1.7264151443586565e-20
2016-09-28,1.149297325986279e-44,1.8509608637644263e-42,0.9999999999936335,6.780992073483106e-12
2016-09-29,1.532255675773226e-41,1.424861998270497e-39,0.999999999992724,7.619670643820532e-12
2016-09-30,8.026146172249407e-38,4.191470210211076e-34,0.9999999754127206,2.4587550235295314e-08
2016-10-03,2.7033542640561828e-42,7.83727664150209e-39,0.9999999991932782,8.068244098384189e-10
2016-10-04,3.935202292709643e-49,4.334554250058592e-46,0.9999999773708625,2.2629190468177336e-08
2016-10-05,1.8236256516538775e-32,1.5178230269370278e-28,0.9999999999972715,2.9382661270822644e-12
2016-10-06,8.38586248739277e-38,9.825668149374601e-36,0.9999999985175236,1.4828810833875575e-09
2016-10-07,9.383333012912064e-39,4.0381321546930683e-36,0.9999999999818101,1.838898711747505e-11
2016-10-10,9.980132113743855e-38,6.780586286910959e-35,0.9999999958808985,4.118973723229469e-09
2016-10-11,7.216568154345034e-39,5.5434062767292506e-36,0.9999999463343571,5.3665347143516934e-08
2016-10-12,5.383077621749653e-41,3.2565290865890256e-37,0.9999994647443213,5.352557018390668e-07
2016-10-13,8.922239491056021e-36,1.366857921257561e-32,0.9999999997835403,2.1646690476511617e-10
2016-10-14,4.457620741896872e-33,4.728795608090726e-30,0.9999999711599235,2.884050408287003e-08
2016-10-17,8.697567558934475e-44,7.200681351424203e-41,0.9999999923993528,7.600450170702242e-09
2016-10-18,4.122650541997481e-40,8.123702430289236e-37,0.9999998938046758,1.061951584500369e-07
2016-10-19,1.7302807665636726e-49,1.3464833821545058e-46,0.9999997993891357,2.0061059084762043e-07
2016-10-20,1.839573595404264e-38,4.882843880560599e-33,0.9999977463929027,2.253607047688933e-06
2016-10-21,5.164680462264395e-48,9.601883551844288e-42,0.9999770935896443,2.2906409966596655e-05
2016-10-24,6.145620390524292e-40,3.654092377329269e-36,0.9999999999763531,2.3476712642546334e-11
2016-10-25,6.698283612484047e-32,3.1691996894151424e-27,0.9999999999317879,6.839509703469875e-11
2016-10-26,2.3033340751520655e-37,7.1599054483194235e-34,0.99999999004649,9.953089363552709e-09
2016-10-27,7.279822715520371e-46,1.3487417847409931e-42,0.9999999991259756,8.739443362416687e-10
2016-10-28,3.5498459366193673e-43,1.5861006697295394e-39,0.99999998986641,1.0133150555423151e-08
2016-10-31,6.312822177709129e-44,1.5181004895009056e-39,0.9999993178837537,6.821162170205703e-07
2016-11-01,2.3452953698665186e-34,4.3765262106274634e-30,0.9999999517458502,4.825450962729457e-08
2016-11-02,2.653116468716007e-43,7.9841049921688e-39,0.9999999964966264,3.5035187633254395e-09
2016-11-03,2.4172484898313244e-46,1.4831608418852801e-41,0.9999999860492609,1.3950604772560917e-08
2016-11-04,1.8802980704128332e-41,2.193898315216109e-36,0.9999999995288817,4.710927865087085e-10
2016-11-07,1.954518631270762e-44,5.671142394021184e-40,0.9999999998926796,1.0776476645362316e-10
2016-11-08,2.520736224908494e-51,4.17971339810138e-46,1.0,1.6674234533453004e-13
2016-11-09,4.2959267383886766e-36,2.70433359931135e-31,1.0,3.2553933742374464e-14
2016-11-10,1.4279501716632358e-53,3.454179189679823e-49,1.0,2.8831401021026906e-14
2016-11-11,4.1839019406956406e-41,2.4946848291565554e-33,0.9999999995379767,4.618673673408028e-10
2016-11-14,1.4606332746874604e-38,1.9214392855032304e-31,0.9999999999718057,2.8164737233394885e-11
2016-11-15,4.0069809365689166e-51,1.8788532540971274e-44,1.0,6.656449309089969e-16
2016-11-16,2.3114847352173444e-43,1.222172497236754e-34,0.9999999999754436,2.4189529401387653e-11
2016-11-17,1.5347721534874898e-41,1.162793376118655e-32,0.9999999991732693,8.263849268672459e-10
2016-11-18,1.8848707541579334e-46,3.125949168712011e-37,0.9999998309513246,1.6904867905154362e-07
2016-11-21,4.912224873553964e-48,9.890133244408424e-38,0.9999997211871621,2.7881282273095726e-07
2016-11-22,1.8455688493776678e-60,2.764879942693986e-48,0.999999075869227,9.24130730206592e-07
2016-11-23,6.71545389884378e-63,1.1487860333343e-46,0.9999270017066504,7.299829289678573e-05
2016-11-24,7.051315546409345e-51,2.421596464052081e-34,0.999999893178034,1.0682232801072671e-07
2016-11-25,1.2403300750637532e-62,1.9319213315820053e-46,0.9999526988595437,4.7301139908451096e-05
2016-11-28,1.0798041004150609e-58,5.552222773581653e-43,0.9999947877503796,5.212249448574994e-06
2016-11-29,2.89968063701006e-53,1.728771324644397e-37,0.9999996199367882,3.800632862648179e-07
2016-11-30,9.217804778162635e-60,1.9354139251136887e-44,0.9999993228559579,6.771438620378365e-07
2016-12-01,1.5839432965467542e-45,3.698736859681177e-31,0.9999999999217835,7.784133817867009e-11
2016-12-02,1.801400486980445e-47,6.066393162781767e-32,0.9999999393257912,6.067485081818923e-08
2016-12-05,6.628704140674456e-46,7.986971753466421e-30,0.9999999998708518,1.2841090589834541e-10
2016-12-06,4.1024846700168686e-63,3.3477903208352653e-46,0.9999999960909918,3.909744689922709e-09
2016-12-07,3.0989432011535748e-55,2.700018349108116e-38,0.9999999994051905,5.952968061970274e-10
2016-12-08,1.6580877487708467e-47,3.184782822501581e-30,1.0,2.174148440349747e-13
2016-12-09,2.1394530469871175e-58,2.9070937359939735e-41,0.9999999946339813,5.365541655774606e-09
2016-12-12,7.911101946843287e-52,8.939413635687278e-33,1.0,5.348454688797551e-13
2016-12-13,1.126691597783795e-55,3.207543759685084e-36,0.9999999978699634,2.1306523419696535e-09
2016-12-14,2.0052701394221442e-59,5.079972156682876e-40,0.9999999997235136,2.7737904704552177e-10
2016-12-15,6.569993768727384e-60,4.078656248847915e-41,0.9999999999181455,8.273970866791247e-11
2016-12-16,3.785600376215679e-59,5.6562081503432e-35,0.999999995190592,4.8102100840418965e-09
2016-12-19,1.1211109624664722e-68,1.7886093328033953e-45,0.999999954845408,4.5155203015903346e-08
2016-12-20,2.005490112998704e-55,3.049279297137941e-31,0.9999999999872671,1.3385291185761019e-11
2016-12-21,8.08632290733933e-59,2.788613151525084e-35,0.9999999997162377,2.8451777768561736e-10
2016-12-22,6.202861567804062e-68,8.297568644503792e-45,0.9999999984920578,1.507584845345185e-09
2016-12-23,4.961046053262318e-58,4.925979107882909e-34,0.9999999998562998,1.439266003330887e-10
2016-12-26,7.795259397478726e-63,3.7121860022258756e-39,0.9999999823630789,1.7636457416641233e-08
2016-12-27,1.6307766216717867e-65,1.0225282644237182e-41,0.9999999997999112,2.008484488077669e-10
2016-12-28,1.9444434129303636e-55,5.159464941650568e-30,0.9999999999872671,1.3275091429713751e-11
2016-12-29,2.5891359189693834e-60,1.4646574496122068e-34,0.9999999850697351,1.493071325783948e-08
2016-12-30,1.8142372770348226e-61,8.847593981678612e-36,0.9999999988758645,1.1246366073684723e-09
2017-01-02,2.3905566402230618e-56,1.8645849964279144e-31,0.9999999963038135,3.69565089478898e-09
2017-01-03,3.3383384168965695e-62,1.944604741916695e-37,0.9999999787214622,2.1279193676967558e-08
2017-01-04,2.6183005280449578e-64,4.7405343586087494e-39,0.9999999845313142,1.5468427549452396e-08
2017-01-05,6.166736991406506e-71,4.1464208358913744e-44,0.9999999902593117,9.740642754474768e-09
2017-01-06,3.548655554963532e-72,2.7209097850424172e-45,0.9999998660660002,1.339346178743454e-07
2017-01-09,4.0576854718804154e-66,1.818142625883409e-39,0.9999998951752841,1.0482414141748424e-07
2017-01-10,5.238881774401104e-65,1.1098547388458194e-38,0.9999999251394939,7.48610284922369e-08
2017-01-11,3.3998929151004914e-61,4.244234996213376e-34,0.9999999734245651,2.6576235496075964e-08
2017-01-12,4.552500100821319e-64,7.94676421651127e-38,0.9999999997417035,2.5790912826500815e-10
2017-01-13,1.7644243205364307e-62,9.593043877027261e-36,0.9999999888059392,1.1194949603829665e-08
2017-01-16,2.8864397748270086e-60,8.426867020805672e-30,0.999999999990905,9.857308454654168e-12
2017-01-17,2.0698910579087972e-58,2.539669880189844e-28,0.9999999988722266,1.1282300307225045e-09
2017-01-18,8.338760551806486e-71,5.998702785880295e-40,0.9999999999763531,2.4037007093518577e-11
2017-01-19,5.985060044510445e-63,1.0851286339347269e-31,0.9999999992360245,7.632101010054206e-10
2017-01-20,8.620739811762698e-62,9.557961415196272e-26,1.0,3.1193933877347534e-24
2017-01-23,2.597774335443029e-34,0.9991484741715883,0.0008515258287722323,1.4663481885885896e-20
2017-01-24,1.1327950516866565e-28,0.9999996929091611,3.0709053318461047e-07,5.419863442634678e-31
2017-01-25,2.3174768695775645e-83,2.2179962549645685e-55,1.0,2.718193865769193e-16
2017-01-26,2.032912868416561e-67,4.931736858955785e-36,0.9999999989486241,1.050477148730433e-09
2017-01-27,1.0565326152269776e-64,4.6321652635834647e-35,0.9999999985793693,1.4214671464502867e-09
2017-01-30,7.09051519741833e-67,2.0578679487874117e-36,0.9999999994997779,4.993688307506639e-10
2017-01-31,3.90134697899151e-62,1.0253308200359244e-31,0.999999999990905,8.93050351143065e-12
2017-02-01,2.745563006831884e-70,5.2723190982611205e-40,0.9999999348583536,6.514183351956749e-08
2017-02-02,3.887799107206732e-69,1.8292240091441077e-39,0.9999982428814268,1.7571185754614424e-06
2017-02-03,2.3589601328917423e-62,2.9934740523304834e-32,0.999999675816123,3.2418350809745633e-07
2017-02-06,3.0647989908850174e-60,9.131833126622386e-30,0.9999999658084567,3.41908475099492e-08
2017-02-07,6.6499644195403875e-65,1.2675156130831899e-33,0.9999986602970118,1.3397030336149505e-06
2017-02-08,3.384495426415116e-76,1.9807004785450211e-44,0.9999987054715541,1.294529230392977e-06
2017-02-09,3.916985545614765e-77,1.8473568204798903e-45,0.9999998676448828,1.32354661573156e-07
2017-02-10,2.63591900564646e-75,1.0034597629048634e-43,0.9999995787912644,4.212086436749855e-07
2017-02-13,1.9095681274267195e-72,8.63559438863351e-40,0.9999995954277346,4.045715775292782e-07
2017-02-14,1.0249806667903689e-70,7.357897772190541e-40,0.9999999999836291,1.7233430875116738e-11
2017-02-15,4.7186721752808784e-61,1.1294350001371668e-29,0.999999999996362,4.191500470974282e-12
2017-02-16,8.618120628894584e-65,1.4452121159440023e-33,0.9999999947685865,5.231175560023274e-09
2017-02-17,2.8198593412147156e-70,1.5664349145043026e-38,0.9999999975116225,2.4882334062700138e-09
2017-02-20,1.3588927793089028e-66,9.586264255102434e-37,1.0,3.102933881732742e-16
2017-02-21,7.2244009405707576e-65,1.2743344341477984e-36,0.9999999999508873,4.840460578662706e-11
2017-02-22,3.854726862798546e-62,1.660287596399969e-33,1.0,2.1307705127297553e-14
2017-02-23,2.2273020935928357e-60,1.3951671162680635e-30,0.9999999998617568,1.388822734043311e-10
2017-02-24,6.584249256015029e-72,2.5244801827924333e-42,0.999999999990905,9.108845044625606e-12
2017-02-27,9.646105783940777e-60,2.1204793956644478e-32,0.9999999385363499,6.146439767422148e-08
2017-02-28,3.0606940517091966e-72,4.525892753202787e-45,0.9999999833980838,1.6601890340631295e-08
2017-03-01,1.450993212138082e-70,7.703107068431878e-43,0.999997799007054,2.200992069981437e-06
2017-03-02,1.756287662744742e-58,6.1488750142040145e-30,0.9999999979881977,2.012205122945167e-09
2017-03-03,9.84113393969209e-69,9.50335985504254e-43,0.9999999722876968,2.7712108432493767e-08
2017-03-06,1.4475120115886926e-63,4.632920470968156e-38,1.0,2.4596475660284884e-16
2017-03-07,5.236620791328864e-58,3.878599260033488e-32,1.0,2.43293086859958e-14
2017-03-08,1.4228113977383848e-61,1.1832366400511616e-35,1.0,3.499381352328612e-15
2017-03-09,5.923222848830957e-67,7.978879689854035e-41,1.0,5.457695208531557e-16
2017-03-10,3.1791810219580416e-64,4.723430595430426e-40,1.0,2.0604768677046126e-22
2017-03-13,8.218306164555515e-67,2.8932503156757844e-42,1.0,2.798210646661477e-19
2017-03-14,6.555201522473976e-60,7.297855761044452e-35,1.0,6.046589008452675e-18
2017-03-15,3.540229250896039e-64,8.368233645820106e-40,1.0,2.66943558314804e-16
2017-03-16,3.865851676042818e-55,7.845798322003764e-30,1.0,5.949970375507182e-19
2017-03-17,2.4246655761998807e-54,5.564782198813079e-29,1.0,2.7108545863175284e-19
2017-03-20,2.013973043169934e-66,1.8903363573821267e-42,1.0,2.0670851326790721e-16
2017-03-21,1.273554737959418e-64,5.589492511769102e-40,1.0,4.3268013983278944e-14
2017-03-22,3.875062694141329e-68,2.3959101568019735e-43,1.0,4.272032395219303e-14
2017-03-23,1.2645047023277022e-66,1.725857199076197e-41,1.0,5.638384397228653e-13
2017-03-24,4.143527857973902e-66,8.764728845352291e-41,1.0,5.516880023825283e-16
2017-03-27,1.0333772813493827e-59,3.843189264099426e-33,1.0,5.488612811448782e-15
2017-03-28,5.554926337539422e-66,2.2773670924316434e-40,1.0,1.3823351983649625e-13
2017-03-29,1.8311060047301624e-62,2.1441765153704057e-36,1.0,1.914106726975589e-15
2017-03-30,6.264213403685012e-60,3.027258468966225e-34,1.0,2.309489651750996e-13
2017-03-31,8.843238985464389e-58,4.428651436416813e-31,1.0,1.425642197096967e-15
2017-04-03,2.8057360242875094e-67,8.216106227314418e-41,1.0,1.1593056612401483e-14
2017-04-04,4.160449476185173e-70,4.970750233419115e-43,1.0,5.0670711929082375e-14
2017-04-05,6.4936065056801375e-59,4.556947591081312e-31,1.0,5.375288997004082e-15
2017-04-06,5.253400843705792e-68,4.847055507126321e-40,1.0,1.2073973596397263e-16
2017-04-07,7.754059316449468e-65,1.6547745622293422e-35,1.0,4.272136168523688e-14
2017-04-10,1.0172353414813409e-66,6.829597900660967e-36,1.0,5.389540867961441e-13
2017-04-11,1.3954797673170325e-116,2.574226533463912e-86,1.0,4.4354692723150176e-14
2017-04-12,7.962426056638135e-115,1.3303187004241756e-85,0.999999999996362,3.0608505289041646e-12
2017-04-13,3.846740903005544e-117,5.214020908793317e-88,0.9999999999836291,1.7141399760247398e-11
2017-04-14,2.743747110909097e-106,1.6084677140119965e-78,0.9999999997853593,2.153863783419313e-10
2017-04-17,1.1790913444088672e-105,1.6331324208902004e-77,0.9999999999545253,4.6358576422881594e-11
2017-04-18,2.098888628658757e-100,2.21014529333126e-70,0.9999999999799911,1.9695648787834774e-11
2017-04-19,4.698803995687026e-102,8.169547217872609e-72,0.999999999990905,9.630764815201058e-12
2017-04-20,1.4299942075960214e-96,8.581746313078975e-67,0.9999999999708962,2.8849134849500398e-11
2017-04-21,2.3339296706549907e-97,2.6371184356553833e-65,0.999999999998181,1.1005538234206632e-12
2017-04-24,1.2215274409855845e-102,5.233898135551492e-71,1.0,1.2867013393958532e-14
2017-04-25,3.658864989834916e-122,6.963781834880073e-91,1.0,1.2340963347190658e-13
2017-04-26,1.8482550001382744e-112,2.3391618591698337e-80,1.0,1.343475868098336e-13
2017-04-27,2.9901904866018777e-106,2.412663679708322e-74,1.0,8.434422420609672e-13
2017-04-28,1.1595170821588705e-106,1.0488032683528446e-74,1.0,6.213919815766173e-13
2017-05-01,1.0153461067085238e-118,7.744512468806664e-87,0.999999999994543,5.259057247444415e-12
2017-05-02,1.5706009624157491e-108,3.7167513519691353e-76,0.999999999998181,1.7619353196248994e-12
2017-05-03,8.988941767610338e-114,1.226296174844901e-81,0.999999999998181,1.8498418671284382e-12
2017-05-04,9.313928407127419e-114,1.5709169167880517e-81,1.0,2.9302921314937673e-13
2017-05-05,9.88885421194747e-103,1.1099805786260133e-69,1.0,3.245950030030121e-14
2017-05-08,3.1281916572053458e-114,6.3513123827228285e-80,1.0,1.8350939811425044e-14
2017-05-09,8.874344169768171e-114,2.2001552376323047e-76,0.999999999998181,1.2355304611267018e-12
2017-05-10,2.1754568696725674e-112,3.5953700287335047e-75,1.0,6.182120737774434e-13
2017-05-11,1.0075757932266613e-112,2.704860933197741e-75,1.0,1.78779482579896e-13
2017-05-12,1.7665576976933425e-123,1.1215971654008093e-85,0.999999999998181,9.585554224477725e-13
2017-05-15,8.781409860682466e-117,3.543812594438358e-75,0.9999999999872671,1.3010629227342484e-11
2017-05-16,1.0009504097516611e-124,4.620619539759304e-82,0.999999999996362,4.163849779024199e-12
2017-05-17,1.0842629535918708e-115,5.473945691370739e-74,0.9999999999799911,1.9851190658646382e-11
2017-05-18,1.7518345626238982e-130,1.5462783569179008e-88,0.999999999992724,6.6357697617917496e-12
2017-05-19,1.5041698099442111e-111,5.097373891530402e-69,0.999999999998181,1.640269628117954e-12
2017-05-22,2.2716303636112222e-114,9.005765747515491e-71,0.999999999998181,2.1752353002232338e-12
2017-05-23,1.5077473071267926e-123,2.7766857435488936e-80,0.999999999994543,5.278288966923656e-12
2017-05-24,2.388767911474234e-126,5.234281618878059e-83,0.999999999992724,7.36424539547719e-12
2017-05-25,2.7591895819832406e-125,1.1191574548985402e-80,0.9999999999745341,2.4723324322348927e-11
2017-05-26,3.136036870287974e-120,3.525364669839254e-72,0.9999999999581632,4.108321552843875e-11
2017-05-29,3.9240500170560507e-123,8.480623086247143e-73,0.999999940904674,5.909597373813552e-08
2017-05-30,1.7095640404829816e-121,1.2618854974506922e-71,0.9999998844614377,1.1553899663558957e-07
2017-05-31,7.236452318411118e-117,6.810645913168783e-67,0.9999991546304889,8.453690107339662e-07
2017-06-01,2.4970870033836177e-128,3.8424245915077576e-79,0.9999998472812993,1.5271818191281713e-07
2017-06-02,1.261827845035656e-125,1.5817984207200197e-73,0.9999991996431637,8.003559933859527e-07
2017-06-05,1.0340888359267997e-132,8.988741867156483e-80,0.9999988696205968,1.1303800495461537e-06
2017-06-06,8.663367848299475e-127,1.7609022697048835e-74,0.9999958546736224,4.14532552572722e-06
2017-06-07,2.2201096530918028e-131,2.455591210772027e-78,0.9999986617230976,1.3382765240817788e-06
2017-06-08,4.860324907277553e-125,4.787373157160243e-71,0.9999986509856176,1.3490137387978381e-06
2017-06-09,8.479872125601706e-148,2.571036583311319e-94,0.9999975973725427,2.4026267743574013e-06
2017-06-12,1.0848521794023207e-139,1.4413708418346314e-86,0.9999998528837858,1.4711571220594727e-07
2017-06-13,6.111050494064216e-137,1.2453805632193906e-83,0.9999999539431893,4.605623035324791e-08
2017-06-14,3.299915704966389e-123,2.9703545069409145e-69,0.9999998891798957,1.1082087511673258e-07
2017-06-15,3.442588625276379e-132,1.0963162532709663e-78,0.9999997999202805,2.0007943098276587e-07
2017-06-16,1.2192126049047001e-135,1.9873509650515305e-82,0.9999990460933079,9.539059845080933e-07
2017-06-19,7.47472429190162e-135,2.4923480975166965e-81,0.9999976119862686,2.3880143860166287e-06
2017-06-20,5.895460300441176e-135,2.4043611023785157e-80,0.9999997081359168,2.9186403619174353e-07
2017-06-21,4.101702818896929e-125,2.1326858066824256e-70,0.9999996326242346,3.6737652215354657e-07
2017-06-22,2.862713057795737e-121,6.951196006491832e-67,0.9999998523089852,1.4769019301205366e-07
2017-06-23,1.7364606388247438e-124,1.324416430207746e-69,0.9999999933879735,6.612102368357541e-09
2017-06-26,5.0295101612976915e-126,1.0160337642696475e-69,0.9999999985357135,1.4648610158419753e-09
2017-06-27,2.451507718675422e-143,5.556587222400456e-88,0.9999999986066541,1.3932197030029816e-09
2017-06-28,5.4477568321054555e-140,1.4752152345078572e-84,0.9999999942247086,5.774875599371503e-09
2017-06-29,4.037525940754291e-132,2.108513498936298e-76,0.9999999963074515,3.6928375606313193e-09
2017-06-30,2.9556052140721724e-131,2.449509719983328e-74,0.9999999602841861,3.971606879436217e-08
2017-07-03,7.784991888109976e-144,3.0193480263998937e-87,0.9999999881638361,1.183562510077716e-08
2017-07-04,1.3278102107640373e-130,1.002372894983801e-73,0.9999999269639401,7.303575396760103e-08
2017-07-05,1.1894297391154116e-144,4.077739562845038e-88,0.9999998732983011,1.2670131702563688e-07
2017-07-06,1.2424340570261552e-141,4.0617178977113063e-85,0.9999997727136619,2.272861086681584e-07
2017-07-07,2.2631035658612835e-141,6.416358960966651e-84,0.9999999752271836,2.477281583773534e-08
2017-07-10,8.452808175221744e-128,2.3071398129912314e-70,0.9999999992487574,7.511765652669013e-10
2017-07-11,2.4405831107223037e-130,4.635000997623151e-72,0.9999999924675649,7.532124880832413e-09
2017-07-12,1.776159338880417e-135,1.7062330305382773e-77,0.9999999529263743,4.7072980856427086e-08
2017-07-13,1.1246484668017399e-113,1.8862766374228156e-51,1.0,4.596412782064752e-14
2017-07-14,9.487526597214335e-93,4.4966079626442004e-30,0.999999999992724,6.4516022824251215e-12
2017-07-17,5.719904283317614e-102,2.0997184427376214e-39,0.999999985087925,1.491267058834063e-08
2017-07-18,6.586074492108012e-95,4.0821751115099577e-29,0.9999999999727152,2.7779848692797338e-11
2017-07-19,4.065815129781268e-105,1.0125046796839187e-39,0.9999997257091685,2.7429092970055743e-07
2017-07-20,2.2245685216162582e-101,4.0684832159129094e-39,1.0,1.1347946418329775e-19
2017-07-21,1.2499805435461583e-57,0.9976390314147824,0.0023609685858166887,1.5577131873825512e-20
2017-07-24,5.221564883872469e-48,0.9999726644135115,2.7335585894486073e-05,1.3670533157772186e-20
2017-07-25,4.571231151735411e-52,1.0,6.277477277388558e-15,8.438961815355385e-38
2017-07-26,2.776390575945878e-51,0.9999999999818101,1.9033006980698324e-11,1.689906851676283e-33
2017-07-27,1.887833802829459e-49,0.999999999492502,5.070814709464279e-10,4.594657801986999e-29
2017-07-28,7.623325194505444e-50,0.9999999970677891,2.9319410924178785e-09,6.019262051210244e-27
2017-07-31,5.265974534129549e-46,1.0,4.8125755323163735e-32,3.776692022162881e-80
2017-08-01,3.2159840940610495e-34,1.0,2.6816381525930905e-23,4.689821865570644e-64
2017-08-02,8.658047262031522e-34,1.0,2.0703163573049156e-19,1.9752431884382873e-53
2017-08-03,1.554785286099076e-33,1.0,1.8737212151324251e-22,2.5733493086286044e-64
2017-08-04,6.333665999174037e-30,1.0,8.337628695343511e-26,1.2965722781533538e-74
2017-08-07,4.893668471405654e-25,1.0,2.993395242514287e-27,2.983423310478025e-89
2017-08-08,8.686960241201448e-22,1.0,9.500025458862669e-16,2.0268650796751025e-66
2017-08-09,8.749784380285846e-24,1.0,1.9191679788456906e-28,4.5181909642349e-85
2017-08-10,1.7739603112518244e-23,1.0,9.792605352352487e-29,3.4734737232552616e-79
2017-08-11,1.5713111625721887e-21,1.0,3.4315665010923752e-15,1.2891010333049977e-55
2017-08-14,5.322864806395048e-18,0.9999999999872671,1.3473047587100399e-11,1.988051031390175e-49
2017-08-15,1.2250687798649021e-17,0.999999999990905,9.952648093929141e-12,2.3935863121463975e-47
2017-08-16,1.5814611248197735e-18,0.999999999992724,6.628769897354085e-12,1.1955409613623912e-50
2017-08-17,8.21528657330614e-21,1.0,4.1858153219354465e-14,1.1701403952238049e-57
2017-08-18,1.0516921183341717e-18,0.9999999979936547,2.0056209158188865e-09,3.2280592211418775e-45
2017-08-21,6.372138673485998e-18,0.999999999998181,9.550021488248242e-13,5.357108296010045e-56
2017-08-22,2.445511878600007e-16,1.0,6.862973993161087e-20,2.4440823370858868e-77
2017-08-23,2.1214686570424771e-16,1.0,7.554343986152317e-14,3.931004809894041e-62
2017-08-24,4.738665934811803e-18,1.0,3.512989542042259e-23,1.3459997135138316e-84
2017-08-25,4.0588637656957386e-18,1.0,2.6929617315083904e-15,1.00367711537387e-73
2017-08-28,1.4936171087847085e-18,1.0,6.360660231206665e-16,5.8235239365506485e-77
2017-08-29,7.222719533781522e-17,1.0,5.214744171063128e-33,6.793049850429463e-104
2017-08-30,4.579479628708511e-17,1.0,3.28281311258253e-31,1.530646594346713e-97
2017-08-31,5.2511448588059195e-14,1.0,2.4454186199933963e-21,8.016282147812949e-74
2017-09-01,7.082020335009037e-12,0.999999999992724,1.0357187024219992e-19,9.955409145504856e-68
2017-09-04,3.809554044719135e-16,1.0,6.155195923606209e-29,1.4308775732951405e-91
2017-09-05,6.3187150168340135e-12,0.999999999994543,3.706428219315622e-17,1.5154394875489198e-62
2017-09-06,4.863463753246552e-12,0.999999999994543,1.033231809196163e-16,2.625616417433252e-65
2017-09-07,2.9038119808116226e-11,0.9999999999181455,5.192874543953887e-11,1.692574576173747e-48
2017-09-08,2.5693239391659174e-13,1.0,2.363327250711668e-16,4.7666835370224735e-65
2017-09-11,1.1967759908701445e-13,1.0,1.2153934697412524e-19,1.673848022670068e-68
2017-09-12,7.332761001524264e-15,0.9999999998108251,1.8890874990801543e-10,1.243555875662473e-54
2017-09-13,1.057235790719695e-15,1.0,7.162920117444359e-19,6.1490666794432145e-78
2017-09-14,3.5383725436177874e-15,0.9999999999890861,1.1349601804159172e-11,1.2801065345033301e-58
2017-09-15,4.66617337296038e-16,0.9999999999890861,1.1561493580992113e-11,1.4285904263267301e-61
2017-09-18,5.524416463938797e-15,1.0,2.2625231120559167e-16,3.9283383504933114e-69
2017-09-19,4.85753520086996e-17,1.0,1.4294685142588415e-15,3.108854046937197e-71
2017-09-20,2.3404214629902335e-13,1.0,2.2627682231150002e-17,6.35149037928087e-70
2017-09-21,1.4204673879285315e-12,0.999999999998181,7.428288514926092e-18,2.0841156049989352e-69
2017-09-22,1.0144249679308732e-11,0.9999999999890861,8.799009162428923e-15,1.006994083940132e-62
2017-09-25,3.082095657237883e-11,0.9999999999690772,9.233640498431319e-17,4.7008334196407853e-63
2017-09-26,4.444294632947669e-12,0.999999999992724,2.069460418076072e-12,6.870101442604082e-62
2017-09-27,1.9308175746508634e-12,0.9999999939627742,6.0359602606034405e-09,5.2832749394512105e-52
2017-09-28,7.319561553562967e-15,1.0,1.6252784946745708e-14,2.4719328476829033e-68
2017-09-29,6.923811097994218e-15,1.0,1.369826801898358e-18,1.4690054318728526e-80
2017-10-02,2.8112688663506267e-15,1.0,3.119136195677123e-18,9.04757362027504e-83
2017-10-03,6.953921652819506e-15,0.9999999995325197,4.673577724085828e-10,1.4488524407200615e-59
2017-10-04,6.153873607612258e-15,0.999999999832653,1.6680394812587994e-10,4.149749921603117e-62
2017-10-05,1.1966652060791213e-16,0.9999999999708962,2.8740180329951925e-11,4.640143770755399e-66
2017-10-06,8.879521858852437e-18,1.0,2.441669844554129e-13,8.815243426471812e-71
2017-10-09,2.2054779179375305e-20,1.0,3.206779815661516e-16,1.5584560481026216e-81
2017-10-10,2.631373896467326e-19,1.0,2.049907506906486e-16,1.1533360634798896e-80
2017-10-11,1.180330198852085e-17,0.999999999992724,6.636172955139855e-12,1.4572550810615055e-70
2017-10-12,8.132191526948579e-20,1.0,1.4635206379803373e-15,6.95337745641465e-82
2017-10-13,6.312534722027147e-18,1.0,1.9733584894904057e-18,4.524164050751486e-86
2017-10-16,2.8196103129528635e-17,0.9999999999727152,2.6590550245602758e-11,7.726855883353783e-71
2017-10-17,6.068613459440016e-19,1.0,6.324117965689606e-13,1.1987591223998914e-73
2017-10-18,5.239159185846908e-20,1.0,2.520115639430854e-21,1.0438663920525756e-98
2017-10-19,4.2171867030021927e-19,0.9999999999508873,4.8627073316819146e-11,3.8723834913747215e-73
2017-10-20,2.564604217815749e-20,0.9999999868632586,1.3136958801334034e-08,1.6646951882104104e-68
2017-10-23,1.4514245276415526e-21,1.0,2.0836898588366245e-14,3.783812387644489e-83
2017-10-24,1.838259735578808e-23,1.0,2.3696444271933005e-16,8.254988127087899e-90
2017-10-25,7.640883921607227e-24,1.0,2.53125991565473e-18,1.1091914931628848e-100
2017-10-26,2.3530007286008335e-26,1.0,1.6755996670966603e-21,6.9620573869106e-111
2017-10-27,8.12470565837e-27,1.0,5.903684728566838e-16,3.648525468076853e-98
2017-10-30,2.2915962134220945e-24,1.0,6.384974199125484e-16,4.349533775374312e-95
2017-10-31,7.352048096784866e-25,0.999999999994543,6.1726361105009274e-12,2.856796049960016e-86
2017-11-01,6.523918807824881e-25,1.0,3.713438119089354e-15,5.9213880533387135e-96
2017-11-02,1.233259298217627e-25,1.0,1.5435810687450657e-13,7.508022119915403e-92
2017-11-03,1.426456676746921e-22,1.0,1.84663827456795e-17,1.2473256609252449e-96
2017-11-06,2.1429510577265344e-26,1.0,1.2252566097581269e-20,4.554271626812574e-113
2017-11-07,1.1644724606188784e-26,1.0,1.2823837193645019e-18,3.4031016680335996e-109
2017-11-08,1.814148247401797e-30,1.0,1.8083845672005261e-29,1.7636890091413546e-138
2017-11-09,9.433979784957905e-31,1.0,1.573699371090301e-23,2.3539729899461838e-125
2017-11-10,9.553124889933767e-30,1.0,1.2679007661665662e-21,2.743271308262935e-121
2017-11-13,1.2591357034975392e-29,1.0,6.601127093120163e-17,9.286994676341287e-113
2017-11-14,9.939972357498577e-29,1.0,3.941401035800669e-17,5.0168246235691505e-105
2017-11-15,1.7007874673059568e-28,0.999999998790372,1.2087559572337178e-09,1.49525601769749e-86
2017-11-16,2.8100239028244654e-28,0.9999999999672582,3.3250332233755243e-11,4.6908373907926266e-86
2017-11-17,2.7705245078952045e-28,1.0,1.4301318168548083e-17,2.135791335153391e-104
2017-11-20,1.163090834473278e-27,1.0,3.8994882668206344e-14,1.7096713328245352e-90
2017-11-21,1.6443143423159367e-24,1.0,4.474670861400436e-16,3.9261384552643576e-92
2017-11-22,3.0396930097783558e-24,0.9999999999254214,7.502507453215229e-11,2.3270360280471215e-82
2017-11-23,2.772731864573484e-24,0.999999999998181,9.67196518036521e-13,7.420059608684542e-88
2017-11-24,3.3390672763965994e-21,1.0,3.144679415212474e-23,1.4629443062132954e-101
2017-11-27,4.511379333891916e-19,1.0,1.5270043728422393e-19,8.074648973173223e-90
2017-11-28,5.480583886947584e-20,1.0,2.0044014827084025e-17,5.820245027432751e-90
2017-11-29,5.205414917838684e-19,1.0,1.2457415460668405e-14,2.2131482207189734e-81
2017-11-30,1.3628551950365817e-18,1.0,2.367070817203103e-16,8.122057403330228e-86
2017-12-01,1.798416668758113e-19,0.9999999948886398,5.111798429369109e-09,3.89066075172714e-71
2017-12-04,5.810132538808757e-20,0.9999997591440041,2.408562244398622e-07,3.778558057420089e-65
2017-12-05,4.140192887125503e-20,0.9999999947085598,5.291663033132656e-09,6.6820680038617425e-68
2017-12-06,8.345316897280747e-18,0.9999999999818101,1.7858753879621405e-11,4.325986433935479e-69
2017-12-07,1.6892455817298008e-18,0.9999999928968464,7.1033511781289e-09,2.1247852518565357e-64
2017-12-08,1.5507117272319e-19,0.999999999996362,3.2427862721275124e-12,1.787713514498327e-71
2017-12-11,1.9638183175575748e-19,1.0,3.6534213637535645e-14,1.1202115624569846e-77
2017-12-12,5.953400672058188e-19,0.999999999998181,1.6100358132736185e-12,3.088379350999928e-71
2017-12-13,2.6721043847585127e-20,1.0,1.1655624647431228e-37,2.1766839776797235e-141
2017-12-14,6.107929182643689e-16,1.0,5.178370768817319e-25,8.063651384248313e-101
2017-12-15,7.813907816189504e-16,0.9999999997908162,2.0900985370809348e-10,1.4039020598134348e-66
2017-12-18,5.384994061493948e-18,1.0,4.440088362905619e-24,7.962867606035115e-100
2017-12-19,4.9018962349982035e-21,1.0,1.0550605581852632e-17,3.669772548427607e-87
2017-12-20,1.70586682430351e-22,1.0,4.8150553418830124e-17,4.5576611526932255e-92
2017-12-21,1.0354018574968943e-24,1.0,1.028360454557032e-18,6.83875980468734e-98
2017-12-22,1.880109872015905e-121,3.0516662930563598e-96,1.0,2.0396466997651802e-76
2017-12-25,5.677103695864087e-88,1.4468807490479745e-61,1.0,5.376607274448928e-63
2017-12-26,3.780411887450846e-91,4.532034747117555e-65,1.0,8.98220250452784e-61
2017-12-27,4.148214352442543e-104,8.699998730377297e-78,1.0,1.9962942874528174e-60
2017-12-28,1.065298059355752e-111,3.4997070353171747e-85,1.0,2.1914128514411396e-55
2017-12-29,1.310052687487901e-100,6.478276824417332e-75,1.0,3.830506963692164e-52
2018-01-01,1.860900548884023e-91,5.312197395016212e-66,1.0,7.60596317315202e-51
2018-01-02,2.302691632422619e-103,1.1350659848454369e-78,1.0,1.1030100320514666e-49
2018-01-03,2.6716818576480592e-92,9.73873692871806e-67,1.0,5.590594707185439e-50
2018-01-04,1.8338398218317655e-94,2.2343321588706838e-69,1.0,4.213507177300245e-48
2018-01-05,4.3587056899742875e-93,6.699624439876433e-67,1.0,3.702585723086397e-52
2018-01-08,4.66866077617523e-105,2.2794597169165216e-79,1.0,1.6297648953521478e-51
2018-01-09,7.4630964960134e-99,1.5393063605802435e-73,1.0,4.491432786690643e-50
2018-01-10,4.3387373237821027e-107,1.2399553429202692e-81,1.0,4.531329227769343e-51
2018-01-11,1.061253144237071e-105,1.2236052448502243e-79,1.0,6.553161579817817e-52
2018-01-12,1.2326245041638878e-110,2.0664399404007704e-84,1.0,7.993333930699795e-51
2018-01-15,1.8069064003301334e-110,1.479933517478963e-84,1.0,3.289348064034528e-47
2018-01-16,1.5196761562961568e-109,8.652844382975351e-83,1.0,1.7855371474986566e-45
2018-01-17,3.4786002567629478e-102,3.645483591781297e-74,1.0,3.625996623071421e-44
2018-01-18,1.3136437601535223e-108,5.461895146517393e-78,1.0,7.396920442710458e-43
2018-01-19,1.358682581371212e-113,2.9606736115971508e-83,1.0,2.66672885936432e-41
2018-01-22,1.0637766497311392e-100,2.963081254621068e-69,1.0,9.625432902905412e-43
2018-01-23,1.5700003760780797e-107,1.869092045134681e-76,1.0,5.5769401213241016e-42
2018-01-24,6.944117357649641e-99,7.619687722019138e-67,1.0,1.0031396439777496e-40
2018-01-25,2.1534470826795245e-75,6.202001771481357e-42,1.0,2.222831246911795e-46
2018-01-26,7.476675374445386e-80,4.415232384333805e-47,1.0,1.9157103082394313e-43
2018-01-29,1.5134884781479826e-66,7.465884884350189e-33,1.0,4.4471972587200233e-42
2018-01-30,6.604711339698772e-60,1.5510910633523182e-29,1.0,1.3700785162236047e-40
2018-01-31,8.939075242673412e-64,1.8047320972524685e-33,1.0,5.856463887043645e-41
2018-02-01,1.4316589026092746e-65,3.6190490673628144e-35,1.0,7.460633343276136e-42
2018-02-02,1.197519822704063e-67,1.4122826490689096e-37,1.0,4.64161318157308e-40
2018-02-05,2.4969813973756543e-67,2.2531065733319326e-37,1.0,2.3346508742554613e-39
2018-02-06,4.190610117010675e-63,8.03033683860053e-32,1.0,4.908322500957715e-43
2018-02-07,8.362492729544327e-66,1.6672057819799952e-35,1.0,3.3263993949783077e-43
2018-02-08,9.723363584027297e-74,2.286479885989137e-43,1.0,2.5606422159040894e-40
2018-02-09,2.77552020831494e-75,1.3080116996673199e-45,1.0,7.230381735762732e-39
2018-02-12,2.1329562623870344e-74,2.566334123217164e-44,1.0,5.888788273784942e-39
2018-02-13,2.072208609489851e-72,7.258406215172482e-42,1.0,1.6607149078037185e-38
2018-02-14,2.806676144346518e-69,1.6736587772482672e-39,1.0,9.559617844177556e-38
2018-02-15,2.326981694241068e-60,1.0079006064215817e-30,1.0,1.4761113180000217e-37
2018-02-16,2.5868950171147573e-74,8.372919598337178e-43,1.0,5.057134063966839e-34
2018-02-19,2.9699123613318026e-73,5.628114181109437e-40,1.0,7.421067888071297e-36
2018-02-20,9.888752495976959e-69,2.483365132005623e-40,1.0,2.085254107621342e-31
2018-02-21,1.6947281882001098e-64,3.133001537879599e-35,1.0,3.1257447981224675e-31
2018-02-22,8.237247359131333e-64,2.6573575502106824e-34,1.0,2.3975179431645877e-30
2018-02-23,2.7018516153561788e-64,2.181890013643736e-35,1.0,6.2259941294681694e-30
2018-02-26,5.100177026503911e-54,2.6679257256680293e-27,1.0,2.041688154456546e-28
2018-02-27,5.052033946350239e-56,8.446055166088045e-29,1.0,1.5522842462356845e-25
2018-02-28,1.8499541209558502e-60,1.5747526055289406e-31,1.0,4.1924326693754733e-26
2018-03-01,1.3861641754337965e-60,1.798973261555795e-31,1.0,2.738510064096919e-26
2018-03-02,4.421287871391078e-70,3.616696109640471e-41,1.0,2.894788115152756e-23
2018-03-05,2.544979625605449e-67,1.7255556390253406e-37,1.0,9.149477776805808e-23
2018-03-06,4.004004509312802e-65,1.3356847473784016e-37,1.0,8.40950264151857e-28
2018-03-07,3.7111068516494425e-62,3.238731706911314e-33,1.0,1.2331475439266737e-23
2018-03-08,4.550380810215995e-79,3.402605757887281e-43,1.0,5.5106096585609235e-27
2018-03-09,2.032677288435362e-76,7.987829832412707e-41,1.0,1.2484687051717431e-28
2018-03-12,1.0918042763379806e-82,3.283989259141862e-41,1.0,1.0349319955562837e-26
2018-03-13,1.9174923054581236e-71,4.8359439581450716e-32,1.0,2.975620000614242e-31
2018-03-14,1.2140051915117643e-76,1.6947354398733978e-32,1.0,2.1211600146748873e-23
2018-03-15,7.108406692807194e-95,1.7783105859176153e-46,1.0,5.485284727255165e-24
2018-03-16,1.1040494582024181e-82,4.842105413675652e-35,1.0,1.2094000975796127e-27
2018-03-19,2.36075225382776e-86,1.2615937569729609e-38,1.0,3.208139082713544e-25
2018-03-20,4.71764235629684e-81,1.786047911789329e-32,1.0,4.97061835790094e-25
2018-03-21,3.251183399491688e-96,1.8253268594189769e-47,1.0,1.264542339377892e-25
2018-03-22,7.17277729186623e-91,1.1628595193110128e-43,1.0,2.229035593304754e-25
2018-03-23,8.041132978133338e-83,2.950786787950578e-35,1.0,3.2967011555125284e-24
2018-03-26,3.406309184161738e-82,3.0490898017944035e-35,1.0,4.046589093667668e-23
2018-03-27,3.667766630601992e-78,4.934315547814552e-31,1.0,4.6415383541255406e-24
2018-03-28,4.315363133859675e-81,3.2518349366027264e-34,1.0,5.182583583552351e-26
2018-03-29,3.1978897808516123e-77,5.888056803848622e-29,1.0,7.7181276546228715e-25
2018-03-30,8.515299217896723e-90,2.3351551148928463e-41,1.0,1.8303457058045757e-22
2018-04-02,6.653247450864353e-85,2.701417985304294e-38,1.0,1.5711231782105669e-21
2018-04-03,3.914956318906766e-75,3.3185686474902623e-28,1.0,3.1965671260738426e-25
2018-04-04,3.809907813581487e-91,1.2532181736399288e-44,1.0,2.9872808434977164e-25
2018-04-05,9.61726686587885e-77,3.2770601726312045e-31,1.0,1.9460439394942187e-23
2018-04-06,1.7396598511211142e-91,5.74906510204418e-46,1.0,5.331002036969302e-23
2018-04-09,1.6288451290344788e-82,1.6246535201848522e-36,1.0,1.9582773772981061e-22
2018-04-10,2.0011193714196378e-88,5.006742429856036e-44,1.0,2.5566307323371723e-20
2018-04-11,7.067417161910405e-80,9.355657915128953e-35,1.0,3.2713359199249498e-22
2018-04-12,2.089444833160272e-78,3.763306279158071e-32,1.0,2.4238459202691098e-22
2018-04-13,9.524176981279202e-94,2.1424872462145694e-47,1.0,2.7660745379039035e-23
2018-04-16,4.927503521568748e-89,2.6829982576269657e-43,1.0,1.566090304947859e-22
2018-04-17,5.907346794002506e-84,1.466499378572501e-38,1.0,8.31177922157237e-26
2018-04-18,4.8486823923155984e-80,1.246248285167851e-37,1.0,1.1129349937947214e-23
2018-04-19,3.732982463875353e-77,7.243999477242436e-35,1.0,3.105655385975033e-26
2018-04-20,4.89800733914171e-69,2.245649307161674e-26,1.0,5.971279954711633e-24
2018-04-23,5.984225856093063e-57,3.792566146847092e-10,0.9999999996216502,8.575919323454145e-37
2018-04-24,2.0264455101465233e-45,0.9999999958436092,4.156607450287249e-09,6.004495699967976e-39
2018-04-25,1.2609782262739874e-40,1.0,1.8975083236156628e-13,5.861121032566563e-51
2018-04-26,6.742962010551972e-39,1.0,1.1593084535255798e-16,7.530263183133941e-66
2018-04-27,3.966921177838609e-39,0.9999999976789695,2.3207081288202205e-09,5.895245865527739e-47
2018-04-30,8.420667661373082e-40,1.0,1.370306415452212e-15,6.760772091553684e-64
2018-05-01,1.9777324602741408e-38,0.999999999992724,6.624766256431196e-12,1.578681392896497e-53
2018-05-02,1.1134229767391056e-37,0.9999999999636202,3.6817214382901624e-11,1.9559457821017452e-47
2018-05-03,2.661303865326473e-37,0.9999999999672582,3.214983099441478e-11,2.96269659722825e-49
2018-05-04,1.5472735845889353e-42,1.0,6.543404661286941e-22,1.153802104783246e-76
2018-05-07,4.607484585739606e-40,1.0,5.06532644727335e-14,8.745130482744541e-60
2018-05-08,2.2501255949982382e-41,1.0,3.839045077967752e-16,6.237954686074091e-61
2018-05-09,4.828378751324452e-44,1.0,2.945890932782368e-19,2.2071933913061215e-73
2018-05-10,2.7366952513256722e-45,1.0,1.1838882987526433e-16,1.5781552626016317e-67
2018-05-11,3.9672619493810223e-47,1.0,7.880313933912056e-16,2.0414110207728354e-69
2018-05-14,1.8437371359753634e-41,1.0,1.980606270103512e-27,7.551296865750103e-99
2018-05-15,3.1643359100536183e-44,1.0,1.1901720392049007e-24,2.5704800750866165e-90
2018-05-16,7.811139935540423e-44,1.0,1.28917708251166e-25,9.772450214582351e-91
2018-05-17,4.656185536516308e-40,1.0,2.664351474721675e-22,1.2316621362298922e-87
2018-05-18,2.235928098119204e-39,1.0,2.1521905105699423e-16,1.0540441235835411e-69
2018-05-21,2.3031567976208598e-37,1.0,1.074660325057199e-15,6.79979811940261e-69
2018-05-22,3.7513526364111525e-34,1.0,3.89035245040027e-13,4.448604787440429e-62
2018-05-23,1.972342157860633e-34,1.0,6.880054383544876e-13,2.946133083091032e-64
2018-05-24,1.5191586945651444e-31,1.0,1.6292806940501921e-15,3.5013066106478755e-64
2018-05-25,5.621278643559166e-29,1.0,2.4891817813536255e-13,3.132753410616344e-59
2018-05-28,2.9332020468699844e-29,1.0,4.5833442994858537e-14,2.7976591333660287e-59
2018-05-29,9.05406646526412e-30,0.9999999998799467,1.2032969109457644e-10,4.709222308824194e-53
2018-05-30,1.3410752499591396e-29,0.9999999999108695,8.981957032530554e-11,6.924908669078064e-55
2018-05-31,1.7539778142184654e-28,1.0,1.705904886247226e-13,4.446881376446221e-55
2018-06-01,1.7568281165641846e-29,0.999999999996362,3.247292659552652e-12,5.376688244067021e-56
2018-06-04,1.7155181307529932e-29,1.0,1.7844291207450247e-13,2.1986076800308517e-59
2018-06-05,4.957352198213754e-30,1.0,8.941652877951542e-13,2.0283714630505914e-57
2018-06-06,6.331660172549672e-29,0.9999999942901923,5.709382534553547e-09,2.323426978675548e-51
2018-06-07,1.5991109960979517e-29,0.9999999999890861,1.1375269718757333e-11,5.172831329572202e-59
2018-06-08,7.895950964183906e-29,0.9999999994452082,5.545400134903417e-10,1.8380656931787647e-53
2018-06-11,1.1827601820051135e-28,0.9999999987176125,1.2824461076482125e-09,1.8716053824504898e-52
2018-06-12,7.779278588241529e-28,1.0,5.3020274078526e-27,3.4975799218175978e-90
2018-06-13,9.119916597011499e-28,1.0,6.133141142690869e-20,2.392071684889879e-84
2018-06-14,1.2873396256393703e-22,1.0,8.992139133816172e-25,2.803259279829195e-85
2018-06-15,9.600645152690311e-21,1.0,9.560747377140942e-20,1.2488494294761139e-73
2018-06-18,5.717838422077849e-52,8.591808261917514e-33,1.0,1.2483826059440218e-49
2018-06-19,4.2033975880218564e-48,6.015976017402818e-27,1.0,2.3698165335506106e-38
2018-06-20,7.199518533835591e-53,5.729927540955646e-31,1.0,1.716609758150378e-39
2018-06-21,1.8428739815047785e-58,4.2183726676052255e-36,1.0,5.9633076090526436e-36
2018-06-22,7.348791122516464e-60,3.3588548312318953e-38,1.0,2.4735949844614826e-34
2018-06-25,3.507466145836976e-54,9.671790693281956e-32,1.0,1.9884167933422066e-33
2018-06-26,2.6078706702546843e-63,1.063371861156842e-40,1.0,4.434459434145744e-33
2018-06-27,2.337267379007573e-58,1.680637498503301e-35,1.0,4.680691907545684e-32
2018-06-28,4.486548190890499e-56,6.378855370294646e-33,1.0,9.966657773619068e-34
2018-06-29,2.126378313948603e-59,9.435400253285612e-36,1.0,2.7775688308166802e-31
2018-07-02,1.1022814536042985e-52,7.461712329883747e-29,1.0,4.976558006952793e-33
2018-07-03,3.9462589855165346e-60,8.23314908464693e-37,1.0,4.707987264432713e-31
2018-07-04,2.6874201570557256e-65,6.183383567711398e-42,1.0,3.0934954820626657e-35
2018-07-05,7.948331526189004e-52,1.6591298478357466e-28,1.0,1.3806075311544282e-32
2018-07-06,2.555112526115113e-49,3.691069209797333e-28,1.0,2.714863518196954e-30
2018-07-09,1.1540613864237602e-49,4.671070044510584e-30,1.0,1.3758920580747672e-30
2018-07-10,3.514395500057591e-46,5.690673941997818e-28,1.0,6.129586222669095e-29
2018-07-11,4.077163711578098e-59,7.099672428069845e-41,1.0,1.0512797116103151e-29
2018-07-12,7.732101564406234e-51,8.68203417843167e-30,1.0,2.3525796561791043e-30
2018-07-13,2.1386243216897532e-60,1.7080072643415382e-40,1.0,6.059286577135111e-28
2018-07-16,1.2516414212387381e-55,1.3022472540698611e-34,1.0,2.5103737135883705e-30
2018-07-17,2.00653561825993e-60,3.184411953463481e-41,1.0,6.819338847315324e-26
2018-07-18,3.2248663836510418e-52,3.0334290775402164e-32,1.0,2.1119468672669393e-25
2018-07-19,1.5051769214302127e-61,4.682413310989685e-41,1.0,3.783398426158953e-25
2018-07-20,6.247358235816372e-61,8.508336638050958e-41,1.0,3.371337785297372e-24
2018-07-23,6.094259306048431e-62,1.5924182038019285e-43,1.0,7.998128443540002e-21
2018-07-24,8.060291204496909e-51,3.496564324288491e-32,1.0,2.4943432488584706e-23
2018-07-25,2.6922373772491803e-58,1.1911218526338596e-40,1.0,5.70088568808459e-20
2018-07-26,1.2901796653775918e-54,1.1884673203967882e-36,1.0,4.495828610841656e-19
2018-07-27,2.0321300660093694e-56,8.508001187793174e-40,1.0,1.2033408533573816e-19
2018-07-30,9.272499955180598e-50,1.0405855979899721e-32,1.0,2.0336081044384958e-19
2018-07-31,4.3862940687395445e-57,2.2260134317208904e-42,1.0,4.1740915106279456e-19
2018-08-01,2.407199828425825e-46,1.1077366630150024e-31,1.0,2.8266039408864697e-18
2018-08-02,3.845915343606496e-56,4.7492427561791976e-42,1.0,1.0691427437592001e-18
2018-08-03,1.9993132278283182e-58,1.0510590602361006e-45,1.0,2.7888708457177735e-17
2018-08-06,1.764368032636203e-54,4.1827523376185143e-41,1.0,4.135080005268416e-18
2018-08-07,1.7650519521212495e-61,1.1077083859693992e-46,1.0,3.1990858427412463e-19
2018-08-08,6.156668832137002e-55,3.776462089120683e-39,1.0,2.2752468273040897e-22
2018-08-09,3.158697090092217e-59,5.607575879345166e-43,1.0,1.4601417782973666e-20
2018-08-10,7.326215787904419e-51,1.6374510850331703e-33,1.0,1.4942268216025348e-20
2018-08-13,5.638879800123076e-57,2.7561284175860844e-38,1.0,1.505852756283793e-20
2018-08-14,2.242784456522023e-62,3.757853067388918e-43,1.0,9.768389783881172e-21
2018-08-15,2.181199828009976e-55,2.2108816281000804e-37,1.0,4.177588177341751e-23
2018-08-16,1.6051996980574003e-64,1.6336152679373162e-44,1.0,1.7184751873914342e-18
2018-08-17,9.965707254116103e-64,1.5625373542165952e-43,1.0,2.9398083856881556e-20
2018-08-20,2.4452060480757295e-62,1.4892908757223876e-41,1.0,2.1582617293240162e-19
2018-08-21,1.4362353108626987e-65,1.8801258307178598e-45,1.0,6.333842508093361e-19
2018-08-22,6.27664089140195e-63,5.65424028297314e-43,1.0,2.0930905765600524e-20
2018-08-23,5.014397098523729e-52,1.0006780428036437e-30,1.0,9.520228786980422e-22
2018-08-24,2.008509112738077e-55,3.3258520697690918e-34,1.0,1.0927658305794058e-21
2018-08-27,5.932887410938474e-51,7.142175582765256e-31,1.0,1.222520833041418e-18
2018-08-28,2.2500597233097455e-61,7.241769963511515e-42,1.0,4.36607925453438e-19
2018-08-29,1.1313967188843775e-53,2.1833145179813448e-33,1.0,9.435157131833994e-17
2018-08-30,3.6822435817978417e-62,9.204513757474697e-42,1.0,1.020013136343504e-17
2018-08-31,1.868194093271409e-64,6.451280222316571e-44,1.0,4.734638940976492e-20
2018-09-03,8.531236476918703e-53,6.81985792039419e-33,1.0,1.1196911301865603e-19
2018-09-04,5.085164989483289e-69,7.852763251924185e-47,1.0,5.094904610576237e-16
2018-09-05,1.2772840562315615e-59,2.8352274783040975e-38,1.0,1.4846535407444592e-16
2018-09-06,1.305183563176504e-62,6.339625240004013e-33,0.9999999966421456,3.356684485718554e-09
2018-09-07,3.3108219085235026e-67,9.919897095307137e-37,0.999999957581168,4.241956615066432e-08
2018-09-10,4.3763046091023895e-66,8.355588805648262e-37,0.9999999211140707,7.888605627696982e-08
2018-09-11,1.0650079001454712e-70,1.5493135587830398e-40,0.9999997425475489,2.574510984950494e-07
2018-09-12,3.5276188474982194e-76,1.837163000548329e-46,0.9999985720215782,1.4279785097595766e-06
2018-09-13,5.048782506748324e-63,3.3856761514986188e-31,0.9999999782012312,2.1800329901377224e-08
2018-09-14,4.533774577670215e-76,6.02711030058367e-45,0.9999952269468163,4.77305432879916e-06
2018-09-17,5.832417487985731e-75,1.5791121144370677e-43,0.9996529330059608,0.00034706699281338146
2018-09-18,1.477993907196212e-66,1.7944531991842222e-32,1.0,8.613486862100448e-23
2018-09-19,7.824505628166156e-32,0.11630328643343486,0.8836967135469483,1.9499960141428414e-11
2018-09-20,3.5873006569945525e-26,0.9949513351839544,0.005048664816067803,3.098151440724128e-14
2018-09-21,8.750555160552713e-26,0.9992807001543762,0.0007192998439162161,4.6285915049751235e-15
2018-09-24,1.8690713576867168e-25,0.9998752563546524,0.00012474364390004737,3.786629704264986e-17
2018-09-25,2.096923638649239e-24,0.9999572614980946,4.2738503460408634e-05,2.2550054655696513e-22
2018-09-26,1.1434894533985778e-25,0.9999968734203996,3.126580268743897e-06,1.3233140765831957e-23
2018-09-27,2.021418096314588e-25,0.9999999925057637,7.494725024172936e-09,4.258944989572559e-34
2018-09-28,1.1137862437819477e-22,1.0,1.7307062355350457e-25,2.4264401377373055e-61
2018-10-01,1.1812407323490568e-23,0.9999999998908606,1.0779921502462367e-10,1.456058006516362e-28
2018-10-02,4.8312247997946645e-24,1.0,5.804234417949185e-19,2.3055650641379984e-48
2018-10-03,1.0632105119810716e-23,1.0,3.489839415532459e-14,9.15893375828216e-36
2018-10-04,1.6967241951070928e-21,1.0,4.058277464212977e-20,2.1423015978665783e-49
2018-10-05,8.833977527283845e-17,1.0,6.779726731265008e-14,1.2205802288212983e-37
2018-10-08,9.451153184058895e-17,0.9999999977226253,2.2779940583040066e-09,1.1057328913700605e-25
2018-10-09,1.1929750998707007e-16,0.9999999284627873,7.153540133976953e-08,2.319823708528186e-22
2018-10-10,4.945083493609165e-16,1.0,2.3879638150575148e-18,7.534137228019831e-40
2018-10-11,5.5292882623944247e-14,0.9999999996980478,3.0050711907278365e-10,2.0370340161425043e-27
2018-10-12,4.113654284661367e-105,2.2993430087115862e-91,0.9999999999854481,1.4046844744205343e-11
2018-10-15,1.2513571293674886e-85,1.6792141079058526e-69,0.9567033452584561,0.04329665474152538
2018-10-16,5.827107128557597e-79,4.974960670972053e-63,0.5257154042138313,0.47428459578439996
2018-10-17,1.3466890143520994e-95,3.6134791827514636e-80,0.0006942130351071509,0.9993057869646307
2018-10-18,2.908432628333958e-100,1.8982547695629564e-87,9.599392644156435e-07,0.9999990400615448
2018-10-19,2.7777705529156314e-95,3.345219724950112e-85,1.678890048806572e-06,0.9999983211105696
2018-10-22,1.5328253636679334e-104,2.8677954825797926e-94,7.51251900951889e-07,0.9999992487467446
2018-10-23,1.3456308436312583e-94,1.3044693934466672e-83,7.108834109130585e-07,0.9999992891173659
2018-10-24,4.007567990815696e-90,3.518189680851404e-79,4.941367688330413e-07,0.9999995058643746
2018-10-25,8.133658632287921e-107,3.0689871395155317e-96,2.1067183822223445e-06,0.9999978932814337
2018-10-26,3.3170780719054345e-105,2.4884147110365663e-92,1.386635060246543e-07,0.9999998613348094
2018-10-29,1.2262445806185423e-91,4.0037849828628856e-79,5.60925258648517e-07,0.999999439074757
2018-10-30,1.6952235472726136e-99,1.50448881710735e-87,2.7727583166884127e-07,0.9999997227242077
2018-10-31,2.3315448854356124e-98,1.7704093381790573e-86,2.440256085294311e-07,0.9999997559753253
2018-11-01,2.5134385975532855e-95,2.1662395729568722e-82,9.032616871778739e-08,0.9999999096726283
2018-11-02,6.923016843574869e-99,3.497284038751505e-86,9.038887276334552e-08,0.9999999096107827
2018-11-05,2.065958138827402e-114,1.5479502251938885e-101,7.176676330661056e-08,0.9999999282335946
2018-11-06,2.111080818584176e-97,4.399206623581111e-83,3.104726109206723e-07,0.9999996895276608
2018-11-07,2.031533582668834e-97,1.6393184227194337e-79,7.172049469603343e-09,0.9999999928295438
2018-11-08,3.8835240779282403e-123,1.2464059481462844e-105,1.2866844885570518e-08,0.9999999871324691
2018-11-09,4.28487319689503e-119,1.7879052480413264e-101,3.051092209008953e-09,0.9999999969477358
2018-11-12,3.70769524632167e-106,1.578061560743488e-87,4.118312818370941e-09,0.999999995881808
2018-11-13,2.4072907745492154e-106,1.4130716336512056e-87,7.075005096156927e-09,0.9999999929241312
2018-11-14,4.149563300242108e-111,1.1626554606784904e-92,3.0811888613258646e-08,0.99999996918632
2018-11-15,2.0694558667185324e-108,1.2926609983650668e-89,5.3244511190893856e-09,0.999999994673999
2018-11-16,3.57177061671332e-105,1.3010404891753995e-85,2.589057550177368e-09,0.9999999974097591
2018-11-19,7.733428496183743e-111,6.694470225587686e-91,3.1931491147702628e-09,0.9999999968058546
2018-11-20,1.0583841578226785e-119,1.1285282912195803e-99,1.6646777201367123e-08,0.9999999833526091
2018-11-21,6.63427836100099e-122,1.5734367211580683e-102,9.497628477210476e-10,0.9999999990504875
2018-11-22,2.331624952383196e-112,1.2551731504799067e-92,4.091430960311967e-09,0.9999999959072738
2018-11-23,5.480560593298804e-101,8.431509507527009e-81,5.4383031279472155e-09,0.9999999945612217
2018-11-26,4.454868552074773e-110,1.0946022920406273e-89,3.304025128663037e-09,0.9999999966967152
2018-11-27,4.77981277439741e-117,2.938827840799996e-95,5.544524810062206e-10,0.9999999994470272
2018-11-28,1.633154485402505e-104,1.0746027171482076e-81,2.078493055926345e-09,0.9999999979227141
2018-11-29,9.788599136495115e-118,2.5916523825933432e-95,7.861735957040844e-10,0.9999999992141966
2018-11-30,1.6442711567107454e-114,2.633747767691427e-91,3.4922809643397026e-10,0.999999999650754
2018-12-03,1.6638635237602299e-127,1.06698697923314e-102,2.894382581694749e-10,0.9999999997089617
2018-12-04,1.2965410736296175e-112,7.8920333637969345e-87,1.0186096607280933e-09,0.9999999989813659
2018-12-05,1.3630807842557502e-111,9.824980692049693e-87,1.2033492694213602e-10,0.9999999998799467
2018-12-06,1.7158914202618185e-108,1.528762059572258e-83,5.236787575480751e-10,0.999999999476131
2018-12-07,1.634820776807059e-121,9.263568313407651e-97,4.1718366541724623e-10,0.9999999995816324
2018-12-10,2.0883189462128373e-118,1.3819308049426908e-93,1.4596513865076955e-10,0.9999999998544808
2018-12-11,3.7408574398479506e-125,8.983941137859277e-101,3.2549209677492e-10,0.9999999996762199
2018-12-12,2.3826039474312534e-108,6.540398365654911e-82,2.479300459896167e-09,0.9999999975188985
2018-12-13,6.323701021609471e-131,1.385610315423298e-105,5.854450124458623e-10,0.9999999994142854
2018-12-14,4.579029178569491e-115,2.536305309532837e-89,2.4184084612426776e-10,0.9999999997598934
2018-12-17,3.553330159926915e-111,1.2430409130720148e-85,3.5345731514075426e-10,0.9999999996471161
2018-12-18,1.0504492256445531e-125,3.2361477699697686e-101,7.945050281334735e-10,0.9999999992069206
2018-12-19,3.707701552076742e-120,2.9234412299293754e-95,2.4077661655506614e-10,0.9999999997598934
2018-12-20,3.149284038149843e-130,2.802482456040451e-104,1.5760590275420778e-10,0.9999999998435669
2018-12-21,8.925750605648433e-118,7.319528068181409e-89,1.3236331709725867e-08,0.9999999867650332
2018-12-24,1.3020007436755688e-106,5.888148024271765e-77,2.20661556105547e-08,0.9999999779356588
2018-12-25,2.3674824819335318e-122,1.546195430239008e-90,1.3561654355567686e-08,0.9999999864376151
2018-12-26,5.038340404139724e-109,1.383244077323605e-76,1.0826839927002224e-08,0.9999999891733751
2018-12-27,3.618319336513864e-146,1.3242421220417368e-103,4.871353156270632e-12,0.999999999996362
2018-12-28,8.192809509535254e-139,4.5932743756913354e-92,4.355082234002742e-12,0.999999999996362
2018-12-31,9.079290186865745e-127,4.8612395289425604e-80,8.66653450101399e-12,0.999999999992724
2019-01-01,1.0853724432073083e-127,4.682149700565596e-80,3.5400956603486746e-12,0.999999999996362
2019-01-02,3.0430737003614674e-139,4.0281258414391e-92,0.0001922740293142402,0.9998077259721814
2019-01-03,9.475953221105274e-130,5.69491839518127e-81,3.147283029220797e-06,0.9999968527167271
2019-01-04,5.799310649733233e-125,8.926147978397184e-78,1.1655223689182404e-06,0.999998834475943
2019-01-07,8.00186730743968e-127,1.2545298748698422e-80,1.0773082785088241e-06,0.9999989226931921
2019-01-08,1.0423740683437473e-130,2.963634868146254e-84,3.012544665321942e-07,0.9999996987462964
2019-01-09,4.492877969816649e-144,2.3219534195792783e-98,4.4813815817130307e-07,0.999999551862957
2019-01-10,1.2634923014388212e-144,8.453756984167021e-100,7.352587703724809e-07,0.9999992647429254
2019-01-11,1.2176517437081121e-132,1.4640146917540997e-86,1.0015204986468766e-06,0.9999989984794878
2019-01-14,5.986098267860482e-100,1.6783158258302156e-53,0.013262811074999175,0.9867371889232043
2019-01-15,2.0727850836358006e-98,1.1902600295935678e-49,1.6671150836794264e-06,0.9999983328866874
2019-01-16,4.129313113909092e-90,1.1906320875479838e-46,6.892897167020496e-06,0.9999931071016546
2019-01-17,6.601498797687618e-81,1.8091792484351778e-41,6.801172742652354e-06,0.9999931988290242
2019-01-18,1.3591017817180135e-81,5.084617259046665e-41,1.326383514261462e-06,0.9999986736156344
2019-01-21,8.750994843851343e-83,3.696531149235064e-43,1.3922737197913474e-06,0.9999986077246519
2019-01-22,3.1900421841105173e-82,1.0179723016091763e-42,1.3640936378770862e-06,0.9999986359080348
2019-01-23,4.2252566177033167e-91,3.249265162584029e-52,1.2720860466789511e-08,0.9999999872779882
2019-01-24,4.6068120825238326e-79,6.527718843572536e-42,3.4982755596186053e-08,0.9999999650171963
2019-01-25,2.273329021598096e-81,2.7603607435840914e-45,3.999381623018565e-08,0.9999999600076998
2019-01-28,1.636701805505713e-87,3.2991929036012533e-52,6.592902688280145e-08,0.9999999340725502
2019-01-29,2.955419306748171e-81,3.782383572017814e-47,4.158913355070598e-08,0.9999999584106272
2019-01-30,2.3847968797457965e-79,5.616644251618303e-47,1.8184508275363044e-07,0.9999998181556459
2019-01-31,1.0296813023946194e-76,1.182478352290894e-44,1.4070031979742485e-07,0.9999998593011795
2019-02-01,6.826840930457945e-73,1.7284168213080653e-41,8.046985885871858e-06,0.9999919530124308
2019-02-04,9.003714428656593e-74,1.347764504663823e-41,1.1915648869678053e-06,0.9999988084353213
2019-02-05,7.419882525447522e-74,1.2763947433157686e-42,3.582040104897898e-07,0.9999996417973949
2019-02-06,2.91765933559942e-88,3.618851315079081e-57,3.538987424544418e-08,0.9999999646097428
2019-02-07,1.0452729104810524e-81,1.0304391047528652e-50,3.853274916740584e-07,0.999999614672635
2019-02-08,3.4309966369580764e-82,1.2839644806918445e-52,0.00011960427520621833,0.9998803957250715
2019-02-11,8.160343196623446e-79,3.7922174365865713e-47,1.0359783119565485e-06,0.9999989640205876
2019-02-12,1.7230793941331456e-75,4.1064887302250323e-47,2.73969853458359e-06,0.999997260300121
2019-02-13,3.3372767367524247e-69,9.517019308522918e-40,8.705699648108528e-05,0.9999129430023437
2019-02-14,3.266182699383829e-84,1.4144896637794011e-52,1.0118308314569412e-06,0.9999989881694663
2019-02-15,1.2582785385067652e-76,2.697353875702748e-46,6.61163851185923e-07,0.9999993388375882
2019-02-18,5.1675596932437174e-79,2.9048406068762646e-49,5.7361487500080494e-05,0.9999426385119958
2019-02-19,1.2294839518847303e-79,3.156286708474976e-47,1.700689580633746e-05,0.9999829931030128
2019-02-20,3.0436154589858716e-76,4.592580992026882e-44,1.2550891210083972e-06,0.9999987449126511
2019-02-21,4.272319052877164e-89,5.103979120697054e-58,1.2099577941894491e-06,0.9999987900417225
2019-02-22,2.1513985855720132e-81,6.05056095054582e-51,2.177229989806852e-06,0.9999978227702795
2019-02-25,5.037501239305114e-79,2.003722413648711e-48,2.7381889406651233e-06,0.999997261809878
2019-02-26,5.926593489196895e-75,5.558877681071058e-44,4.695082899348008e-07,0.9999995304934793
2019-02-27,2.9723975213442e-85,3.919190175851633e-55,1.7598329329104957e-07,0.9999998240164286
2019-02-28,4.2782933543624864e-70,2.009135400295969e-40,7.05041826308668e-06,0.9999929495819084
2019-03-01,3.7288889449325323e-66,8.841439925206559e-36,1.2141324995256021e-05,0.9999878586759597
2019-03-04,5.048388562613977e-68,2.3151551515021517e-38,4.692088834032424e-06,0.9999953079096515
2019-03-05,1.5196985973713838e-79,2.278006258882891e-50,4.3881724361523106e-07,0.9999995611834546
2019-03-06,1.1299296344263888e-69,7.15628913727679e-42,1.1867255040188914e-05,0.9999881327434411
2019-03-07,9.646057228293843e-81,5.743274639397995e-53,3.671914531276998e-06,0.9999963280855921
2019-03-08,1.2370698365519236e-64,2.251647464385113e-37,2.254865498520757e-05,0.9999774513448966
2019-03-11,1.7918178923102e-69,9.228682020803823e-42,7.97560317489477e-06,0.9999920243962791
2019-03-12,6.127151394998451e-77,8.202987699337598e-50,2.1648269184224514e-06,0.9999978351721224
2019-03-13,6.951103514425522e-123,1.887217305922719e-96,5.143307853629395e-07,0.9999994856699644
2019-03-14,1.1447576115506038e-104,1.8502010574091204e-79,4.64339622843786e-08,0.9999999535648396
2019-03-15,7.560611086143528e-103,2.4107599055146955e-78,2.06417099370987e-08,0.9999999793581085
2019-03-18,2.137154100928135e-112,5.189713330050036e-88,2.2281851577693364e-08,0.99999997771738
2019-03-19,3.164254521944665e-114,1.734853758069685e-89,9.599158163038582e-09,0.9999999903993739
2019-03-20,9.68189719297947e-107,2.4744271854646859e-82,1.746717574183953e-08,0.9999999825340639
2019-03-21,1.0284931809068482e-104,2.8997064309582287e-80,2.101715489899864e-08,0.9999999789833967
2019-03-22,3.93517912366567e-106,1.071310757367156e-81,2.700424191576649e-08,0.9999999729952836
2019-03-25,3.147392027407158e-117,5.7038985937025245e-93,8.537578823300892e-09,0.9999999914616637
2019-03-26,1.2724892571897156e-110,3.52629515617291e-86,5.367356469571382e-09,0.9999999946339813
2019-03-27,2.725722129568321e-106,2.1606307253922955e-80,1.2064169045247735e-08,0.9999999879364624
2019-03-28,4.2556768614060523e-126,2.718396388227625e-100,4.170285885240694e-08,0.9999999582978498
2019-03-29,7.715264698662363e-118,6.082573758808215e-93,7.757025630475376e-09,0.9999999922438292
2019-04-01,4.478659039229759e-127,4.547103046339029e-102,9.821676885064938e-09,0.9999999901774572
2019-04-02,1.5432970551936428e-117,2.4391232965388247e-92,1.1897885355920558e-08,0.9999999881038094
2019-04-03,2.4413327142385596e-109,1.0752069605630897e-83,3.0495133869709557e-09,0.9999999969513738
2019-04-04,8.73938148670724e-124,8.481200748829673e-99,4.5926282339269046e-09,0.9999999954088707
2019-04-05,1.821799682070164e-114,4.701273636493083e-89,5.417366637085481e-09,0.9999999945830496
2019-04-08,3.550797214074717e-129,1.0018881950685763e-103,8.017196707348707e-09,0.9999999919818947
2019-04-09,9.298042207545273e-111,1.8573740093137765e-83,2.539126423858427e-08,0.9999999746105462
2019-04-10,3.5471620934310887e-109,8.441184562816912e-82,1.2792051220647688e-08,0.9999999872088666
2019-04-11,9.583319548312946e-120,5.954473705428716e-90,3.7299021408124474e-08,0.999999962699804
2019-04-12,1.3601743053462094e-115,3.71436892679077e-85,2.574668882702421e-08,0.9999999742540243
2019-04-15,1.868511199185956e-132,4.066748268103565e-102,1.1270931115000008e-07,0.9999998872917849
2019-04-16,1.844090244688135e-250,1.6601610867710647e-197,1.0,2.633784500075991e-42
2019-04-17,6.659923269699843e-39,0.9999999271967708,7.280320529226129e-08,6.607367351754834e-21
2019-04-18,6.125529891289698e-33,0.9999356699510666,6.433005070022664e-05,4.013705011325252e-17
2019-04-19,2.734692590941886e-32,0.9999999709543776,2.9045041686699202e-08,4.725835063890177e-21
2019-04-22,3.4129890817568415e-34,0.9999509876076214,4.901239175557676e-05,1.4268427215110683e-18
2019-04-23,6.856479483839245e-35,0.9999980256926781,1.9743066013946034e-06,4.688205500819128e-17
2019-04-24,1.179948009920201e-29,1.0,2.6695529151631474e-21,4.052270852856586e-55
2019-04-25,2.1513729571275415e-28,1.0,3.110666840441351e-25,1.214662750395596e-47
2019-04-26,1.6124472040459806e-28,1.0,5.403028421143328e-18,4.677641268799567e-40
2019-04-29,5.171417928028269e-29,1.0,2.918439090717673e-14,1.9876232389766858e-30
2019-04-30,4.733893380718004e-28,1.0,1.154490036354912e-14,6.777732243082408e-31
2019-05-01,1.216652639706202e-24,0.9999999999599822,3.89584610292671e-11,6.876237199607409e-26
2019-05-02,3.124722981948592e-22,1.0,9.580632895646724e-17,6.3273268925847996e-40
2019-05-03,2.4636000724140065e-21,0.9999999999818101,1.7870050657426528e-11,3.8284715766828206e-25
2019-05-06,1.92009352958194e-21,0.9999999999272404,7.145257758971177e-11,1.7509798245240276e-22
2019-05-07,2.7459210702490632e-21,1.0,1.5159571435216304e-16,5.721717635652201e-37
2019-05-08,5.458779975858658e-21,1.0,9.637711624690976e-14,1.273078126183138e-28
2019-05-09,3.004919165244233e-17,1.0,1.7627905701533718e-12,5.542562074814216e-26
2019-05-10,7.650913318854345e-17,0.9999999998872227,1.1356534878727908e-10,1.3931181807217693e-24
2019-05-13,3.9657688558973353e-16,0.9999999947176548,5.283182760939542e-09,2.7964427458007384e-22
2019-05-14,4.051920676726158e-16,0.9999999999563443,4.207733909245635e-11,6.975232716278862e-26
2019-05-15,8.419606575928029e-16,1.0,2.3451952665810838e-17,1.8231423684824163e-35
2019-05-16,7.271098082541246e-15,1.0,9.415274298215837e-16,1.507212015728971e-31
2019-05-17,8.686180133663934e-15,0.99999999209831,7.901318489213153e-09,9.70374405112829e-22
2019-05-20,1.7711754528134996e-15,1.0,7.483344851206294e-15,1.1056136912966001e-33
2019-05-21,6.495907836980805e-16,0.9999999997889972,2.1016522963632382e-10,3.643136004766694e-27
2019-05-22,2.759704692425794e-14,1.0,6.172574293316618e-16,9.130079706262152e-40
2019-05-23,2.880514634719596e-15,1.0,1.8454934720301667e-19,2.577304847189987e-49
2019-05-24,1.1215628803425462e-13,1.0,9.408266621331485e-16,6.690609362235749e-45
2019-05-27,1.477337726623039e-12,1.0,6.761019126581383e-23,1.704737991143339e-60
2019-05-28,4.161376631236376e-13,1.0,4.454295982119831e-15,1.9386846962223478e-41
2019-05-29,2.656317747311899e-12,0.999999999996362,1.5129854053925747e-13,3.1187384955693347e-41
2019-05-30,5.298529070389176e-13,1.0,1.2922322252209369e-13,3.8616514252259407e-41
2019-05-31,1.4106284207637223e-07,0.9999998589373816,1.602042591276965e-27,4.770587806838367e-67
2019-06-03,4.64176541733433e-09,0.999999995357939,1.0768101820093956e-19,1.2090682191772441e-54
2019-06-04,6.108853555324027e-09,0.9999999938918336,1.6954279181437837e-14,4.4446815276689977e-41
2019-06-05,6.490004783633518e-08,0.9999999350984602,1.0911060946272292e-14,5.71924123013206e-40
2019-06-06,1.5733261322215064e-07,0.9999998426683429,5.24025796231783e-17,2.2170100189185577e-47
2019-06-07,5.337692265479946e-07,0.999999461495608,4.733905176901608e-09,2.7112448102536518e-31
2019-06-10,1.4891875436923915e-06,0.999998510812674,1.0632217414517148e-14,1.438029894942586e-44
2019-06-11,3.5861556270915987e-06,0.9999946618187696,1.7520272643042055e-06,3.009982290193307e-25
2019-06-12,1.4425781893857512e-06,0.9999985442165462,1.3206508162665033e-08,1.8751396799433636e-28
2019-06-13,9.669116660493731e-06,0.9999903308811536,7.577560427516667e-13,1.6494039611114552e-37
2019-06-14,3.594719618180068e-05,0.9999640528025447,3.984390878793749e-15,3.359616337869519e-45
2019-06-17,0.0002687894878472208,0.999731210109421,4.0346955306143755e-10,3.679773744307873e-30
2019-06-18,0.00016211332763296205,0.9998378837681813,2.9058336855393237e-09,1.8881829304011776e-29
2019-06-19,0.0012909363886076173,0.9987090636082308,4.690823006871128e-12,1.4235725992557871e-36
2019-06-20,0.0011114344771217994,0.9988885655235166,1.9578434596585213e-13,2.2979301140702285e-37
2019-06-21,0.002217157744855454,0.9977828422420585,1.3171340527622354e-11,4.8651147650317706e-39
2019-06-24,0.0032057916871970683,0.9967942083127995,5.596548585252783e-13,1.0434093883428756e-38
2019-06-25,0.0019185481178203199,0.998081419954706,3.192885987064726e-08,1.4271938594398617e-27
2019-06-26,0.0050545421201129625,0.9949454574547627,4.264616277319763e-10,3.0388172844604983e-32
2019-06-27,0.0016684680231066206,0.998331531975698,2.520000428667982e-13,3.675794497283401e-41
2019-06-28,0.0015456538524760135,0.9984543461457865,2.3675094602342697e-13,1.5181848975615264e-39
2019-07-01,0.006380142324302347,0.9936198576742963,1.565238660481729e-14,1.3238246144452222e-42
2019-07-02,0.004543619240018056,0.9954563807591286,2.919047939644472e-31,4.5402731121167765e-88
2019-07-03,9.561328291242631e-05,0.9999043867156917,3.3639672829626385e-19,1.0567768439617639e-58
2019-07-04,3.290901269517736e-05,0.9999670909886847,1.6824338987275503e-17,1.6803387504109147e-56
2019-07-05,7.268382870602725e-101,1.6667155420587388e-96,1.0,4.269379822750116e-34
2019-07-08,3.525608173166672e-85,5.575853681761301e-80,1.0,3.607671491139076e-22
2019-07-09,1.0250090305926139e-78,3.2153188040145496e-73,1.0,4.891370253660562e-18
2019-07-10,6.215108463354446e-82,5.4198731326416744e-77,1.0,7.626795041809077e-15
2019-07-11,7.172363515519918e-70,4.7470051955158966e-63,1.0,5.619974734126831e-14
2019-07-12,1.8295079890063523e-75,7.774520309745172e-69,1.0,1.2660168272807936e-13
2019-07-15,2.854560754748498e-74,1.913704596034256e-67,1.0,3.4458479459074046e-14
2019-07-16,7.763321756602482e-80,5.3097087471650293e-73,1.0,9.033270253951627e-15
2019-07-17,5.870836907197073e-76,1.9869469341354396e-68,1.0,6.4183790114759644e-15
2019-07-18,1.3192571024915598e-74,2.688875472945681e-68,1.0,1.767967750242901e-13
2019-07-19,9.736765010327744e-94,3.0220027762524596e-88,1.0,1.7429740740126785e-12
2019-07-22,1.5674097583168167e-87,3.855045357710098e-82,0.999999999992724,5.822275911681337e-12
2019-07-23,1.2869689371518703e-93,3.236691894681494e-88,0.9999999999818101,1.8778011727427953e-11
2019-07-24,9.697929464893745e-82,9.732189023016412e-76,0.999999999996362,2.9803766914033574e-12
2019-07-25,1.78914558790575e-72,3.98202627058333e-66,0.999999999992724,9.086281315499174e-12
2019-07-26,8.345715334932151e-80,5.0172740942902085e-73,0.999999999992724,8.525407256382674e-12
2019-07-29,2.2491400426902146e-82,2.4866405096442393e-75,0.999999999996362,2.315853376476687e-12
2019-07-30,4.855282694925563e-75,1.052787562901393e-66,0.9999999998508429,1.4859813340198567e-10
2019-07-31,2.936777707703982e-98,1.4149923201594066e-88,0.9999999992796802,7.195723864738872e-10
2019-08-01,1.1097788539854227e-101,1.3487668535373332e-89,0.9999999987267074,1.2726920152893179e-09
2019-08-02,5.381996929249016e-84,4.11399677344505e-71,0.9999999998726707,1.284516056577357e-10
2019-08-05,5.007191552872544e-80,1.5811170557956417e-67,0.9999999966385076,3.3617642934985133e-09
2019-08-06,6.0076602576832605e-86,2.5295444923395915e-73,0.9999999984975148,1.5009581972293288e-09
2019-08-07,2.7608498129221697e-96,3.5269717012512744e-85,0.9999999982428562,1.7586103914767964e-09
2019-08-08,3.841092680265989e-80,2.7331325356411358e-68,0.9999999998799467,1.214524909991854e-10
2019-08-09,2.0990316511502254e-82,4.764560441486852e-71,0.9999999995488906,4.523356167524271e-10
2019-08-12,6.392619169044908e-84,6.982850955905887e-73,0.9999999999599822,3.940112909491141e-11
2019-08-13,9.91048248674848e-97,7.933200676760116e-86,0.9999999999563443,4.2803146871563496e-11
2019-08-14,1.4151334749970325e-89,8.329123573063242e-78,0.9999999987194315,1.2814588482216923e-09
2019-08-15,1.950001065816681e-82,4.274440777343771e-70,0.9999999997817213,2.1707725293787315e-10
2019-08-16,2.763839045508386e-81,2.9491611832381947e-68,0.9999999998508429,1.50569787407517e-10
2019-08-19,8.755384729098726e-90,2.9951205007242905e-76,0.9999999995052349,4.941511743953639e-10
2019-08-20,5.005325146753996e-90,8.219083874975333e-77,0.9999999990832293,9.182866706134411e-10
2019-08-21,5.622471871909922e-86,3.5810792656705483e-72,0.9999999962965376,3.7039561204450767e-09
2019-08-22,2.4714508465459327e-89,1.6372491403842712e-76,0.9999999584651968,4.153606375618962e-08
2019-08-23,4.7076305902334104e-98,2.7265618302536435e-79,0.9999336108441339,6.638915420360522e-05
2019-08-26,1.256116857637406e-106,1.4718445173977204e-88,0.9999945615784417,5.4384205225528965e-06
2019-08-27,4.4671579059284214e-105,4.555799082361242e-87,0.9999927418693565,7.25812997529628e-06
2019-08-28,2.1033280219433696e-90,5.848364001778342e-72,0.9999998471030384,1.5289567408529829e-07
2019-08-29,1.0355719293323375e-110,2.323935813881502e-92,0.999999404557634,5.954407360163124e-07
2019-08-30,1.1839101801102209e-107,2.637021631484141e-89,0.9999989266367569,1.0733621419077669e-06
2019-09-02,3.5653100350104907e-91,7.335908634633321e-71,0.9999975521671277,2.4478342256006934e-06
2019-09-03,3.865883662929154e-92,5.793104844582306e-72,0.9999959897948802,4.01020502874808e-06
2019-09-04,9.635329538358164e-114,5.9652304646890335e-93,0.9999994308129118,5.691868803291029e-07
2019-09-05,1.5425580493177945e-103,5.326350014846869e-83,0.9999803261023703,1.967389737078841e-05
2019-09-06,5.024803857392033e-93,6.070263747183547e-72,0.999983069826684,1.6930173325270547e-05
2019-09-09,1.3248422757288099e-102,1.8773368186748714e-80,0.9999684170437683,3.15829571502105e-05
2019-09-10,2.1106456028503167e-100,2.3201889435532213e-78,0.9999902154928642,9.784506109614392e-06
2019-09-11,4.602431138540829e-102,4.1207518280904827e-79,0.9999263368147395,7.366318419877122e-05
2019-09-12,5.898036553143682e-109,3.010328786199923e-86,0.9999554364365383,4.4563563904412586e-05
2019-09-13,4.2674385661765906e-97,7.570736017633224e-74,0.999982193652896,1.7806348288892354e-05
2019-09-16,3.078325159103607e-115,3.6304328087245496e-91,0.9999938925580013,6.107441746246365e-06
2019-09-17,1.718177898189736e-103,2.2681464257821754e-79,0.9999651333785945,3.486662055433991e-05
2019-09-18,2.956782903198601e-112,3.6740484650540436e-88,0.9999724891859728,2.7510813820367798e-05
2019-09-19,1.4732591931271362e-119,2.8779444132804986e-90,0.9999851897888092,1.481021172113589e-05
2019-09-20,1.102382903910773e-125,1.522135811956016e-87,0.9689636315856192,0.03103636841427327
2019-09-23,7.02770054150093e-110,1.0260816611971704e-71,0.7377527453438265,0.26224725465703685
2019-09-24,1.339527854447065e-138,6.081155524156194e-87,0.9966295951251891,0.0033704048750907004
2019-09-25,5.217842780731974e-139,7.144780805403134e-83,0.9995961797078763,0.00040382029212704683
2019-09-26,4.316963350701222e-146,9.62244947402907e-88,0.9994969736566471,0.0005030263446051281
2019-09-27,1.7491471477227007e-131,1.035559991367406e-72,0.9997771604753599,0.0002228395242398398
2019-09-30,1.715676673173621e-137,5.2016443119816723e-79,0.9976252377625204,0.002374762237657178
2019-10-01,5.950751049066192e-126,3.380607977254456e-67,0.9943669342346069,0.005633065764295889
2019-10-02,1.3288111899991936e-130,2.2320911279918694e-73,0.9110575521657911,0.08894244783437558
2019-10-03,2.0769207727487316e-134,2.5135533244860536e-77,0.29565892817874445,0.7043410718202641
2019-10-04,4.935715794308267e-132,8.62016588389504e-76,0.02224369036520227,0.9777563096364171
2019-10-07,1.263181406915689e-106,6.924435198319129e-51,0.9452800532654061,0.05471994673487953
2019-10-08,1.0114325966234355e-86,5.930835659054731e-31,0.03661020969943171,0.9633897902988406
2019-10-09,2.4573491175126336e-80,6.645195062566162e-30,0.001778661711094232,0.9982213382874663
2019-10-10,4.127457186821793e-95,5.7228767706517575e-46,3.7721025952707885e-05,0.9999622789748663
2019-10-11,8.719360453575617e-86,2.2784622718066202e-37,1.024846451716715e-05,0.9999897515351602
2019-10-14,5.94130115584387e-93,1.7245352815615895e-46,5.415885949700995e-06,0.999994584115598
2019-10-15,2.929920389696395e-85,8.876185615595601e-42,6.898761191798576e-06,0.9999931012372731
2019-10-16,2.2092024847384338e-124,8.922019868343219e-83,7.848534059702933e-07,0.9999992151463981
2019-10-17,5.592777899655508e-115,1.341495111901768e-74,6.279182364872547e-08,0.9999999372084878
2019-10-18,1.0281989522065266e-131,4.631753126125238e-93,7.510822676701958e-08,0.9999999248902923
2019-10-21,9.430608228085186e-122,3.0494900043077352e-83,6.850804557944652e-08,0.9999999314932234
2019-10-22,6.7841617464165654e-118,8.140659074066913e-81,2.00083508031028e-06,0.9999979991645894
2019-10-23,7.34280141598015e-133,1.6887130148639345e-95,4.978305974629604e-07,0.99999950216819
2019-10-24,4.266275731135236e-121,7.379542934630149e-84,2.5991259626166503e-06,0.9999974008748849
2019-10-25,4.489871094593979e-120,2.983553956184503e-82,1.338520529638401e-06,0.9999986614793533
2019-10-28,2.4840021484079433e-117,1.14558750705433e-79,1.044150829175923e-06,0.9999989558496958
2019-10-29,1.123494836713083e-112,9.733669934682211e-75,6.81717605277533e-07,0.9999993182830217
2019-10-30,5.860477436897992e-141,1.9795786335559515e-102,8.61293361441734e-06,0.9999913870676961
2019-10-31,7.879199066648931e-134,1.2269402880996966e-94,8.497466966981319e-07,0.9999991502521852
2019-11-01,1.8071038046205253e-135,1.5686717158199795e-97,2.466645790433865e-07,0.9999997533341534
2019-11-04,2.4508387274808653e-130,1.7012377116082224e-95,4.430145308338683e-07,0.9999995569852289
2019-11-05,6.670912487070507e-125,1.2257632832343361e-88,1.7616750486319856e-07,0.9999998238308918
2019-11-06,1.0315318042782155e-114,7.085911176895746e-78,3.2282394816961385e-07,0.9999996771767267
2019-11-07,2.938864556394385e-125,4.66782653063586e-89,3.6914485738572755e-07,0.9999996308543586
2019-11-08,5.980308095008786e-121,4.349726967910265e-84,4.625175805449024e-08,0.9999999537467386
2019-11-11,2.4824125565444775e-130,3.7470453491527827e-93,6.048747130095959e-08,0.9999999395113282
2019-11-12,5.444133448681572e-132,1.3686223971997065e-94,4.7402882450509614e-08,0.9999999525971373
2019-11-13,5.4598147929829075e-120,4.087812902337231e-82,9.717613537905355e-08,0.9999999028223148
2019-11-14,1.673263180048779e-123,9.60142355595713e-86,5.6189732502340324e-08,0.9999999438114189
2019-11-15,7.072711591022486e-131,1.224398592265356e-93,1.199874299176012e-07,0.9999998800121902
2019-11-18,2.428522735532826e-118,3.214225153211853e-80,1.0369614984648589e-07,0.9999998963030574
2019-11-19,4.587571215670971e-129,9.776946381163636e-91,3.066813566906606e-08,0.9999999693318391
2019-11-20,9.440887482371221e-138,4.381325274683873e-99,2.0279736065668815e-08,0.9999999797219064
2019-11-21,1.1070101375157549e-129,8.059219716191933e-91,3.2054894145581125e-08,0.9999999679457693
2019-11-22,4.193868654471872e-124,2.407626792221549e-85,2.0080808588458115e-08,0.9999999799183572
2019-11-25,4.60252597197775e-133,2.0938497763733476e-94,8.82108738637298e-09,0.9999999911779014
2019-11-26,2.8497596503823185e-121,1.9854239724609748e-82,1.8119815174564583e-08,0.9999999818792277
2019-11-27,5.769640718031802e-128,1.7191063658777265e-89,2.117680021625018e-08,0.9999999788233256
2019-11-28,2.9665822807466573e-128,1.9211923547492156e-90,3.9599634332328255e-08,0.9999999604006015
2019-11-29,3.467017913302069e-119,2.5945293436043374e-81,1.6768957266357275e-08,0.9999999832325558
2019-12-02,2.5236311573003986e-129,1.4021071863359785e-91,1.4501734368166256e-08,0.9999999854990166
2019-12-03,1.7709660119297838e-130,1.0577773267076265e-92,7.007717925961056e-09,0.9999999929932528
2019-12-04,2.2291004716676374e-138,6.789491276181116e-101,1.641779736952612e-08,0.9999999835818018
2019-12-05,2.4979822673538793e-131,9.002331454832481e-94,1.3402827452940617e-08,0.9999999865976862
2019-12-06,2.1384333360440767e-130,7.862065079778431e-93,1.340223851717787e-08,0.9999999865976862
2019-12-09,2.998448451945947e-136,1.27769744176359e-98,4.737266902242172e-08,0.9999999526262411
2019-12-10,3.884696818656374e-126,9.456632014461029e-88,1.2201524238759905e-07,0.9999998779858362
2019-12-11,2.2062686714042732e-138,2.0979472694359736e-100,4.587167241619329e-08,0.9999999541287262
2019-12-12,5.4817072485234055e-136,7.232726277726324e-98,2.567795157670707e-08,0.9999999743231459
2019-12-13,1.8014729617552755e-127,5.241291491483312e-89,4.492306720851335e-08,0.9999999550782387
2019-12-16,1.3632389874308117e-134,2.4131629377171404e-96,9.34580601236254e-08,0.9999999065403288
2019-12-17,2.976279193097742e-125,1.0945448953269458e-86,9.283396590157565e-08,0.9999999071660611
2019-12-18,6.361248583649659e-124,6.921040407395483e-85,7.604726387210959e-08,0.9999999239516939
2019-12-19,2.8662500046628086e-134,8.348862495751793e-96,7.687989351318558e-08,0.9999999231185969
2019-12-20,2.9446108885112898e-140,1.0212240848510835e-101,5.833312646061352e-08,0.9999999416686495
2019-12-23,1.465961362338114e-129,4.275419515194328e-91,6.59921540697566e-08,0.9999999340070667
2019-12-24,5.139879642038126e-139,5.6172611174757766e-101,2.9262620357651914e-07,0.9999997073755795
2019-12-25,2.3022316294615672e-128,4.767398256781392e-90,1.5133072148958718e-07,0.999999848671007
2019-12-26,1.4557191330604798e-122,3.675264954803045e-84,9.775308787637539e-08,0.9999999022475142
2019-12-27,9.256861619402605e-125,2.3279424714909173e-86,1.8692000616285021e-07,0.9999998130806663
2019-12-30,2.315969500363903e-128,1.7728139880943366e-90,6.511277896426057e-07,0.9999993488711271
2019-12-31,1.1962266622489168e-119,2.940561966172605e-77,1.0560280170173127e-05,0.999989439719965
2020-01-01,4.199222217480004e-144,1.4967493625134854e-100,4.765844489167989e-06,0.999995234157256
2020-01-02,1.2805498627424488e-123,5.317550593557325e-80,1.0189718256428504e-05,0.9999898102806417
2020-01-03,2.0712794750473388e-123,3.653109055958331e-78,8.553089380810433e-05,0.9999144691046119
2020-01-06,5.138827272265922e-133,4.776704363826319e-87,0.00041350064047715555,0.9995864993586092
2020-01-07,1.1592954878643807e-141,4.2597575590584076e-92,0.009344234096348745,0.9906557659049653
2020-01-08,1.5877194556732375e-141,1.3559038011993414e-90,0.015603001184793599,0.9843969988138795
2020-01-09,4.2068474193884795e-123,3.162227302664057e-72,0.03366393628599621,0.966336063713694
2020-01-10,1.332865673974238e-139,1.1753762145574039e-89,0.014742638141516969,0.9852573618572142
2020-01-13,1.9257723735903234e-123,2.4538409690933298e-73,0.010841766496777192,0.98915823350438
2020-01-14,9.652653658183531e-133,1.2910070989064263e-82,0.00015124137080407165,0.9998487586275192
2020-01-15,5.237976133573226e-133,7.484898448060778e-85,5.754329449190652e-05,0.9999424567071747
2020-01-16,3.112066129953175e-126,7.03228982530124e-80,0.0014820334928278142,0.9985179665080289
2020-01-17,4.573232256555446e-139,2.0479736341069252e-91,0.0006176436788947402,0.9993823563211534
2020-01-20,7.22595745448759e-133,3.1087343562414785e-85,0.0009521554149675371,0.9990478445844805
2020-01-21,7.266823517430745e-121,2.054316210196719e-72,0.0038857888962081583,0.9961142111033969
2020-01-22,1.9907344991117877e-137,4.880227550385392e-89,0.08118359932522205,0.9188164006733196
2020-01-23,8.618344446268873e-122,3.5252648613154085e-71,0.3813881712773219,0.6186118287239076
2020-01-24,8.78288710967546e-118,1.0910090427904523e-66,0.6225036341354272,0.3774963658631892
2020-01-27,7.0615866292898126e-149,8.882309098019809e-95,0.7992057367255148,0.2007942632755949
2020-01-28,8.994855900492222e-134,2.2509396743647486e-79,0.7958040207180819,0.20419597928194583
2020-01-29,1.4330965037244424e-142,4.086033376192994e-89,0.23260566714527933,0.7673943328563695
2020-01-30,3.9527450533444544e-132,9.359817627473358e-79,0.007925970720798729,0.9920740292808765
2020-01-31,8.599178190605137e-207,8.709459323945066e-138,1.0,3.245639772780831e-33
2020-02-03,9.326122930771431e-55,0.9973786330823214,0.0026157063732426154,5.660544639205304e-06
2020-02-04,1.0396048850145586e-50,0.9999997807208514,2.1927670894885286e-07,2.080852452194561e-12
2020-02-05,4.888010292901931e-51,0.9999999908613972,9.139400996403116e-09,5.63267860091977e-20
2020-02-06,2.845735758664549e-51,0.9999942527557859,5.74724317195539e-06,3.944865179558206e-14
2020-02-07,8.078022021471974e-51,0.999999940904674,5.9096377020038443e-08,4.586522137611691e-15
2020-02-10,4.141332711653352e-44,0.999999999996362,2.5498574709132766e-12,2.4489825922623467e-27
2020-02-11,4.8383738613483335e-43,1.0,2.693707199103914e-19,2.0672402803383293e-43
2020-02-12,2.869882296883092e-46,1.0,2.419548235974788e-13,2.319877095766244e-25
2020-02-13,9.027013796359937e-43,1.0,1.6187452168045537e-13,1.9752359521522987e-27
2020-02-14,2.509901766136365e-43,1.0,2.317947294549724e-14,1.5004214941736212e-30
2020-02-17,8.93583492320061e-43,1.0,6.800630633911074e-13,4.584854565214094e-28
2020-02-18,9.005723488544921e-38,0.999999999996362,2.4322123732399204e-12,5.4285229533006676e-30
2020-02-19,6.53450448783531e-38,1.0,4.165437522819129e-14,1.6831428904465285e-37
2020-02-20,1.662390650528163e-37,0.9999999994142854,5.846265306269939e-10,3.7163446660990837e-25
2020-02-21,6.1048501431619145e-37,0.9999999913998181,8.598934730703891e-09,1.8427276214982332e-27
2020-02-24,5.465473586807719e-30,1.0,3.090805108932335e-15,7.885811926014322e-36
2020-02-25,2.3504290605727523e-30,1.0,1.1245275960720713e-19,1.343712556615419e-46
2020-02-26,2.9059342753888237e-30,1.0,5.546790659267578e-15,1.8575428293401416e-35
2020-02-27,9.99346707291781e-32,1.0,1.5992261951665343e-14,4.4702975881091866e-35
2020-02-28,1.3802006286531387e-31,1.0,7.901775639637513e-16,5.856670812733374e-37
2020-03-02,1.3377626505540004e-24,1.0,2.3721213487635246e-13,3.233217396400136e-33
2020-03-03,1.0034823158691832e-21,0.9999999999308784,6.814810075509275e-11,1.1270146672446294e-32
2020-03-04,2.916075851467704e-20,1.0,1.1967444815798685e-15,4.034212540642036e-46
2020-03-05,2.4620014222083765e-20,0.9999999988758645,1.1250877404287661e-09,6.983200445455185e-27
2020-03-06,6.350761741193996e-21,1.0,1.3026324815141927e-16,1.8761853943892054e-43
2020-03-09,3.2075107130030935e-19,0.9999999989813659,1.0202029148868923e-09,5.7480728190899695e-31
2020-03-10,6.883002140740793e-18,1.0,3.9471231080899807e-14,6.820624824766293e-47
2020-03-11,1.9151017977573994e-17,0.9999999902538548,9.74593783981235e-09,2.7631998300096573e-29
2020-03-12,3.134386258411353e-17,0.9996691822041397,0.00033081779649531546,5.518824432488075e-22
2020-03-13,3.570554084689257e-15,0.9999996890365338,3.1096230100955184e-07,5.7007546868855276e-24
2020-03-16,4.49873073751338e-15,0.9999949567845602,5.043214853957605e-06,2.015652071517741e-22
2020-03-17,2.315902905678229e-14,0.999999999996362,3.2905269028510956e-12,2.9851580820715164e-39
2020-03-18,4.0538461264584405e-14,1.0,1.7588798515875914e-20,1.7875830277072752e-56
2020-03-19,1.1073425213850096e-13,0.9999999998799467,1.216588612764707e-10,2.1664640175572004e-34
2020-03-20,6.432982608604097e-13,1.0,2.571815869836958e-13,1.7775165937002341e-43
2020-03-23,1.0490590937460148e-13,0.9999999744504752,2.5549484505173737e-08,5.823419624979722e-30
2020-03-24,8.88467996981402e-14,0.9999999399187818,6.008116457172256e-08,5.2265186299282084e-30
2020-03-25,3.8046114364503265e-55,4.5619938394170156e-43,1.0,2.40587393509602e-18
2020-03-26,3.350638701638737e-49,3.669621186954333e-35,0.999999999996362,2.6087684480955975e-12
2020-03-27,2.327487143295452e-43,8.2924559282729e-29,0.9999999995707185,4.291277404938024e-10
2020-03-30,6.447629601043497e-45,1.1010130307358119e-29,1.0,4.5250466824898003e-13
2020-03-31,3.8931257516951003e-50,8.421098790192129e-36,0.9999999195752057,8.042569986690368e-08
2020-04-01,2.1650333582034883e-56,6.164297129562917e-42,0.9999999794526959,2.0547977621641827e-08
2020-04-02,2.043064773876278e-48,4.072532605722019e-34,0.9999998597559268,1.4024345421890727e-07
2020-04-03,1.0688003030276186e-49,2.4976346207744016e-35,0.9999995506151308,4.493853714883863e-07
2020-04-06,2.280398041228783e-45,5.115050710996937e-32,0.9999999717801987,2.8220865055296298e-08
2020-04-07,8.734374966612304e-46,3.4181696746194865e-32,0.999999577085053,4.2291583000849944e-07
2020-04-08,6.426162142300401e-42,1.4051721687702108e-28,0.9999999907668098,9.231608175891191e-09
2020-04-09,1.563680553366574e-41,7.482213905496326e-28,0.9999999966712494,3.3305644669257423e-09
2020-04-10,5.719337450014133e-47,2.5470287503567184e-33,0.9999999983228918,1.6757394598006895e-09
2020-04-13,6.837279739142227e-44,1.1796382740638373e-29,0.9999998448001981,1.5519958221309086e-07
2020-04-14,8.54073236514445e-44,1.31212983681184e-29,0.9999999816791388,1.8320730068396067e-08
2020-04-15,8.241754945996267e-60,4.282734389157469e-46,0.9999999996798579,3.1992394927654213e-10
2020-04-16,1.9108643446721783e-47,7.773234832513596e-34,0.9999999999563443,4.51834545466713e-11
2020-04-17,5.513049404485914e-56,1.9135410223483705e-42,0.9999999940046109,5.993609224012439e-09
2020-04-20,4.453389024265776e-54,2.8324138662392857e-40,0.9999999604915509,3.9507538131478675e-08
2020-04-21,7.345553443463482e-52,1.245851385046242e-38,0.9999999983083399,1.6906056477595742e-09
2020-04-22,1.4361483166384342e-50,4.254032071868112e-37,0.9999999193678409,8.063297149126026e-08
2020-04-23,6.703362869737454e-61,2.906452747103875e-47,0.9999999275169129,7.248155257583e-08
2020-04-24,1.1139329637494062e-56,3.578947360848323e-42,0.999999930038032,6.996141064580838e-08
2020-04-27,3.0291116788787585e-60,2.8143595641820496e-45,0.9999999976280378,2.372278271764267e-09
2020-04-28,1.3777917418863305e-47,7.851756509626512e-34,0.9999999969586497,3.039700973231563e-09
2020-04-29,1.1842298692206916e-42,2.0000148728159194e-29,0.9999999677129386,3.228526958734146e-08
2020-04-30,6.384281794236512e-42,2.357756119390815e-28,0.9999998538369361,1.4616412767163712e-07
2020-05-01,1.2589883961011497e-51,1.0935145370640664e-37,0.9999999863721315,1.362954943849197e-08
2020-05-04,3.52670383379931e-54,2.284444801057102e-39,0.999999999494321,5.041915773264763e-10
2020-05-05,2.2621131867667575e-47,3.032007045286302e-29,0.9999999976753315,2.3240251381505773e-09
2020-05-06,1.2587543670489773e-62,2.368973126113659e-44,0.9999998532584976,1.46742054225868e-07
2020-05-07,8.901898405705095e-50,5.592327177566484e-30,0.9999990914734133,9.085270737597232e-07
2020-05-08,5.207087960443544e-52,2.3828738085496878e-32,0.9999974873967137,2.512604640564985e-06
2020-05-11,3.7809878550522686e-56,4.943424177672308e-37,0.9997969733957629,0.00020302660499140496
2020-05-12,1.0343068495345842e-62,1.7153525411286474e-43,0.9999969038301698,3.096169423984468e-06
2020-05-13,2.660672717122299e-66,1.9147488557615362e-46,0.9987218403055756,0.0012781596955304805
2020-05-14,6.433481829992714e-56,1.1801796532805594e-35,0.9999496964257342,5.0303574931990074e-05
2020-05-15,6.763761213306425e-56,5.076205506907522e-36,0.999999813968333,1.86030336540547e-07
2020-05-18,1.1064771386381446e-51,2.455542974740505e-29,0.9999997627237743,2.3727662690497353e-07
2020-05-19,2.9156840735038447e-55,3.641991362327798e-32,0.9999999217616308,7.823962328275557e-08
2020-05-20,9.187817138803684e-59,1.2872478589224358e-35,0.999999980122084,1.9879396355579395e-08
2020-05-21,1.699610629059217e-62,3.977168547797042e-40,0.9999996950100932,3.049881251585624e-07
2020-05-22,2.0142995947941538e-54,6.903637505930698e-34,0.9999999997780833,2.2171981953655434e-10
2020-05-25,7.383899665348735e-65,4.4109772810396755e-41,0.9999999989813659,1.0173100885555527e-09
2020-05-26,2.4201312850057146e-58,7.457356374924777e-34,0.9999999979954737,2.0046444000629004e-09
2020-05-27,6.611909017189496e-58,1.9666773715158136e-33,0.9999999997162377,2.845803899002921e-10
2020-05-28,4.209462501024739e-55,7.246961463774634e-30,0.9999999997889972,2.1008318863488595e-10
2020-05-29,9.743048994920168e-64,2.1747169863608217e-37,0.9999999983883754,1.6098351926687278e-09
2020-06-01,3.614465516643503e-66,5.35297114778509e-41,0.9999999858810044,1.4117482616129392e-08
2020-06-02,5.873277967187567e-57,8.876987950438294e-31,0.9999999999890861,1.2714847592630067e-11
2020-06-03,7.507058409793306e-59,6.303776459555108e-33,0.9999999999272404,7.366191187999015e-11
2020-06-04,5.482076996040983e-52,1.4398087445389859e-25,1.0,3.152703405062652e-27
2020-06-05,1.557912242322212e-23,0.9999928712458661,7.1287540589288574e-06,5.476955503656235e-28
2020-06-08,1.1916858914963747e-17,0.9999999999345164,6.580571499419975e-11,4.7261146247248476e-36
2020-06-09,9.776359043281352e-15,1.0,6.083961577656325e-14,7.696998585029097e-44
2020-06-10,2.4402202749506336e-119,1.446305112724023e-101,1.0,3.225011038398916e-20
2020-06-11,2.0363144745808327e-84,7.229458134640906e-67,0.999999983883754,1.6117136916346955e-08
2020-06-12,8.376321200003088e-104,5.040528499844635e-86,0.9999999251958825,7.480420657325553e-08
2020-06-15,9.458403886342867e-90,1.3337312473675854e-70,0.9999999196224995,8.037575367778267e-08
2020-06-16,4.989274747500363e-103,5.1023739241302275e-83,0.9999991365006371,8.635003520314591e-07
2020-06-17,4.337930117622093e-108,1.39561647047783e-88,0.9999956706108646,4.329388591571057e-06
2020-06-18,1.3088469677832434e-109,1.8749818670307714e-89,0.9999836396483714,1.6360352609950318e-05
2020-06-19,1.2470669898897488e-93,1.5780930535638514e-72,0.9999951060901066,4.893910709345174e-06
2020-06-22,1.2185584439948212e-91,3.339487703853115e-71,0.9999728234088606,2.7176592954971296e-05
2020-06-23,1.0981318827377282e-105,4.4420289778348175e-85,0.9999732524095823,2.6747588978195323e-05
2020-06-24,8.886641040872042e-110,3.473190568981048e-89,0.9999501592662392,4.9840735359322355e-05
2020-06-25,3.026709259500157e-106,4.6549884875966344e-85,0.9999648892278277,3.511077208204609e-05
2020-06-26,2.1541963095256713e-106,1.34840837329287e-85,0.9999848672977302,1.5132700563394434e-05
2020-06-29,8.519043530766907e-96,2.0887607871239953e-73,0.9997350231521309,0.00026497684686110614
2020-06-30,1.4123155308860516e-108,1.0726262634018864e-86,0.9997857489646089,0.0002142510354365337
2020-07-01,2.1306929292908208e-107,1.822684040852514e-85,0.9971484571577242,0.002851542841066367
2020-07-02,4.328215862967893e-113,5.132671671707497e-91,0.9926923434325692,0.007307656568126977
2020-07-03,6.391617896574737e-100,2.979080859093168e-77,0.9899183189257307,0.010081681074187297
2020-07-06,1.907908568091021e-97,8.57966353620341e-74,0.9569554321460849,0.04304456785280639
2020-07-07,6.543572292787304e-101,4.478969309321646e-75,0.9200974799924863,0.07990252000869427
2020-07-08,1.8691530147371553e-105,1.6046278539017884e-77,0.9922704333335476,0.007729566666757942
2020-07-09,5.565290080359374e-97,3.3779432726882996e-68,0.9991505203299686,0.00084947966865259
2020-07-10,4.7629016486038464e-110,6.342911696929973e-81,0.9998688496533342,0.00013115034541211405
2020-07-13,1.7390529292043718e-98,3.7329884077015926e-70,0.9999779205754843,2.2079425905126176e-05
2020-07-14,2.1479734608964853e-103,7.586986974076885e-75,0.9999908120829872,9.187918325917131e-06
2020-07-15,3.342313621850546e-120,2.3955273485540478e-91,0.9999907396005662,9.260399239663083e-06
2020-07-16,7.529178667085075e-103,2.299065386115263e-73,0.9999973815172502,2.618481213315314e-06
2020-07-17,4.42629352685347e-106,8.127838324294041e-77,0.9999887942513239,1.1205747181748907e-05
2020-07-20,3.617775420325454e-105,3.215605417073107e-75,0.9999547731354528,4.522686422394118e-05
2020-07-21,4.158406537327441e-120,9.637144657727519e-89,0.9999645835246972,3.541647470263879e-05
2020-07-22,2.7572420936031427e-113,3.153743875412086e-81,0.999739839927972,0.0002601600727635522
2020-07-23,1.27433029756227e-100,9.819910014166711e-70,0.9998379326110424,0.00016206738750435456
2020-07-24,8.863718102013582e-119,2.3138181155095222e-88,0.999549167575783,0.0004508324233845128
2020-07-27,1.0159962135305533e-122,5.699815934811613e-93,0.997785501026075,0.002214498974978815
2020-07-28,7.695638782005288e-116,3.07407908259202e-85,0.999300589130662,0.0006994108698580422
2020-07-29,2.331518868028065e-110,1.9854489470627445e-79,0.9945097937732901,0.00549020622615385
2020-07-30,6.993401541166345e-102,4.20326913111886e-71,0.9880929499652118,0.011907050036478165
2020-07-31,3.166274379748905e-106,2.0182720210719033e-75,0.9703529347676615,0.029647065232306622
2020-08-03,1.643535182063861e-99,1.3960440368985954e-68,0.974381832690508,0.025618167309558505
2020-08-04,3.291578928573574e-110,3.1658930002136566e-80,0.9595070108489102,0.040492989149419414
2020-08-05,3.370751030713129e-111,2.9409890401188393e-81,0.869488618102711,0.13051138189892766
2020-08-06,5.20702124161546e-116,4.913259112444917e-86,0.5437884692254115,0.45621153077390114
2020-08-07,3.0763852243411405e-118,1.70798736204438e-87,0.02610234047851501,0.9738976595206108
2020-08-10,9.467226260746253e-108,9.255043044191232e-77,0.0011550591075182978,0.9988449408923313
2020-08-11,6.326921028223334e-128,4.97210664204119e-97,9.4492779321758e-05,0.9999055072194242
2020-08-12,1.2386643535090508e-122,1.1992333705761311e-92,1.9191316557533255e-05,0.9999808086817951
2020-08-13,2.433614684491424e-108,3.176522453034093e-78,2.899187790134051e-05,0.9999710081229701
2020-08-14,2.5159971920207254e-115,4.0928120126064443e-84,5.494681846490584e-05,0.999945053183053
2020-08-17,5.037853000652543e-128,1.5727732072288358e-97,0.0006490252724196806,0.9993509747291497
2020-08-18,4.221358646145935e-111,1.3398645101149288e-79,0.0012536374425137714,0.9987463625573318
2020-08-19,1.4622063761503431e-114,4.957722841422079e-83,0.00030523975619443477,0.9996947602447962
2020-08-20,2.1435377662155325e-106,1.1161376358229086e-74,0.0007624738799500802,0.9992375261209626
2020-08-21,1.3127393434822722e-110,3.986479332607922e-78,0.0009641254446584943,0.9990358745558702
2020-08-24,7.962642774435151e-132,3.5384276526217093e-99,8.736370358057983e-05,0.9999126362965488
2020-08-25,2.791496647338565e-126,6.408111633662327e-94,1.0238156977647651e-05,0.9999897618414486
2020-08-26,1.4630571426966188e-124,3.7454926320864325e-93,1.1447367839676572e-05,0.9999885526304222
2020-08-27,8.44513092286277e-113,2.843955970988479e-79,0.03247488605106866,0.967525113948426
2020-08-28,8.847698457738532e-119,8.705306210697126e-81,0.016589263289318038,0.9834107367123792
2020-08-31,2.440407834606758e-124,4.222113813624739e-79,4.097237400053224e-07,0.9999995902763588
2020-09-01,6.301428617167772e-131,8.447729131035111e-83,0.2999258151313134,0.700074184869812
2020-09-02,2.9127775737275904e-137,2.3029715433253437e-83,0.9458773375162683,0.05412266248305917
2020-09-03,4.0366234132506515e-144,1.3321312984160596e-89,0.9988035159917232,0.0011964840080505351
2020-09-04,1.7140356711728346e-141,7.001810100445508e-87,0.9997900737604091,0.00020992624060093136
2020-09-07,1.3784002392244046e-135,1.3116973834352987e-80,0.9999842323019783,1.576769842482062e-05
2020-09-08,2.7850145542897872e-130,3.0887606328883076e-76,0.9999980374178609,1.9625809469607617e-06
2020-09-09,1.381132455901834e-121,3.8947469968642064e-67,0.9999972064836494,2.793517941674815e-06
2020-09-10,2.55364390644662e-141,5.189099809461644e-86,0.9999961637550683,3.8362465479287625e-06
2020-09-11,4.157326331920144e-130,5.6850777037929026e-74,0.9999936698714273,6.330128523738197e-06
2020-09-14,4.706069274889095e-144,3.227682972545104e-88,0.9999936569384946,6.3430619459725605e-06
2020-09-15,5.743444473528466e-130,8.554970906540972e-74,0.9999873296149033,1.2670384427976845e-05
2020-09-16,4.89593467940804e-149,4.557438788714988e-93,0.9999894954277477,1.0504570499288715e-05
2020-09-17,7.330641552331744e-132,3.7347547257931597e-75,0.9999920730866002,7.92691496955667e-06
2020-09-18,9.74393877341289e-144,2.358518719173233e-87,0.9996459021600125,0.00035409784133652757
2020-09-21,1.2801579780663803e-141,7.113479801298707e-86,0.9991642121324591,0.0008357878674953134
2020-09-22,1.0298528674819595e-132,7.947056070469615e-76,0.9998208541233503,0.0001791458756314558
2020-09-23,3.4999538648388335e-138,1.1297536989840733e-80,0.999754802849226,0.00024519714989881846
2020-09-24,1.7002649268913951e-136,4.483688117386918e-78,0.9997939136812433,0.00020608631836004548
2020-09-25,3.6035809790118996e-141,2.3403667294329534e-82,0.9999659967612872,3.400323949255935e-05
2020-09-28,5.710965329752655e-126,1.4853336768393693e-67,0.9999635205818815,3.6479419245436484e-05
2020-09-29,1.6685780218196282e-142,1.3187430843800788e-84,0.9999459844912659,5.401550902456976e-05
2020-09-30,3.809181329722227e-134,2.983516430574382e-76,0.9999243234747841,7.56765235120123e-05
2020-10-01,2.3568012925736848e-126,2.2173845136859725e-68,0.999975229738372,2.477026007748203e-05
2020-10-02,8.947988502894854e-131,3.4949011192588466e-73,0.9999375564763737,6.244352267268105e-05
2020-10-05,4.544119954620154e-141,5.963486399772133e-83,0.9994937848646777,0.0005062151335212973
2020-10-06,5.3411323903700246e-135,7.090179849055079e-77,0.9950473424701226,0.004952657530033555
2020-10-07,1.9504346735713733e-148,2.8179149682058913e-90,0.9938150498360534,0.006184950164204421
2020-10-08,3.9321598283932502e-137,9.38207318209445e-78,0.9811931438380477,0.018806856161675378
2020-10-09,5.783463503715771e-139,1.86826238234462e-79,0.8983236171880689,0.1016763828104506
2020-10-12,2.85561714745331e-131,2.6696463071757834e-71,0.8922774781547584,0.10772252184495552
2020-10-13,3.5625176340454076e-127,2.289875078387297e-68,0.993650356312163,0.006349643687392339
2020-10-14,9.802406544591173e-146,2.243069677040083e-87,0.9986180207748548,0.001381979226669828
2020-10-15,1.7249627101208094e-147,3.5402827582323836e-89,0.9999767783851501,2.322161431914729e-05
2020-10-16,2.257642278793354e-140,4.409479555539078e-81,0.9999819417710363,1.805822975728964e-05
2020-10-19,2.7502704461773184e-137,9.71892680398665e-77,0.9999738061062136,2.6193892653330507e-05
2020-10-20,4.481487019951945e-141,2.2203743913087842e-81,0.9999935388431826,6.461158492851307e-06
2020-10-21,1.1644339441790194e-134,3.6533462567675297e-75,0.9999901336573349,9.866343654722712e-06
2020-10-22,2.066492426412072e-139,4.388662524927409e-78,0.9999971901564463,2.8098438631998224e-06
2020-10-23,4.6838314830184794e-129,4.065626560854024e-67,0.999999991421646,8.578234818852609e-09
2020-10-26,5.10641741333394e-143,4.1188192366197653e-81,0.999998567899754,1.4320986021070902e-06
2020-10-27,2.4695716159141586e-153,7.426070881037887e-90,0.999952289264417,4.7710737082501414e-05
2020-10-28,8.10934890746503e-147,2.8918395001978833e-83,0.9999845384549423,1.5461544463405875e-05
2020-10-29,4.574623400979215e-139,2.031747996067085e-75,0.9999581584438538,4.184155600098522e-05
2020-10-30,4.073323726225919e-148,4.223820166473893e-85,0.9999390218729401,6.097812880712464e-05
2020-11-02,1.2622746739354668e-141,4.9537272798073326e-83,0.9948848546039258,0.005115145395757424
2020-11-03,7.944239245910646e-137,5.371354988947655e-81,0.9795443476473984,0.02045565235388974
2020-11-04,4.496404319517801e-127,5.500671346996209e-72,0.970709052688416,0.029290947311374684
2020-11-05,9.007942198764916e-122,5.159963040590187e-66,0.9669962184738129,0.03300378152659953
2020-11-06,5.1330151006829873e-138,1.5431793861894932e-82,0.9786256004976086,0.02137439950303888
2020-11-09,1.701648460712834e-141,1.6143853737220626e-86,0.8629001611096486,0.13709983889036179
2020-11-10,1.981767964775403e-137,1.3295756382276781e-81,0.5730369328157949,0.4269630671843433
2020-11-11,1.8625494321140466e-139,8.6659189115392e-84,0.17614883967780187,0.8238511603240067
2020-11-12,3.315295936359881e-125,9.156410875070525e-70,0.06977540402309595,0.9302245959774987
2020-11-13,2.008652819711619e-137,1.2522122318597829e-82,0.03616514280762916,0.9638348571930542
2020-11-16,8.72227367774264e-130,3.5177090464263245e-75,0.15614409814167096,0.8438559018588428
2020-11-17,8.206454256632983e-125,4.649394452507998e-69,0.3735978972620359,0.6264021027373133
2020-11-18,2.1851447364138044e-131,1.0773495824985577e-75,0.8379833951244232,0.16201660487489208
2020-11-19,2.551683101389855e-142,2.248730522371909e-86,0.9513581485846779,0.048641851415892445
2020-11-20,6.727209832806401e-133,1.5943330906479967e-76,0.9728199291093707,0.02718007089039193
2020-11-23,1.758352234084816e-138,8.159651470537275e-82,0.9637598463160781,0.036240153682519795
2020-11-24,8.27970815774626e-113,4.810466407247126e-55,0.99999990869765,9.13019200685548e-08
2020-11-25,5.358355454928596e-84,3.6766130087325755e-28,0.999999999996362,3.4025384837173593e-12
2020-11-26,2.6270844053151338e-98,3.97871401029608e-43,0.9999999999126885,8.728219435735317e-11
2020-11-27,9.277479913042441e-93,8.265217934650905e-38,1.0,2.083988449093775e-13
2020-11-30,9.474307064949168e-99,2.7773226291110913e-43,1.0,1.1835200955102241e-14
2020-12-01,2.2720656447986842e-98,3.654194317796863e-42,1.0,2.244404410080692e-15
2020-12-02,1.0109781316956478e-92,1.4457753369116555e-35,1.0,4.521553503460906e-15
2020-12-03,3.456077049747232e-91,1.1000089389116499e-33,1.0,4.881371892795861e-15
2020-12-04,3.6616772529369454e-89,2.241707540797176e-33,1.0,1.3328473340834309e-18
2020-12-07,1.9655106571187695e-96,4.92634502262181e-41,1.0,2.243210249691092e-13
2020-12-08,1.917136497309552e-101,4.501449576814681e-46,1.0,7.687332497134335e-14
2020-12-09,4.566551587383321e-94,1.7717472241246532e-38,1.0,1.3525915210890822e-14
2020-12-10,8.338629392507156e-90,2.1846854941178617e-34,1.0,3.052943870341493e-14
2020-12-11,2.9721303402545876e-86,6.000049024029439e-31,1.0,4.679842683547549e-13
2020-12-14,5.470450235258657e-90,4.5580091875186997e-35,1.0,5.645511992097368e-13
2020-12-15,6.222208003420092e-83,3.394526054100231e-29,1.0,6.128731024909576e-13
2020-12-16,1.1132777676531454e-82,3.288853655493558e-28,1.0,8.74367418187058e-15
2020-12-17,1.4724065774015506e-90,2.610688080142434e-38,1.0,4.529790378863137e-14
2020-12-18,2.6048799197028284e-93,8.492095471763108e-36,1.0,1.6187706241275783e-29
2020-12-21,1.7889733750997577e-57,1.0,2.1487722696830776e-17,6.504755480664467e-51
2020-12-22,2.553252554190573e-46,1.0,2.5902315661658154e-21,1.0982373037160057e-64
2020-12-23,1.1998559849688088e-45,1.0,6.0188946442261736e-21,2.5860234025353122e-65
2020-12-24,6.126021335779675e-42,1.0,2.6814367779565477e-20,2.2343160555506483e-61
2020-12-25,2.8575287147372613e-41,1.0,6.143974635909751e-19,3.7971400757317195e-54
2020-12-28,1.682943692141633e-37,1.0,2.2916454798556138e-14,8.584138977815315e-49
2020-12-29,8.235543810020236e-29,1.0,4.9652662862463897e-17,8.747307310332079e-55
2020-12-30,8.055357065638651e-28,1.0,1.6924911472388472e-13,3.0770967514716173e-45
2020-12-31,1.0506181188930331e-24,1.0,3.4498105072313825e-15,1.365612074252026e-44
2021-01-01,2.7508841288816017e-24,1.0,7.833311196814948e-18,1.8003368660287778e-48
2021-01-04,1.3277696827870124e-22,0.9999999999126885,8.586750065168404e-11,6.782619956141747e-33
2021-01-05,9.428962220808353e-23,0.9999993492967704,6.507015680561104e-07,7.279360296987331e-25
2021-01-06,6.2079952214976104e-24,1.0,1.5441189731899025e-28,6.338529436018266e-79
2021-01-07,1.6866126317590034e-19,1.0,1.3890936792759744e-17,2.884505811414793e-51
2021-01-08,4.066084310314526e-21,1.0,1.3376194352378797e-18,1.9658763313834393e-54
2021-01-11,4.3931485929722695e-21,1.0,1.0573022385407338e-18,5.085453036163423e-56
2021-01-12,3.3218766184667905e-20,1.0,4.734167979620614e-24,2.0053574834222638e-70
2021-01-13,6.9193021025568235e-15,1.0,1.1934023460783875e-26,9.48141080525844e-78
2021-01-14,1.6345629926675564e-14,1.0,3.8568861861642846e-13,4.267918214868019e-47
2021-01-15,6.427903987817515e-14,0.9999999962565198,3.7436534982171916e-09,8.938916613074321e-37
2021-01-18,8.964178638391943e-14,1.0,2.4472229750987578e-14,5.1633550373914215e-51
2021-01-19,1.466377236786942e-14,1.0,1.0370707569758342e-26,3.2376340350164495e-76
2021-01-20,2.2840872318068895e-13,1.0,2.890140777137732e-13,1.0690314737912514e-52
2021-01-21,3.851166825324058e-13,0.999999999996362,2.094591096343701e-12,2.5444023817000563e-50
2021-01-22,1.4746592652382066e-12,1.0,9.101857678852793e-15,4.085453450475988e-59
2021-01-25,1.9032188812258996e-11,0.9999999999818101,8.481450158705116e-18,2.3813580215917855e-54
2021-01-26,2.5976963415880333e-12,0.9999999999527063,4.3651244386507037e-11,1.1179582973047858e-48
2021-01-27,2.59877219049515e-10,0.999999999483407,2.569438716724014e-10,9.50797197881858e-41
2021-01-28,8.2696158552672e-10,0.9999999990941433,7.817710180335845e-11,7.511557385583278e-42
2021-01-29,2.7379103102521665e-08,0.999999972598744,2.12858417493641e-11,1.01131418518648e-42
2021-02-01,5.951526234109662e-10,0.9999999994033715,2.149123913814753e-15,8.59742543745872e-55
2021-02-02,2.4611248469563114e-11,0.9999999999745341,4.551163677890324e-21,1.1214035498208045e-71
2021-02-03,1.355960025571592e-10,0.9999999998653948,2.8982763669951857e-18,8.345188729703931e-69
2021-02-04,1.5021940052831965e-10,0.999999999832653,1.7415410555827046e-11,7.032375455379702e-50
2021-02-05,1.7922930996033708e-06,0.9999982077076911,7.762653167090044e-28,5.629247460529591e-79
2021-02-08,0.0012790392492677358,0.9987209607497054,5.497149466152821e-19,2.658380250758951e-61
2021-02-09,4.177898373612694e-06,0.9999958221029337,3.3680556902617864e-18,8.924838268462527e-60
2021-02-10,4.041231301332357e-05,0.9999595876887366,7.847731529143641e-24,7.032636153904732e-70
2021-02-11,7.854302687471248e-06,0.9999921456964463,7.140750573640371e-27,1.4166227736547056e-77
2021-02-12,8.424605486188209e-10,0.9999999991559889,1.7668277024224745e-30,2.7826960351666507e-94
2021-02-15,7.577871618493494e-10,0.9999999992433004,5.718440255624851e-30,1.2674864835241604e-99
2021-02-16,8.827549427779107e-08,0.9999999117244481,4.820344617301406e-16,5.958833081189972e-61
2021-02-17,3.649438233028298e-08,0.9999999635074353,8.466195238431322e-23,1.2559311019173748e-78
2021-02-18,2.1805704094704645e-08,0.9999999781939553,2.475048250770577e-19,1.043731160258535e-71
2021-02-19,2.5663081293840596e-07,0.9999997423256323,1.043550780708395e-09,1.3558078650582074e-45
2021-02-22,2.5271657550102013e-06,0.9999974728339212,2.058140779516412e-16,2.614959120988586e-59
2021-02-23,6.7879863829870644e-06,0.9999932095828165,2.432457696545569e-09,6.797330110343821e-44
2021-02-24,3.641326640692292e-07,0.9999996358674915,9.11336376112074e-16,1.690784978351669e-58
2021-02-25,1.5617109368193066e-07,0.999999843817944,9.365324918786637e-12,4.1147040637074326e-55
2021-02-26,1.4357583660852667e-10,0.9999999998581188,4.5941940868315736e-17,9.621994332728332e-69
2021-03-01,1.5815721611109208e-09,0.9999999984065653,1.358898651578433e-11,6.0379999633570554e-55
2021-03-02,1.9767034936052623e-11,0.9999999999818101,1.1317382092561421e-21,6.911818212504102e-81
2021-03-03,5.007557264621008e-13,1.0,7.923379178129433e-16,4.127317372708481e-68
2021-03-04,1.0365065422269358e-11,0.9999999999890861,3.7202462992441646e-14,6.888097170511033e-64
2021-03-05,6.067607145275092e-109,4.449349374523737e-97,1.0,1.6508627882781595e-47
2021-03-08,4.131827412467841e-92,1.0242466565739845e-78,1.0,1.177177362343905e-37
2021-03-09,1.7043885080189868e-79,7.603308173477702e-66,1.0,4.5410774479447225e-34
2021-03-10,3.389357376382889e-98,2.244804773783996e-84,1.0,2.4477926255976433e-33
2021-03-11,1.2135112233382666e-84,1.6696581869265726e-69,1.0,1.9650346223269884e-33
2021-03-12,3.5400079679734193e-96,1.1743228627453208e-80,1.0,4.732445128940254e-31
2021-03-15,1.3552720038435847e-89,1.428804422472074e-74,1.0,3.617237838871099e-30
2021-03-16,3.154018038739171e-97,1.6929537072640436e-82,1.0,7.0643139643149e-29
2021-03-17,4.7723392099610806e-85,2.1903898921109917e-69,1.0,1.5267469980867754e-29
2021-03-18,1.3322797275216508e-78,2.1691461971340507e-63,1.0,6.187200568782102e-28
2021-03-19,1.9153906087646564e-99,3.6437256651549497e-84,1.0,3.526795573555258e-29
2021-03-22,4.026907928100249e-82,8.734598018973585e-66,1.0,8.091185095768423e-29
2021-03-23,1.497987088366305e-96,9.861929141007906e-81,1.0,1.937666475232956e-29
2021-03-24,6.1098089199897974e-90,7.440746640767854e-74,1.0,2.1800810475652383e-28
2021-03-25,6.504322503706096e-86,4.3855826134900645e-70,1.0,2.7968584982720236e-29
2021-03-26,2.244736639853725e-101,4.198002217763486e-85,1.0,2.1511486945607937e-29
2021-03-29,6.666211945904873e-94,4.424156218607262e-77,1.0,3.941746148780735e-31
2021-03-30,1.3038710443290195e-104,1.597833753544681e-88,1.0,6.298100426118049e-29
2021-03-31,8.542085345563721e-92,3.753685807450912e-74,1.0,1.770139471031472e-25
2021-04-01,2.60613676385911e-98,6.506246358803923e-80,1.0,1.7273168322509185e-25
2021-04-02,3.982293518368005e-87,1.8579628755237747e-68,1.0,1.7343092098352023e-25
2021-04-05,1.2964647893881168e-103,4.924790631791737e-85,1.0,2.356403819099125e-25
2021-04-06,1.93170101590742e-88,1.5777369300973042e-68,1.0,1.2166727844767769e-26
2021-04-07,1.2035864522494994e-108,6.040301841438031e-89,1.0,7.7801500283751985e-28
2021-04-08,5.542556960720906e-95,3.0110194589465547e-75,1.0,6.373878547296667e-27
2021-04-09,1.4944168803160694e-102,6.843965656933055e-83,1.0,5.762082243915383e-26
2021-04-12,8.1329199295513315e-106,3.2904230258038746e-86,1.0,1.0213251591550075e-24
2021-04-13,1.0922375449846272e-108,8.051169328961296e-89,1.0,3.307587454021934e-21
2021-04-14,4.2309672847599214e-96,2.0216070550446766e-75,1.0,1.3882146450482058e-21
2021-04-15,1.6756044643538963e-105,1.0038706544937563e-85,1.0,1.480508803432191e-20
2021-04-16,1.5249264578944955e-96,2.6025685997285377e-76,1.0,2.39746763776857e-20
2021-04-19,5.75135973154992e-86,5.278155884523711e-66,1.0,2.984634071404763e-23
2021-04-20,4.327818727703839e-104,2.1076076682615066e-84,1.0,1.1357594762929066e-22
2021-04-21,2.7889533318327045e-110,9.636744400109625e-91,1.0,8.137294248614588e-23
2021-04-22,3.7466043958084676e-106,4.252416884208211e-87,1.0,2.3604016803590127e-22
2021-04-23,9.787550031450455e-108,6.718802123039093e-88,1.0,1.0191087173445329e-22
2021-04-26,1.0032168532063127e-100,2.357864212691423e-79,1.0,8.347005852276011e-21
2021-04-27,1.8146072195008354e-93,6.280025694498309e-72,1.0,1.3427411534848112e-19
2021-04-28,1.3339990314702577e-105,3.5094057741024675e-84,1.0,9.68849250853021e-20
2021-04-29,7.379704211653868e-109,1.8508108049307404e-87,1.0,1.7150473022513935e-19
2021-04-30,6.80299244355307e-103,2.2801160574840436e-74,1.0,1.4185063257588527e-20
2021-05-03,1.550898151946313e-110,1.7205583090369064e-82,1.0,1.1861998694343934e-20
2021-05-04,4.8972096651258324e-104,1.1257134366841934e-75,1.0,1.4686743876253075e-18
2021-05-05,2.162364127034059e-96,2.2185241319951103e-67,1.0,5.263445998346528e-20
2021-05-06,9.106775036033353e-115,6.464470860361748e-85,1.0,6.321285907906203e-19
2021-05-07,3.93729809516374e-115,1.5232965577198938e-76,1.0,8.578823839376365e-14
2021-05-10,3.848728868259472e-108,3.575418072477141e-69,1.0,4.442209272751574e-14
2021-05-11,3.101771433615585e-113,8.09319611859613e-72,1.0,5.68794411589702e-15
2021-05-12,1.245002774134474e-113,2.3913536743283165e-70,1.0,2.6614071952734258e-14
2021-05-13,1.4837841342176254e-113,6.113129262033036e-70,1.0,2.1426051191465627e-14
2021-05-14,3.9019475878006657e-119,4.3243566716986165e-76,1.0,7.79154016345827e-14
2021-05-17,3.516261528545049e-125,2.406525433418843e-74,0.999999999992724,5.881587245473109e-12
2021-05-18,8.35491909772486e-120,1.4886730016146028e-69,0.999999999996362,3.419605919164194e-12
2021-05-19,3.4057457902392395e-126,4.062943171423663e-71,1.0,5.750505107026827e-13
2021-05-20,1.7279988366682833e-131,7.314825082626527e-71,0.999999999992724,7.034608903818434e-12
2021-05-21,3.425124716391792e-134,1.2490773901545272e-80,0.999999999996362,3.976375448550459e-12
2021-05-24,3.0254475446220055e-123,5.647380022162847e-69,0.9999999999745341,2.4664357816734766e-11
2021-05-25,2.0839570629474453e-140,2.0608616502553268e-85,0.9999999998690328,1.3041826888319295e-10
2021-05-26,2.1773341508213377e-147,3.940266813030281e-88,1.0,1.5739980505575714e-14
2021-05-27,1.8729021608479878e-145,6.094672608611022e-83,1.0,3.027797296745912e-14
2021-05-28,5.7145559831781e-148,1.864834426739916e-85,1.0,3.549115851361462e-14
2021-05-31,4.954139777468432e-138,1.9858437273565096e-75,1.0,4.094784326163206e-14
2021-06-01,1.7847059320508016e-149,1.2656232007824315e-86,1.0,1.448799236820865e-14
2021-06-02,4.5417452947573515e-138,2.2630454077138993e-75,1.0,2.664018680585565e-13
2021-06-03,2.15533208811241e-140,4.0409795115287505e-78,1.0,1.1775562202523685e-12
2021-06-04,2.049004275496945e-151,2.1112008086072868e-88,1.0,1.7046810797646417e-12
2021-06-07,8.592678191294397e-130,1.0471602086144004e-61,1.0,1.4205176778302886e-16
2021-06-08,9.953343577703053e-104,1.8715858755925423e-37,1.0,4.029346333563436e-15
2021-06-09,5.772686267145778e-101,7.864339467058257e-35,1.0,9.170767634335683e-15
2021-06-10,1.1864267458316262e-107,1.576623931116193e-41,1.0,3.843601191538344e-15
2021-06-11,1.3974499261349047e-160,1.638340733615975e-95,1.0,2.2329283495748757e-14
2021-06-14,2.6287354672721254e-144,6.677310718406096e-83,0.9999999999272404,7.113375147501776e-11
2021-06-15,7.236670475512486e-150,4.978584806062611e-89,0.9999999998399289,1.5875634699634318e-10
2021-06-16,1.6262213428809747e-150,6.087287407237485e-91,0.9999999998908606,1.1028194079701061e-10
2021-06-17,7.020546940913754e-132,3.0900938174838262e-71,0.999999999992724,8.28168388444671e-12
2021-06-18,8.492274317384262e-152,2.6509491074535103e-91,0.9999999999636202,3.7460595109752754e-11
2021-06-21,1.879072505982999e-148,2.588219410100913e-88,0.9999999999381544,6.041127516981906e-11
2021-06-22,6.174506221731356e-134,6.345463214195498e-72,0.9999999999890861,9.729863140296117e-12
2021-06-23,3.047976640279234e-136,2.2884359347199172e-74,0.9999999999781721,2.1968249867269058e-11
2021-06-24,3.047434069600406e-142,1.515154902111478e-80,0.9999999999708962,2.8702180573560187e-11
2021-06-25,1.8559497574919128e-138,3.1945471288184207e-75,0.9999999999708962,2.794445739762328e-11
2021-06-28,3.714968990051004e-131,4.191596616752404e-68,0.999999999992724,7.19163552614697e-12
2021-06-29,1.5528291509084053e-156,9.105530630574819e-93,0.9999999999708962,3.0602844177253545e-11
2021-06-30,4.372915099600525e-149,5.3206226663567345e-86,0.9999999999708962,2.91445348650989e-11
2021-07-01,3.8288868960684215e-135,1.3227190394675724e-71,0.999999999992724,7.70485235816064e-12
2021-07-02,1.166206581798289e-134,7.409862081439188e-72,0.9999999998944986,1.0461567542056755e-10
2021-07-05,1.1905291611113036e-129,8.141794780871222e-67,0.9999999998617568,1.3754121162504784e-10
2021-07-06,1.335241070104711e-148,1.0190419131624375e-85,0.9999999998472049,1.512578708546895e-10
2021-07-07,3.476512555820837e-130,9.090457634567328e-69,0.9999999999781721,2.3419145323458118e-11
2021-07-08,1.8324078805734014e-145,5.827116611599213e-84,0.9999999999672582,3.451544231635467e-11
2021-07-09,1.4021818474545124e-134,2.4818485103509237e-73,0.9999999999236024,7.614206107734346e-11
2021-07-12,4.544421553352252e-131,1.1341654616308628e-68,0.9999999997380655,2.627511118250671e-10
2021-07-13,1.0283682059276463e-151,2.4910519635818766e-89,0.9999999998472049,1.5186639650795613e-10
2021-07-14,4.830777951080175e-148,1.5458760598689925e-86,0.9999999994979589,5.027823730881121e-10
2021-07-15,3.8071837507342876e-140,3.5474913765670595e-77,0.9999999991778168,8.211442667824318e-10
2021-07-16,1.9167177360038786e-133,3.97101323207282e-70,0.9999999996252882,3.7568219755313943e-10
2021-07-19,5.876366060464235e-155,1.7132770119768086e-92,0.9999999986684998,1.3327843116831248e-09
2021-07-20,1.1287635383627779e-135,1.062335901404146e-72,0.9999999997999112,1.9982115049693332e-10
2021-07-21,6.268655969592858e-145,7.1393201446351695e-84,0.9999999935062078,6.492418132850877e-09
2021-07-22,5.169503733136256e-142,2.56513966703865e-81,0.9999999879146345,1.2084243792133804e-08
2021-07-23,1.4029635047093974e-143,4.3885096568359704e-83,0.9999999965075403,3.490990684712946e-09
2021-07-26,6.35290916479762e-131,6.579279466397678e-70,0.999999999825377,1.7609268852771715e-10
2021-07-27,3.4429953819262637e-152,5.33677503960129e-91,0.9999999999490683,5.0480413520069954e-11
2021-07-28,7.316123453991124e-139,2.4762233388620054e-77,0.9999999999854481,1.5814705975599378e-11
2021-07-29,1.4418166022375492e-148,2.1666302074616274e-88,1.0,1.0821671829031358e-13
2021-07-30,1.750907992776034e-131,1.2612197401071016e-70,1.0,5.026667854517675e-14
2021-08-02,7.659117318550222e-131,1.211780744439248e-70,1.0,8.9405106075017e-13
2021-08-03,1.1949699382127942e-146,1.5600771006152669e-86,1.0,2.6633173541260395e-13
2021-08-04,1.406202847731127e-143,1.159325717750252e-83,0.999999999996362,2.2127905627470114e-12
2021-08-05,5.1814597058802664e-142,6.65738916360181e-82,1.0,6.089081889362311e-13
2021-08-06,2.3230217944890426e-141,3.8678879831013286e-81,1.0,8.77151728311584e-13
2021-08-09,4.439820462009661e-132,2.092324180960875e-71,1.0,5.103120043789176e-13
2021-08-10,1.828870688132038e-137,4.936182730560834e-77,1.0,1.0610376410938191e-13
2021-08-11,3.7112686003773385e-141,2.0388461254217785e-80,1.0,3.450381142806648e-14
2021-08-12,5.595173271184821e-133,1.2178331487030786e-72,1.0,6.932578509402484e-13
2021-08-13,7.319784905736542e-140,7.815967083929557e-80,1.0,4.0515274574937694e-13
2021-08-16,9.506535399927488e-149,3.8881712618705717e-88,1.0,7.671770282712593e-14
2021-08-17,4.66097008296411e-149,1.524770370346317e-88,1.0,1.3838987036796586e-13
2021-08-18,5.982561379428158e-144,7.405391803443427e-83,1.0,6.881227546794867e-14
2021-08-19,2.603693847009302e-137,4.581828353409889e-76,1.0,1.7312267854991377e-14
2021-08-20,6.05013458872355e-151,1.6146993001451496e-89,1.0,2.8644782472127366e-14
2021-08-23,2.8918425781213085e-137,1.7574756730842007e-77,1.0,7.290706756533101e-14
2021-08-24,3.7726835692472175e-144,7.54145630130254e-85,1.0,6.003165646182869e-13
2021-08-25,8.597109109223851e-134,3.431830807956823e-74,1.0,3.568581143343839e-13
2021-08-26,2.105200610328087e-152,3.5646568056202373e-93,0.999999999996362,3.0710255175905643e-12
2021-08-27,2.1960794210248443e-139,5.155445771564782e-80,1.0,6.469577385037791e-13
2021-08-30,6.297599051701403e-151,4.803020144721806e-92,0.999999999992724,9.007333160654498e-12
2021-08-31,1.4095891164984585e-142,8.38571307446298e-84,0.9999999999854481,1.4633986479599596e-11
2021-09-01,6.227961204012216e-151,3.1610072599718984e-92,0.999999999992724,7.457849390623305e-12
2021-09-02,9.02481839650404e-140,2.011142829377751e-80,0.9999999999890861,1.1803831621943267e-11
2021-09-03,7.420686920351562e-132,4.889260794578154e-72,0.9999999999818101,1.963631315685487e-11
2021-09-06,2.0552265137076744e-152,1.7049756058268375e-91,0.999999999996362,2.7760896901801908e-12
2021-09-07,3.676169997551041e-136,1.4255037010853004e-74,1.0,5.149960655604937e-13
2021-09-08,1.1339906307482492e-139,8.189407471947433e-77,0.9999999999890861,1.0409696058401546e-11
2021-09-09,8.075562571584488e-142,9.105705095772603e-79,0.9999999999890861,1.0318530022401734e-11
2021-09-10,2.6393272774553465e-139,3.965679314748006e-76,0.9999999999890861,9.380395689647355e-12
2021-09-13,5.81448750412123e-147,1.078408178998161e-83,0.9999999999745341,2.4996027164131515e-11
2021-09-14,3.922171955286647e-136,5.901581130403725e-74,0.9999999999672582,3.146963237072403e-11
2021-09-15,1.0411720632892818e-133,2.1999863630378472e-71,0.9999999999781721,2.14322404675501e-11
2021-09-16,2.8961793983280163e-133,3.699770403108539e-71,0.9999999999854481,1.3901386769878826e-11
2021-09-17,9.692712367024733e-148,6.784075817126463e-86,0.9999999999818101,1.856968173436123e-11
2021-09-20,3.1303701401761287e-137,5.708015204623549e-75,0.999999999996362,3.311598011905809e-12
2021-09-21,1.1609040915054072e-150,5.1070665024266314e-89,0.999999999996362,2.422881227834664e-12
2021-09-22,5.827425991448795e-141,4.7684312450255977e-79,0.9999999999818101,1.852421178336898e-11
2021-09-23,2.2813698751414162e-154,6.493094558268687e-93,0.9999999999636202,3.671477261309021e-11
2021-09-24,1.183964038944251e-147,2.033960141329949e-86,0.9999999997889972,2.1117809708962625e-10
2021-09-27,5.62320394203934e-138,5.396145364589723e-76,0.9999999998835847,1.180434670693836e-10
2021-09-28,7.987413529072528e-131,3.759920418415006e-69,0.9999999998181011,1.8284742269855464e-10
2021-09-29,4.94864012077365e-156,3.1515745629598556e-93,0.9999999932369974,6.764604954861969e-09
2021-09-30,4.770051573963739e-140,5.095889467134589e-78,0.9999999707324609,2.9268818452219727e-08
2021-10-01,8.25847128969348e-137,1.9925722539498283e-74,0.9999999718893381,2.8111155157267647e-08
2021-10-04,4.723038709978699e-130,2.3702176970806127e-67,0.9999999532774393,4.672238956485291e-08
2021-10-05,8.330696497779408e-137,1.4666805648700316e-74,0.9999998794555794,1.2054295278502792e-07
2021-10-06,3.022484402436502e-153,2.9137621049659082e-90,0.9999999505453173,4.945550206146102e-08
2021-10-07,2.9028935043811297e-150,1.5478434585779514e-87,0.999999838313683,1.6168456920038227e-07
2021-10-08,1.447547774784563e-137,5.605991070594601e-75,0.999999969000783,3.099978906970895e-08
2021-10-11,1.2931487262274243e-148,1.496327017010801e-85,0.9999999957180989,4.283224962960362e-09
2021-10-12,9.846818915205803e-133,6.740531627888887e-69,0.9999999992360245,7.622124024205562e-10
2021-10-13,6.998072224079182e-130,2.2903543581953592e-66,0.99999998594285,1.4058186897720577e-08
2021-10-14,9.419888949334718e-129,2.1127090619254703e-65,0.9999999999090505,8.970255279660157e-11
2021-10-15,1.7158075645061748e-147,1.3969273280059075e-84,0.9999999999854481,1.5608523709553538e-11
2021-10-18,1.2406196467048392e-134,1.4198479933850972e-72,0.9999999997198756,2.793335864459062e-10
2021-10-19,9.180577919443692e-135,6.62689444789606e-73,0.9999999995052349,4.952012829501379e-10
2021-10-20,3.705391638049028e-153,4.6101086332082e-92,0.9999999988940544,1.1062982396288333e-09
2021-10-21,5.743688668832043e-146,7.396167726671793e-85,0.9999999937572284,6.2444272225882206e-09
2021-10-22,7.615349606687455e-147,8.448250436118531e-86,0.9999999825195119,1.748133261938264e-08
2021-10-25,7.166997816581235e-143,1.5374602433013386e-81,0.9999999949650373,5.035065737393752e-09
2021-10-26,7.64665931226034e-130,3.171604087593086e-68,0.9999999990686774,9.31112430234494e-10
2021-10-27,3.1601607031119215e-131,9.328117721306776e-70,0.9999999968349584,3.1667527714455864e-09
2021-10-28,1.2149688804012779e-144,2.918645453433976e-84,0.9999999176179732,8.238180670738004e-08
2021-10-29,2.126716243623928e-137,8.218668054870506e-77,0.999999845331343,1.5466990682945966e-07
2021-11-01,1.683689587358535e-146,2.2752680592246767e-86,0.9999998818530073,1.181463682349514e-07
2021-11-02,3.582158592657525e-143,1.5866676374614838e-83,0.9999995496728947,4.5032635318508844e-07
2021-11-03,1.7032763680049977e-149,1.99746219194218e-89,0.9999998775383648,1.2246081976518937e-07
2021-11-04,4.490728564900289e-136,7.761981552730217e-76,0.9999999993378879,6.62109399358975e-10
2021-11-05,6.091525912081176e-134,5.889055333785296e-74,0.9999999982937879,1.7077985381828773e-09
2021-11-08,2.7387251144287884e-129,1.8098400465261457e-69,0.9999999996398401,3.6072023768663614e-10
2021-11-09,1.1577275510649921e-127,4.147185225048757e-68,0.9999999992905941,7.107650321884969e-10
2021-11-10,7.343243743278503e-148,5.8751311794811976e-89,0.9999999989559001,1.0443705391930569e-09
2021-11-11,3.693851399926168e-130,4.139493084567125e-71,0.999999999996362,3.265071000655545e-12
2021-11-12,3.8438860099522763e-146,9.097032162192613e-88,0.9999999999599822,3.8995254551255457e-11
2021-11-15,1.1601235697280623e-139,3.938371766632104e-80,0.9999999993233359,6.738648777135862e-10
2021-11-16,7.309592305821399e-136,2.736077363660909e-76,0.9999999997162377,2.838455359337374e-10
2021-11-17,2.1210350873438163e-149,9.547839487641508e-90,0.9999999998981366,9.894188675566804e-11
2021-11-18,4.437035823997269e-146,1.88854919690433e-86,0.999999999308784,6.926037443672657e-10
2021-11-19,4.9341656707446285e-143,2.457527247153262e-83,0.9999999985375325,1.4652338051033885e-09
2021-11-22,6.768300212866531e-147,2.2132277450298306e-87,0.9999999948049663,5.197519335171933e-09
2021-11-23,9.818279852160625e-130,1.5175200840013336e-69,0.9999999989595381,1.0404007065359226e-09
2021-11-24,8.816291247117021e-146,6.504241314499689e-85,0.9999999980500434,1.95288693251545e-09
