date,0,1,2
2015-03-26,0.053460652204913986,0.9465393477704038,2.4682604671695563e-11
2015-03-27,0.192541800608835,0.8074228933150518,3.530607611193649e-05
2015-03-30,0.21337149018609178,0.7866254774823083,3.0323315999287773e-06
2015-03-31,0.3284228680507675,0.6715771317977475,1.5148523555122647e-10
2015-04-01,0.4256522928159729,0.5743477071834318,5.947363447197765e-13
2015-04-02,0.9875253409858589,0.012474659014139177,1.3526024693584037e-15
2015-04-03,0.8053701123093603,0.1946298876532892,3.7350689078025656e-11
2015-04-06,0.5345183480012136,0.46548163354586447,1.8452922954094118e-08
2015-04-07,0.6191650853327991,0.38083490254724445,1.2119956027850205e-08
2015-04-08,0.9997026338496764,0.0002973661503226159,3.906426649626293e-22
2015-04-09,0.9999957531913397,4.246808661931584e-06,3.247879680367838e-30
2015-04-10,0.9999911274035943,8.872596404807489e-06,3.415978185580435e-24
2015-04-13,0.9999848565535736,1.5143446426702135e-05,1.4698669038837186e-32
2015-04-14,0.9998740709952456,0.00012592900475342906,4.7457914889456484e-23
2015-04-15,0.9999750151527947,2.498484720356418e-05,2.0745164681693778e-18
2015-04-16,0.999992097236666,7.90275894449718e-06,4.389623567331624e-12
2015-04-17,0.9999714099019603,2.8590098039933386e-05,6.746261068530123e-16
2015-04-20,0.999998922349908,1.077650090921342e-06,1.9547422304326073e-39
2015-04-21,0.9999950783068211,4.921693177789138e-06,6.226614119534958e-25
2015-04-22,0.9999980975514453,1.9024485559193372e-06,3.9288792720785243e-28
2015-04-23,0.9999931709964341,6.829003567168036e-06,6.097052338595648e-31
2015-04-24,0.9999979131347093,2.086865290122643e-06,5.959420532191148e-28
2015-04-27,0.9999969349485488,3.065051450940964e-06,1.5053841389692746e-18
2015-04-28,0.9999959428323337,4.056704633832839e-06,4.630309633624863e-10
2015-04-29,0.9999916389583475,8.361004230522821e-06,3.742251390916306e-11
2015-04-30,0.9997977409009493,0.00020220962340801053,4.947564232752342e-08
2015-05-01,0.9999694162979448,3.05837020549063e-05,1.6529419521100282e-18
2015-05-04,0.9999909004012633,9.099488060121676e-06,1.1067501827141888e-10
2015-05-05,0.9999917925155356,8.207473444280262e-06,1.1020422374951153e-11
2015-05-06,0.9999887972162753,1.1202783708561354e-05,1.4992607996452128e-14
2015-05-07,0.9998676149395762,0.0001323850604227966,1.047279146666171e-16
2015-05-08,0.9987006275715561,0.0012993692364124025,3.1920320835841913e-09
2015-05-11,0.9975830891382915,0.002416910857252009,4.4561461547990216e-12
2015-05-12,0.9978700444306488,0.0021299555693520492,1.066491966646066e-16
2015-05-13,0.9982524530794097,0.0017475469205888603,3.453580265231818e-20
2015-05-14,0.9898933666189585,0.010106633381040321,1.2260251216758245e-17
2015-05-15,0.9892249997601367,0.010775000190753342,4.911161981429139e-11
2015-05-18,0.9352794534156791,0.06472054658282775,1.4947737076769912e-12
2015-05-19,0.9160284239736382,0.08397157602636353,3.5226840950963057e-20
2015-05-20,0.32189470184051266,0.6781052981594886,6.48799674373596e-22
2015-05-21,0.3109970800638282,0.6890029124856722,7.4504995740270815e-09
2015-05-22,0.7889470524100528,0.2110529475899458,1.779849359543713e-18
2015-05-25,0.9868433984297916,0.013156601570196972,1.241969939904352e-14
2015-05-26,0.9999857367062224,1.4263293778165469e-05,1.1452369464195418e-28
2015-05-27,0.9996821947162985,0.0003178052836998097,1.4213433740087613e-29
2015-05-28,0.9999876206380982,1.23793619019868e-05,2.8138686524809515e-30
2015-05-29,0.9999865820723625,1.3417927639197985e-05,1.5051662926473514e-24
2015-06-01,0.999952644935963,4.735506403666649e-05,4.705893769357533e-28
2015-06-02,0.9999892499336102,1.0750066388320321e-05,1.4548591034089988e-23
2015-06-03,0.9988599526486421,0.0011400473513587606,1.534719580436871e-29
2015-06-04,0.9953978056223777,0.00460219437762408,1.8871000029927927e-19
2015-06-05,0.9935657477298748,0.006434252270127708,4.182963058207613e-44
2015-06-08,0.9749743522387431,0.02502564776125745,2.975312533527507e-33
2015-06-09,0.996957429118236,0.0030425708817652204,3.57184235854569e-29
2015-06-10,0.9999659215244887,3.4078475512590866e-05,1.040220051809096e-27
2015-06-11,0.9999750685743027,2.493142569633983e-05,1.2286567916615117e-26
2015-06-12,0.9984558233953934,0.001544176604606531,3.306605360430269e-21
2015-06-15,0.9999461965525108,5.38034474800478e-05,1.0094974389908782e-14
2015-06-16,0.9999580060336213,4.199396637801246e-05,1.996171652414555e-22
2015-06-17,0.9999967803115088,3.2196883598592587e-06,1.3179572304431921e-13
2015-06-18,0.9999965608993711,3.439100630083119e-06,8.611259492481288e-18
2015-06-19,0.9999941218298819,5.878170119512826e-06,2.9348931857846517e-24
2015-06-22,0.9999906172343923,9.38276560837241e-06,3.5894979705270055e-19
2015-06-23,0.9998848305727391,0.00011516942664676956,6.157796202359381e-13
2015-06-24,0.9999953139765496,4.686023449351189e-06,2.401387605757103e-18
2015-06-25,0.9999548694810252,4.513051897510886e-05,1.4295365977435707e-20
2015-06-26,0.9999962327973517,3.767202649499906e-06,1.5453048799489997e-26
2015-06-29,0.999997927248503,2.072751497581365e-06,1.1192310303129594e-24
2015-06-30,0.9999686584456539,3.134155434355147e-05,3.924243939706688e-15
2015-07-01,0.9999929929049683,7.007095031638527e-06,4.648859354970976e-31
2015-07-02,0.9999997361607306,2.638392695828437e-07,5.262750740448911e-24
2015-07-03,0.999990659482374,9.340517626818858e-06,1.6242324623491842e-17
2015-07-06,0.9999877076453632,1.229235463613842e-05,2.7531600178300634e-24
2015-07-07,0.999992769685411,7.230314588914352e-06,5.4238885944002714e-17
2015-07-08,0.999991639586892,8.360349413464375e-06,6.369428639738454e-11
2015-07-09,0.9999961680072738,3.831992725695029e-06,2.654821749411696e-22
2015-07-10,0.9999945347824669,5.465217532416718e-06,5.879052003490618e-16
2015-07-13,0.999969645689928,3.035430950621744e-05,5.663640616459268e-13
2015-07-14,0.9999727262017949,2.7273750796766244e-05,4.740793268190642e-11
2015-07-15,0.9995854529094239,0.0004145470905744647,3.6458662439030964e-25
2015-07-16,0.9933720391424429,0.006627960857551581,4.703915568143677e-15
2015-07-17,0.9988595320093356,0.001140467990664638,1.3160885425982989e-15
2015-07-20,0.9958476473688833,0.00415235263111667,2.4207455883178536e-20
2015-07-21,0.9886409626402145,0.011359037359785763,4.624926773361768e-19
2015-07-22,0.9846900165767298,0.015309983242671082,1.8059784865994946e-10
2015-07-23,0.9998806718928829,0.00011932810709247931,2.455877239200674e-14
2015-07-24,0.9999027083202355,9.729167976358648e-05,1.0408766027929451e-16
2015-07-27,0.9999822882588798,1.771174112038748e-05,8.725787448346475e-19
2015-07-28,0.9999962335374787,3.7664625221681297e-06,1.330697430651544e-32
2015-07-29,0.9999932075967493,6.79240324995184e-06,3.2906259744900105e-20
2015-07-30,0.9999957970904207,4.202909566917111e-06,1.1717369170229981e-14
2015-07-31,0.9999835636125269,1.6436387473054042e-05,2.4363177199921764e-16
2015-08-03,0.9999964810911742,3.5189049413087303e-06,3.8847636204286055e-12
2015-08-04,0.9999927603612747,7.239638724037402e-06,4.6680381568237653e-20
2015-08-05,0.9999862279346164,1.377206518872267e-05,1.9448353315654263e-13
2015-08-06,0.9998904656497838,0.00010953435021667077,8.585725948022047e-26
2015-08-07,0.9999752729253483,2.4727074650116423e-05,8.384586346963802e-21
2015-08-10,0.9999811483755303,1.8851624468280115e-05,3.1010882489954496e-22
2015-08-11,0.9999701928427919,2.980715709145117e-05,1.1615152584030618e-13
2015-08-12,0.9999745041067158,2.549589328307399e-05,2.6265895295993297e-19
2015-08-13,0.9999953285301234,4.670715200661026e-06,7.546761900589074e-10
2015-08-14,0.9999950002330036,4.999735853907831e-06,3.114157143253854e-11
2015-08-17,0.9999994577354712,5.422645281310463e-07,1.9692073672487083e-27
2015-08-18,0.9999995967134079,4.0328659091305014e-07,7.648543585910198e-26
2015-08-19,0.9999999684728427,3.1527158255198546e-08,3.132860195150705e-28
2015-08-20,0.9999996503596591,3.4964034133832885e-07,1.9026919633896748e-26
2015-08-21,0.9999997063533645,2.9364663391989006e-07,9.438739730589067e-25
2015-08-24,0.9999995963913866,4.0360861225485786e-07,8.551385600847034e-19
2015-08-25,0.9999962272131819,3.7727868101152472e-06,7.866950787604394e-15
2015-08-26,0.9999998086978531,1.913021466562864e-07,2.411817541148659e-18
2015-08-27,0.9999993820171538,6.179828468175727e-07,6.191310534078382e-17
2015-08-28,0.9999792695726301,2.0730127191144315e-05,3.001794044241513e-10
2015-08-31,0.9999905106460687,9.489353928009388e-06,2.7579665006637077e-15
2015-09-01,0.9999996231700122,3.7682998605162366e-07,7.816176110909276e-28
2015-09-02,0.9999898710833224,1.012891667746285e-05,1.0608152414346795e-23
2015-09-03,0.9999968902555025,3.1097444980054467e-06,4.510316901143679e-16
2015-09-04,0.9999953462428054,4.653757196359525e-06,1.7406717896971557e-17
2015-09-07,0.9999826724472068,1.732755277990296e-05,1.1594467048162178e-14
2015-09-08,0.9999849709430857,1.502905691451966e-05,6.607600631738659e-18
2015-09-09,0.999999853816032,1.4618396836626628e-07,2.5752638261152746e-24
2015-09-10,0.999999644076101,3.5592389936902476e-07,1.2427303835106665e-18
2015-09-11,0.9999969006279199,3.0993720813938358e-06,3.657127100268886e-30
2015-09-14,0.9999481860776155,5.181392238501415e-05,1.5543335298593786e-21
2015-09-15,0.9999877069245087,1.2293075492470376e-05,7.77510302395654e-17
2015-09-16,0.9995094266726183,0.0004905733273825547,3.167240999001223e-16
2015-09-17,0.9998402211283647,0.00015977887163419525,5.253642211314849e-24
2015-09-18,0.9999512965547472,4.8703365067078284e-05,8.018489026701388e-11
2015-09-21,0.9999810526574594,1.8947198542092428e-05,1.4399935416642788e-10
2015-09-22,0.9999974497310239,2.5502689750032685e-06,6.694346248935811e-17
2015-09-23,0.9999812463287584,1.8753671240907358e-05,1.2991897493843696e-19
2015-09-24,0.9999242046760132,7.579532398631125e-05,5.240856525712808e-19
2015-09-25,0.999845296403355,0.0001547035966436995,2.2272194474201197e-26
2015-09-28,0.9994880187753943,0.0005119812246072192,1.0461471148824502e-19
2015-09-29,0.9985810898812936,0.0014189101186774084,2.752516062405041e-14
2015-09-30,0.9989702908799851,0.001029709120013682,1.0160529567492122e-15
2015-10-01,0.9998213039772627,0.00017869601073624953,1.1999959453967097e-11
2015-10-02,0.999868071380128,0.00013192861987280908,1.470349491567863e-17
2015-10-05,0.9974757873211201,0.002524212678881262,1.3069845556792917e-26
2015-10-06,0.9994339565624378,0.0005660434375618692,1.040857075801451e-22
2015-10-07,0.9993682629141687,0.0006317370858318473,6.579337048537642e-19
2015-10-08,0.9988363614358254,0.00116363856417312,4.430004095739025e-17
2015-10-09,0.9976464335672643,0.002353566421238913,1.1498284062148855e-11
2015-10-12,0.9923412690660555,0.007658707945079455,2.2988863882307738e-08
2015-10-13,0.9964052917690585,0.00354948713419929,4.522109674089598e-05
2015-10-14,0.9999219496092919,7.805023685209532e-05,1.5385572348145569e-10
2015-10-15,0.9999924611958898,7.538804108661124e-06,1.1682399082659564e-22
2015-10-16,0.9999416349607336,5.836502428591454e-05,1.498005412678131e-11
2015-10-19,0.9994919309467376,0.0005080690532612523,9.62167240310653e-21
2015-10-20,0.9979526012171845,0.0020473987823386337,4.757417233952833e-13
2015-10-21,0.9999797110542451,2.0288945756391905e-05,6.572929837947679e-40
2015-10-22,0.9999891561648484,1.0843835152967662e-05,1.7967043900284238e-17
2015-10-23,0.9999967564866208,3.2435133795338593e-06,1.16036823212991e-16
2015-10-26,0.9999988812451234,1.118754875795473e-06,1.0619992444630658e-18
2015-10-27,0.9999943502308509,5.649769149100802e-06,3.147870630406556e-17
2015-10-28,0.999997478956251,2.5210437482744967e-06,3.571394844048431e-21
2015-10-29,0.9999995164461822,4.835538046794832e-07,1.317286282171682e-14
2015-10-30,0.999999926460748,7.353925264697746e-08,7.912507363416736e-31
2015-11-02,0.9999996267754895,3.7322450895293763e-07,6.98792816086212e-19
2015-11-03,0.9999997709292123,2.290707893442248e-07,6.262980286065335e-24
2015-11-04,0.9999984788759559,1.5211239902544605e-06,5.3025333873647035e-14
2015-11-05,0.9999996395790475,3.6042095183279576e-07,1.352657137607221e-15
2015-11-06,0.9999996720813358,3.279181857355598e-07,4.784457529116342e-13
2015-11-09,0.9999994798170848,5.201829118026419e-07,3.084626275941793e-15
2015-11-10,0.9999993668481345,6.331518639707436e-07,6.969555109242069e-17
2015-11-11,0.9999976823200019,2.3176799973481873e-06,1.059560896943207e-16
2015-11-12,0.9999990030032033,9.969967945987762e-07,1.147383972298281e-15
2015-11-13,0.9999998239112187,1.760887827992398e-07,1.7820322691875287e-33
2015-11-16,0.9999999575080887,4.249191131140066e-08,4.832065459915355e-35
2015-11-17,0.9999998654044956,1.3459550478578203e-07,3.3052499035751534e-27
2015-11-18,0.9999999506638785,4.9336121236749416e-08,2.640968333084018e-25
2015-11-19,0.9999999498270368,5.01729615036246e-08,4.1681463302942556e-33
2015-11-20,0.9999997857293205,2.1427068006818192e-07,1.2263078250632208e-27
2015-11-23,0.9999999522799279,4.772007211419129e-08,4.192336475611422e-18
2015-11-24,0.9999999874992193,1.2500779499773877e-08,3.0613152121104573e-29
2015-11-25,0.999999968503531,3.149646790297716e-08,4.324832609505738e-37
2015-11-26,0.9999999559428093,4.405719121939612e-08,1.4616864942043612e-27
2015-11-27,0.9999999931636872,6.836314068052818e-09,2.6298413925187967e-20
2015-11-30,0.9999999995559143,4.4408490530683356e-10,4.990801465500224e-30
2015-12-01,0.9999999947925815,5.207418883987091e-09,9.776078498429511e-16
2015-12-02,0.999999984088909,1.5911091335927254e-08,4.184570298516508e-24
2015-12-03,0.9999999986873505,1.3126508849190446e-09,8.204543490875264e-26
2015-12-04,0.9999999982473042,1.7526941915404906e-09,1.5245654065033532e-26
2015-12-07,0.9999999999711804,2.8819815091089607e-11,1.3918528520934052e-36
2015-12-08,0.9999999983748076,1.6251932150079008e-09,1.326716966208785e-35
2015-12-09,0.999999999983725,1.6276127333596614e-11,9.440749921283647e-36
2015-12-10,0.9999999825603326,1.7439666996542788e-08,2.4908608396932144e-36
2015-12-11,0.9999994317987964,5.682012019464893e-07,2.239709594274349e-22
2015-12-14,0.9999998093039086,1.9069609214968834e-07,1.7415215960859977e-24
2015-12-15,0.9999998777688862,1.2223111279477315e-07,1.6234527907358337e-22
2015-12-16,0.9999999789241267,2.107587252750643e-08,1.529266707067788e-23
2015-12-17,0.9999999972589677,2.7410308203023117e-09,3.258959320288475e-19
2015-12-18,0.9999999997532711,2.4672863508451806e-10,3.614041326317649e-18
2015-12-21,0.9999999939374042,6.062594594478251e-09,8.722092065543093e-16
2015-12-22,0.9999999463399775,5.366001226917283e-08,9.999897507859206e-15
2015-12-23,0.9999999712432524,2.8756534320103106e-08,2.1164137330973806e-13
2015-12-24,0.9999998112720192,1.8872227663917962e-07,5.703135865599131e-12
2015-12-25,0.999999971074335,2.892566384444876e-08,9.446378793229389e-19
2015-12-28,0.9999999767077912,2.3292208901165226e-08,1.2103238150467606e-18
2015-12-29,0.9999999522239353,4.7776063062293126e-08,2.940793913394165e-17
2015-12-30,0.9999994933185019,5.066814960081241e-07,4.701922636220028e-16
2015-12-31,0.9999996003685413,3.9962558027018254e-07,5.877534380074139e-12
2016-01-01,0.9999964222497811,3.5777502181086742e-06,2.7212600207004036e-16
2016-01-04,0.999981804346757,1.819565324456521e-05,9.695972789473675e-19
2016-01-05,0.9999985260427335,1.4739572657160383e-06,1.2872614368682422e-23
2016-01-06,0.9999930920235302,6.9079764701754546e-06,9.132258228925151e-16
2016-01-07,0.9999867697398872,1.3230260041493417e-05,7.008087614430382e-14
2016-01-08,0.9999991092115141,8.90788487577794e-07,1.542715342248429e-18
2016-01-11,0.9999980085753362,1.9914246356934237e-06,2.921902685898409e-14
2016-01-12,0.9999873614572528,1.2616261219746349e-05,2.2281526094328175e-08
2016-01-13,0.9996665867009105,0.0003333346514697949,7.864761870115162e-08
2016-01-14,0.9945903097566068,0.005408638753667989,1.051489724860875e-06
2016-01-15,0.9999376963769578,6.230362303987607e-05,1.6166934689747842e-15
2016-01-18,0.9999998588138006,1.4118620101657029e-07,8.455301678719552e-36
2016-01-19,0.9999999565697495,4.343024971521052e-08,3.422208473985513e-29
2016-01-20,0.999999430233731,5.697662706718298e-07,5.330273505773461e-26
2016-01-21,0.9999999982668122,1.7331889539873881e-09,6.312381215292047e-51
2016-01-22,0.9999999944780242,5.521975792375103e-09,1.991106564964336e-36
2016-01-25,0.9999999732964401,2.6703559783687658e-08,2.6566535092460764e-27
2016-01-26,0.9999999983510364,1.6489629210191455e-09,2.9959948687453955e-29
2016-01-27,0.9999999998732427,1.2675657272389938e-10,1.0461822881204096e-26
2016-01-28,0.9999999946278244,5.372175527587186e-09,1.3631585961266248e-24
2016-01-29,0.9999999865383381,1.3461662028646442e-08,6.929296569387061e-24
2016-02-01,0.9999999526961727,4.730382766667495e-08,1.70085396886719e-20
2016-02-02,0.999996963823063,3.0361769387440374e-06,4.454280218788534e-20
2016-02-03,0.9999999063038886,9.369611137440337e-08,1.59840330654982e-22
2016-02-04,0.9999997376745238,2.6232547499350537e-07,3.3844025128036013e-18
2016-02-05,0.9999922720601832,7.72793981222489e-06,3.964313740137227e-15
2016-02-08,0.9999906560145422,9.343985457948983e-06,1.3577191872063307e-28
2016-02-09,0.9999893748743334,1.0625125664918717e-05,2.96591799910532e-20
2016-02-10,0.9992636422576403,0.0007363577414582383,9.006665615924528e-13
2016-02-11,0.999941966830313,5.803316968621149e-05,7.001469298263454e-20
2016-02-12,0.9999974322515752,2.5677484248408817e-06,1.0451369741726113e-22
2016-02-15,0.9999764326810288,2.356731890099113e-05,7.046671024583197e-14
2016-02-16,0.9990482932751691,0.0009517067248314015,2.9442033661731916e-19
2016-02-17,0.9993859676750549,0.0006140323249389257,6.914071081238343e-15
2016-02-18,0.9962227095440986,0.0037772904555915063,3.105058881428842e-13
2016-02-19,9.205464097476388e-84,0.9999912256213129,8.774378690045079e-06
2016-02-22,1.5630965274214077e-51,0.0003066916009683976,0.9996933083990333
2016-02-23,2.6096858953907587e-49,3.862649707820995e-05,0.9999613735029222
2016-02-24,7.177226740409745e-45,6.571789220103573e-05,0.9999342821077999
2016-02-25,4.62572026478971e-46,1.2076107136870334e-06,0.9999987923892855
2016-02-26,1.3259922542293328e-51,5.489854739913655e-07,0.9999994510145257
2016-02-29,1.878780475857049e-46,2.522119960008448e-07,0.9999997477880027
2016-03-01,1.1446737297564073e-54,3.5342970159448464e-08,0.9999999646570294
2016-03-02,1.1049663924174523e-50,1.558742252339735e-07,0.9999998441257759
2016-03-03,3.469322721304785e-54,1.7937840923784022e-08,0.9999999820621587
2016-03-04,3.210606883788151e-47,6.509294654297475e-08,0.9999999349070542
2016-03-07,6.8295922350303435e-50,1.0427814542208756e-08,0.9999999895721849
2016-03-08,5.243859379482814e-47,1.0198122094467736e-08,0.9999999898018785
2016-03-09,6.639586400483021e-61,5.103694413168492e-09,0.9999999948963065
2016-03-10,2.906366812513831e-55,3.931888707656824e-09,0.9999999960681105
2016-03-11,1.757189830854713e-48,1.0499449816368179e-08,0.9999999895005498
2016-03-14,3.4631559998512856e-65,3.5595629798864646e-09,0.9999999964404367
2016-03-15,3.885335090243087e-58,4.0143615695265366e-10,0.9999999995985647
2016-03-16,7.369162209622933e-64,4.0499917337125924e-10,0.9999999995950013
2016-03-17,1.5220148024232114e-62,8.451307731260527e-11,0.9999999999154863
2016-03-18,1.536437192116631e-56,6.334890581190008e-10,0.9999999993665103
2016-03-21,1.1916252358110836e-62,1.0421870991207831e-10,0.9999999998957811
2016-03-22,1.763147728473324e-56,7.400468820354816e-10,0.9999999992599538
2016-03-23,2.2170137410348953e-50,7.143028323310662e-10,0.9999999992856967
2016-03-24,5.092245660337217e-63,5.151579560380269e-10,0.9999999994848423
2016-03-25,2.3564680366407037e-63,5.444434807372391e-11,0.9999999999455564
2016-03-28,9.890281005056729e-54,1.4682672831006413e-09,0.9999999985317327
2016-03-29,2.4656439966085076e-58,2.9833700533466174e-10,0.9999999997016626
2016-03-30,2.354042535428339e-52,6.02758259996379e-10,0.9999999993972413
2016-03-31,6.664763969270817e-62,4.473902292907549e-10,0.9999999995526103
2016-04-01,2.467457795740002e-55,6.364738476404412e-10,0.999999999363526
2016-04-04,6.16529155842516e-51,3.863513543633517e-10,0.9999999996136495
2016-04-05,3.463108692104285e-64,8.468110446633342e-10,0.9999999991531894
2016-04-06,4.856376731065369e-54,1.2417581314604281e-09,0.9999999987582413
2016-04-07,8.99500526013772e-55,1.8098609254931163e-10,0.9999999998190141
2016-04-08,1.7231498776833042e-52,5.130470439984757e-10,0.9999999994869526
2016-04-11,1.2192754860095458e-67,2.4062690026192433e-10,0.9999999997593729
2016-04-12,3.4426810225258872e-62,3.189164980952956e-10,0.9999999996810836
2016-04-13,1.4775943725897936e-67,3.5625045594273914e-10,0.9999999996437499
2016-04-14,2.366754457893177e-62,2.6106789666337055e-09,0.9999999973893203
2016-04-15,5.63873813649323e-76,1.486313728060471e-09,0.9999999985136867
2016-04-18,1.3618753413692502e-72,2.1193436784619665e-10,0.9999999997880664
2016-04-19,4.478473588523213e-63,1.8930998073355716e-09,0.999999998106901
2016-04-20,2.3913221389806483e-70,1.0639196896722572e-09,0.9999999989360795
2016-04-21,5.764358223069332e-66,1.8590695906601924e-10,0.9999999998140936
2016-04-22,2.3774462075727396e-72,5.488229969700593e-11,0.9999999999451177
2016-04-25,2.289163131652991e-67,1.2260499551825674e-10,0.9999999998773959
2016-04-26,4.534985887268803e-77,5.202906788475375e-11,0.9999999999479705
2016-04-27,1.0772884424846224e-73,1.8792555136799998e-10,0.9999999998120739
2016-04-28,1.3222832519771887e-72,7.988988618295279e-11,0.9999999999201101
2016-04-29,7.358078771583711e-76,1.3350588417491327e-10,0.9999999998664943
2016-05-02,5.669344797309875e-79,2.2899137595854565e-11,0.999999999977101
2016-05-03,3.407290595854382e-81,3.232808562048436e-11,0.9999999999676721
2016-05-04,3.610005585686242e-77,2.6584447479029222e-09,0.9999999973415541
2016-05-05,5.5380511297682015e-90,8.568966144808941e-10,0.9999999991431032
2016-05-06,9.820540450778234e-86,2.7764820146634614e-11,0.9999999999722355
2016-05-09,2.8299142288476784e-87,1.975065163476114e-11,0.9999999999802487
2016-05-10,2.2661506674844275e-86,1.1662518773749124e-11,0.9999999999883364
2016-05-11,3.62573652835979e-83,2.7579197294501642e-11,0.9999999999724203
2016-05-12,5.493550962820527e-89,9.049185223252118e-11,0.9999999999095088
2016-05-13,7.199680315836361e-83,3.183443728856657e-10,0.9999999996816555
2016-05-16,6.252248863877192e-86,1.1361901791777345e-10,0.9999999998863807
2016-05-17,1.7204331852876413e-83,6.812457433040797e-11,0.9999999999318749
2016-05-18,1.0505629666192765e-87,2.4443955609832987e-11,0.9999999999755556
2016-05-19,4.3803179691366934e-96,9.020693749582672e-11,0.999999999909793
2016-05-20,1.9996517300223972e-85,1.6157919666220005e-09,0.999999998384208
2016-05-23,1.7715380679924724e-85,6.676688064898298e-10,0.9999999993323314
2016-05-24,1.9638712896300794e-89,4.4389696508440997e-10,0.9999999995561026
2016-05-25,1.6941086999953503e-93,3.2673156445586902e-09,0.9999999967326829
2016-05-26,1.26759892480345e-91,1.95656356947284e-09,0.9999999980434353
2016-05-27,1.6211409075350458e-85,3.836424941504141e-09,0.9999999961635737
2016-05-30,1.1933913995541104e-87,8.988139804217494e-10,0.9999999991011865
2016-05-31,1.959534596646616e-83,2.795321841749213e-09,0.9999999972046787
2016-06-01,6.542412886201876e-89,1.0023696079691349e-10,0.9999999998997637
2016-06-02,6.628211268917587e-86,5.779672976553124e-11,0.9999999999422027
2016-06-03,1.444943449024469e-91,4.6532695798335705e-11,0.9999999999534666
2016-06-06,1.475633591614854e-90,3.6967290032289346e-11,0.9999999999630322
2016-06-07,8.52619677025967e-92,2.9781619046242224e-11,0.9999999999702176
2016-06-08,1.6501252738027717e-82,2.4128417205712517e-10,0.9999999997587157
2016-06-09,5.063306865996811e-84,4.638457105230356e-11,0.9999999999536158
2016-06-10,7.158302864998117e-79,6.742796232049175e-11,0.9999999999325713
2016-06-13,8.792588392814761e-82,2.7827400938577876e-11,0.9999999999721734
2016-06-14,1.2231761908096477e-81,2.5155146881660327e-11,0.999999999974845
2016-06-15,1.3775806689056666e-85,1.2043717633434868e-11,0.9999999999879563
2016-06-16,4.318504844508423e-81,1.533694093981921e-11,0.9999999999846629
2016-06-17,1.6652428260068778e-77,1.0263568523812946e-10,0.9999999998973639
2016-06-20,1.9503235790303846e-81,3.919957384199402e-11,0.9999999999608011
2016-06-21,4.324056565306438e-93,1.5751824555919885e-11,0.999999999984249
2016-06-22,1.896246040090887e-229,1.0,4.4377044551509434e-46
2016-06-23,1.6979422949343545e-37,0.20274343088837185,0.797256569111627
2016-06-24,1.890021149678538e-39,0.9996659220064774,0.0003340779935226922
2016-06-27,9.96746135543044e-41,0.9999962741282067,3.725871793699967e-06
2016-06-28,2.4081461915054713e-43,0.9999999999616946,3.830390463188092e-11
2016-06-29,1.1139025661177061e-38,0.9276755331432448,0.07232446685675646
2016-06-30,3.251505488225181e-39,0.9999999999988489,1.1498688634171227e-12
2016-07-01,5.618411502776848e-35,0.9999999996144453,3.855570491141395e-10
2016-07-04,2.8537360447509517e-41,1.0,1.2009152050287224e-20
2016-07-05,3.675984898871554e-35,1.0,6.337767760802802e-17
2016-07-06,9.241648316852425e-33,0.9999999999908056,9.19281508414041e-12
2016-07-07,1.3354623578639954e-28,0.999999999999936,6.276926125891942e-14
2016-07-08,9.800993462486308e-30,0.9999999999754969,2.4501368194960396e-11
2016-07-11,9.780533075360436e-30,0.9999999999988809,1.1187820170869489e-12
2016-07-12,2.6214660182041104e-25,0.9999999999998437,1.5454625956250832e-13
2016-07-13,3.3254556367906213e-22,0.9999999999996163,3.8466683986428617e-13
2016-07-14,4.772422364102591e-25,1.0,5.285838735147802e-31
2016-07-15,7.49715342183128e-23,1.0,1.2657959074834197e-19
2016-07-18,2.0140873778109295e-21,1.0,6.410256266800373e-23
2016-07-19,1.5202235377436975e-99,0.9999999999999929,5.853833382407851e-15
2016-07-20,9.953904230862548e-65,0.9999930916878579,6.908312141479644e-06
2016-07-21,2.720991095423911e-67,0.10452053128331071,0.895479468716688
2016-07-22,1.826855821488267e-63,0.11374383747411931,0.8862561625258825
2016-07-25,3.221280596480483e-151,1.0,1.6895262469574403e-36
2016-07-26,1.0666679913729925e-16,0.999999959280676,4.0719323826406e-08
2016-07-27,9.299384295410026e-16,0.9999999966237674,3.3762314161734093e-09
2016-07-28,7.810611613460466e-08,0.9999999218938841,1.0737563676507805e-21
2016-07-29,8.007218958018233e-07,0.9999991992780694,3.6306324984815523e-14
2016-08-01,9.442724903453035e-07,0.9999990557275087,2.5537734721077923e-23
2016-08-02,4.777743032859931e-07,0.9999995222256968,8.012690987738746e-23
2016-08-03,2.0754006854712797e-08,0.9999999792459919,1.2442740533916129e-16
2016-08-04,7.846346836772896e-08,0.9999998918821782,2.965435387713231e-08
2016-08-05,2.2020744322966936e-07,0.9999997797925559,6.74162137561792e-17
2016-08-08,6.274335188711805e-08,0.9999999311776216,6.079024875880879e-09
2016-08-09,3.6266974876735583e-07,0.9999996373205544,9.698463070789686e-12
2016-08-10,1.3739962245552064e-07,0.9999998625738217,2.6557561439499546e-11
2016-08-11,1.2675765630298016e-07,0.9999998732423245,1.7541701476899187e-14
2016-08-12,3.607927158642434e-08,0.9999999639185304,2.19746805437757e-12
2016-08-15,2.1390101915380051e-10,0.9999999997860982,9.193491184186538e-28
2016-08-16,2.776659066372228e-09,0.9999999972233411,8.157452305392717e-22
2016-08-17,1.5015608418925953e-08,0.9999999849843918,1.0080281935363537e-26
2016-08-18,6.034559979258466e-09,0.9999999939654387,3.816055081906926e-24
2016-08-19,1.1302603465076235e-07,0.9999998869739662,1.3116043168395646e-38
2016-08-22,1.8181034665169973e-07,0.9999998181896524,4.825880865560653e-20
2016-08-23,3.384270643706027e-07,0.9999996615729363,3.1773065272052125e-19
2016-08-24,1.1114918287978124e-05,0.999988885081713,5.34155510137873e-24
2016-08-25,0.00012075115037931642,0.9998792488496202,4.562710380488673e-16
2016-08-26,0.00916824571182041,0.9908317542819863,6.193533327804708e-12
2016-08-29,0.002114180948854705,0.9978858187646933,2.864528464048947e-10
2016-08-30,0.25920845758892036,0.7407915424110797,1.9976210960953175e-16
2016-08-31,0.9901957790160565,0.009804220983945035,1.666371430284828e-29
2016-09-01,0.9561589650680966,0.04384103493190301,4.8057691479575515e-21
2016-09-02,0.9878428013753413,0.012157198624659717,3.08261500555458e-20
2016-09-05,0.8784648695109684,0.12153513048903175,1.917866766523718e-24
2016-09-06,0.9425940044391597,0.057405995560840396,8.6672520822367e-20
2016-09-07,0.9430243752834466,0.056975624689834636,2.6718148423311526e-11
2016-09-08,0.9846285271470113,0.015371472851554715,1.4357393600688472e-12
2016-09-09,0.9571690885706924,0.04283091142907085,2.382138637071726e-13
2016-09-12,0.8928028431949391,0.10719715674580431,5.925706508749697e-11
2016-09-13,0.9930860181353582,0.006913981864541472,1.016892459904196e-13
2016-09-14,0.9981506555743339,0.0018493444256647553,2.844198803365486e-21
2016-09-15,0.9968326625912404,0.003167337408751076,8.41940413518405e-15
2016-09-16,0.9957548461401067,0.00424515385367556,6.2192495061330445e-12
2016-09-19,0.999336691483605,0.0006633085163902687,4.117094336514835e-15
2016-09-20,0.9988367145483446,0.0011632854516551948,1.929193974726339e-18
2016-09-21,0.9988286769932577,0.0011713230048789396,1.862924259808254e-12
2016-09-22,0.9972887813331704,0.002711216921247721,1.7455809451853646e-09
2016-09-23,0.9997491315184659,0.00025086848153461157,1.7988793394853627e-23
2016-09-26,0.9998119566258952,0.00018804337410398235,6.084066373420786e-16
2016-09-27,3.162498118815797e-36,0.9999965571773229,3.44282267607306e-06
2016-09-28,2.061706255889218e-20,0.4699077203542658,0.5300922796457332
2016-09-29,1.928219832208491e-18,0.5835116033670651,0.4164883966329354
2016-09-30,2.171333976854266e-19,2.79340279059263e-05,0.9999720659720946
2016-10-03,9.974107274506004e-22,9.948141218507622e-05,0.9999005185878153
2016-10-04,2.5339565128011968e-26,1.3471532476880377e-05,0.9999865284675222
2016-10-05,2.948813496613493e-14,0.6547013813712552,0.34529861862871364
2016-10-06,5.004786435700811e-18,0.0003954696984113029,0.9996045303015881
2016-10-07,8.290870735468627e-18,0.031613477306632554,0.9683865226933688
2016-10-10,6.203203180539733e-18,0.0012890793913841662,0.9987109206086154
2016-10-11,2.250595987364361e-19,5.048545248491426e-05,0.9999495145475134
2016-10-12,1.3160367748348442e-21,7.74549698264301e-06,0.9999922545030177
2016-10-13,3.290210073237833e-16,0.018160413588888067,0.9818395864111132
2016-10-14,7.732365283084563e-16,6.608635267273739e-05,0.9999339136473248
2016-10-17,1.0983989123557707e-22,4.635868849799524e-05,0.9999536413115003
2016-10-18,1.634843727766122e-20,2.5268264086565176e-05,0.999974731735912
2016-10-19,2.0303395984742864e-26,1.7441206202288698e-05,0.999982558793797
2016-10-20,1.2814229083338884e-20,2.6491021851313396e-05,0.9999735089781498
2016-10-21,3.37391130069419e-27,1.6190211242556662e-06,0.9999983809788763
2016-10-24,1.2910296419365645e-18,0.9682520269040658,0.0317479730959326
2016-10-25,4.521334616750945e-14,0.17586037606696037,0.8241396239329942
2016-10-26,2.0414686408884003e-17,0.007704698956242317,0.9922953010437568
2016-10-27,1.122928741251159e-22,0.005716018624817623,0.9942839813751836
2016-10-28,3.43252568546521e-21,0.0026692528956118646,0.9973307471043894
2016-10-31,1.737947853385899e-23,6.969954583081905e-06,0.9999930300454171
2016-11-01,2.083520249576154e-17,1.7267346223510272e-05,0.9999827326537767
2016-11-02,5.426304599163518e-23,1.4551807788455816e-05,0.9999854481922098
2016-11-03,8.362653081369824e-25,1.8478145842426306e-05,0.9999815218541572
2016-11-04,4.962108064713932e-22,4.789171723172316e-06,0.9999952108282776
2016-11-07,4.5688415326072255e-24,3.807863452959348e-07,0.999999619213655
2016-11-08,5.477296125725461e-28,3.0440408892460724e-06,0.999996955959109
2016-11-09,4.354561732119509e-17,0.004339640367197244,0.995660359632803
2016-11-10,1.3215773029368945e-29,6.035798637748897e-07,0.9999993964201376
2016-11-11,2.93629024472795e-22,4.278762578179175e-06,0.9999957212374205
2016-11-14,1.6571753440867971e-19,3.817360097316869e-05,0.9999618263990273
2016-11-15,9.636715583161437e-27,0.0009795835111911816,0.9990204164888088
2016-11-16,1.2883929129459552e-23,6.15904755462046e-06,0.9999938409524445
2016-11-17,2.028317407239385e-22,2.8875072594854393e-06,0.9999971124927407
2016-11-18,2.134966635747114e-26,3.487470638880028e-08,0.9999999651252948
2016-11-21,5.365763052260714e-28,1.7660482636084757e-08,0.9999999823395173
2016-11-22,2.252624421672445e-36,1.2784010172438243e-08,0.9999999872159898
2016-11-23,4.265535608897548e-38,4.0380830981161066e-08,0.9999999596191679
2016-11-24,2.017964008013299e-29,2.049510499577538e-05,0.9999795048950038
2016-11-25,1.84878834991674e-37,1.85079079335167e-07,0.9999998149209202
2016-11-28,2.047326061073722e-34,1.9257551146098158e-07,0.9999998074244879
2016-11-29,1.9085079628001202e-30,4.001526713735099e-06,0.9999959984732866
2016-11-30,7.095961386245468e-35,4.4665126605499375e-07,0.9999995533487331
2016-12-01,1.2973588020945178e-23,0.014861513278523466,0.9851384867214753
2016-12-02,3.4849723348197946e-26,1.8466540682439273e-05,0.9999815334593191
2016-12-05,3.4784608209221504e-24,0.002059583140268719,0.9979404168597306
2016-12-06,4.0991682238104055e-36,0.00013207440954218324,0.9998679255904563
2016-12-07,3.742599214816707e-31,3.66316154790324e-05,0.9999633683845195
2016-12-08,3.42110184093499e-26,0.0002950557113271921,0.9997049442886733
2016-12-09,9.36699035175615e-35,9.60142065498058e-08,0.9999999039857929
2016-12-12,2.0519394886468507e-29,6.880907692960532e-05,0.9999311909230706
2016-12-13,4.38408960895755e-33,2.658543469985423e-07,0.9999997341456532
2016-12-14,6.667482208447874e-35,1.6947593448750744e-06,0.9999983052406564
2016-12-15,7.447287792788535e-35,2.6099065096658102e-06,0.9999973900934892
2016-12-16,7.47969150036412e-35,2.042100071249293e-06,0.9999979578999284
2016-12-19,3.149751750453858e-41,1.4889920229461003e-07,0.9999998511007981
2016-12-20,6.81893406213097e-32,0.0002193132167609503,0.9997806867832395
2016-12-21,5.60532326802831e-34,2.556977497746807e-05,0.9999744302250222
2016-12-22,2.740745005637436e-40,1.973817954670735e-06,0.9999980261820458
2016-12-23,6.350495772275749e-34,1.8268110669262978e-05,0.9999817318893315
2016-12-26,1.9133370798224325e-37,3.482632387780471e-07,0.9999996517367615
2016-12-27,2.595613320214436e-38,2.186428245147121e-05,0.9999781357175482
2016-12-28,5.086366781096794e-32,0.00018259559197317628,0.9998174044080272
2016-12-29,1.8819003906636764e-36,1.3103312065023214e-07,0.9999998689668793
2016-12-30,1.3095831805285066e-36,1.2443577842686446e-06,0.9999987556422166
2017-01-02,3.09614129094081e-33,2.091520757144521e-06,0.9999979084792431
2017-01-03,1.9396494821227533e-37,1.5911069006710922e-07,0.9999998408893094
2017-01-04,5.138077561843367e-39,1.1494574295510984e-07,0.9999998850542576
2017-01-05,3.5964346418201645e-43,9.197922161811902e-08,0.9999999080207782
2017-01-06,2.3357834162136275e-44,1.1737000051292928e-08,0.9999999882629994
2017-01-09,4.79213482011371e-40,1.373135249852091e-07,0.9999998626864747
2017-01-10,3.193351470846604e-39,1.5102636347729858e-07,0.999999848973636
2017-01-11,5.646086761864196e-37,2.2467603227093307e-07,0.9999997753239679
2017-01-12,1.2654179806747157e-37,1.5066322950533806e-05,0.9999849336770478
2017-01-13,3.7192557220601602e-37,1.5984586425504009e-06,0.9999984015413567
2017-01-16,2.280651346725931e-34,0.002879485378872366,0.9971205146211274
2017-01-17,5.126315619926202e-34,7.155349340956116e-05,0.9999284465065891
2017-01-18,1.5830788085291176e-41,0.0005603721703199352,0.9994396278296788
2017-01-19,9.146831631566146e-38,5.2408367252300025e-06,0.9999947591632756
2017-01-20,6.097160331792754e-46,0.9999999998386144,1.6138897968050203e-10
2017-01-23,2.71863829605765e-19,0.999999587872281,4.1212772011189947e-07
2017-01-24,6.735669640492497e-18,0.9999973901145354,2.6098854656431393e-06
2017-01-25,1.379545726223461e-58,0.0001758197351677517,0.9998241802648337
2017-01-26,1.675723758946315e-41,1.1918845202703648e-07,0.9999998808115471
2017-01-27,2.963322499177776e-38,3.247566064918061e-05,0.9999675243393491
2017-01-30,7.1148686045454296e-40,2.1263462298013594e-05,0.9999787365377032
2017-01-31,1.0305572611752474e-36,6.178530361970593e-05,0.9999382146963809
2017-02-01,3.8474140082873713e-42,8.061629769938966e-06,0.9999919383702311
2017-02-02,9.761854068201528e-42,6.2935872862421e-07,0.9999993706412722
2017-02-03,7.560437139182507e-38,4.5104481090251363e-07,0.9999995489551883
2017-02-06,2.368574069641397e-36,6.623388288159812e-07,0.9999993376611718
2017-02-07,3.855729937674145e-40,5.6492645909345605e-08,0.9999999435073545
2017-02-08,8.124629187977289e-48,1.7822520367511518e-08,0.9999999821774798
2017-02-09,5.1686924030913454e-48,3.0739787510459017e-08,0.9999999692602128
2017-02-10,6.700619938555562e-47,2.5222909512102515e-08,0.9999999747770904
2017-02-13,1.3422029209595871e-45,2.2556179565460208e-08,0.9999999774438211
2017-02-14,4.6458412649499565e-42,0.0005730898699056807,0.9994269101300939
2017-02-15,1.6962807221723997e-36,0.0006429127150735686,0.9993570872849253
2017-02-16,3.165308169924228e-39,1.087053742919945e-05,0.9999891294625693
2017-02-17,5.769666459577646e-43,2.698282302390468e-06,0.9999973017176972
2017-02-20,8.247196732956372e-38,0.8413357109564479,0.15866428904355176
2017-02-21,1.3343723761226656e-37,0.003029932336319507,0.9969700676636787
2017-02-22,4.3913822284470117e-35,0.18670224453933162,0.8132977554606694
2017-02-23,1.6906593999257292e-34,0.01587278030538502,0.9841272196946141
2017-02-24,1.3505080472553347e-41,0.04785289542621972,0.952147104573781
2017-02-27,4.4248268389295806e-35,3.170608783183756e-05,0.9999682939121683
2017-02-28,2.6830563166310716e-43,4.013277124279577e-06,0.9999959867228753
2017-03-01,4.914251256779155e-43,3.847734456511175e-08,0.999999961522655
2017-03-02,8.262652596624955e-35,2.1730787975384852e-05,0.9999782692120257
2017-03-03,3.213257260711417e-40,0.00018967933731566303,0.999810320662686
2017-03-06,3.538698217741418e-36,0.9977275061205467,0.0022724938794528903
2017-03-07,3.000683408845775e-32,0.10280976233534816,0.8971902376646509
2017-03-08,2.8814809445597487e-34,0.08933609031321446,0.9106639096867862
2017-03-09,2.264884620861074e-37,0.5087047356968192,0.491295264303182
2017-03-10,1.1004297056668364e-36,0.999898561003716,0.00010143899628227317
2017-03-13,2.1171884823388612e-37,0.039832247575785455,0.9601677524242148
2017-03-14,1.4446557657112663e-33,0.020962451104870158,0.9790375488951283
2017-03-15,3.7466297424406766e-36,0.011104711953680405,0.9888952880463179
2017-03-16,2.86114295859205e-30,0.2614906662964961,0.738509333703503
2017-03-17,1.05070077283098e-30,0.00295449729079417,0.9970455027092046
2017-03-20,3.9433858701408144e-38,0.005072288322143367,0.9949277116778567
2017-03-21,2.163156397303905e-38,7.330183255026066e-06,0.9999926698167453
2017-03-22,1.8037142069805138e-40,1.1680589189299893e-05,0.9999883194108102
2017-03-23,4.0100626542008575e-40,1.1346871539456858e-06,0.9999988653128458
2017-03-24,7.676684860240799e-39,0.00011914289953600804,0.9998808571004631
2017-03-27,8.386562577353866e-36,1.0975207121378904e-05,0.9999890247928789
2017-03-28,1.3495005299471532e-39,5.4992318376487866e-06,0.9999945007681625
2017-03-29,6.5049901970750746e-37,6.0692818482595624e-05,0.9999393071815176
2017-03-30,9.44751997956371e-36,5.383989488880926e-06,0.9999946160105115
2017-03-31,3.0007837665669285e-34,5.612046204036182e-05,0.9999438795379596
2017-04-03,2.606929298767479e-40,3.388036413693064e-05,0.9999661196358618
2017-04-04,9.154018053275246e-43,1.3265970156768206e-06,0.9999986734029835
2017-04-05,7.117706600352175e-36,1.33240847039945e-05,0.9999866759152952
2017-04-06,1.066140377131311e-40,0.0003061562979428836,0.9996938437020586
2017-04-07,2.42751407970229e-40,6.491911139942157e-07,0.999999350808886
2017-04-10,4.2176779417452346e-42,7.182616736131724e-08,0.9999999281738327
2017-04-11,9.1593095397271e-75,1.8251714493832628e-07,0.9999998174828544
2017-04-12,1.2083835344164928e-72,9.590281311299685e-10,0.9999999990409716
2017-04-13,2.9386234339461136e-74,2.8211995595116833e-10,0.9999999997178808
2017-04-14,7.443586153354274e-67,2.6568628380253153e-09,0.9999999973431368
2017-04-17,1.2497555456398112e-66,1.1641775362235946e-09,0.9999999988358219
2017-04-18,2.6086816127394575e-63,1.4522420002416712e-08,0.9999999854775795
2017-04-19,1.7160401721169064e-64,7.4004074635023645e-09,0.9999999925995926
2017-04-20,7.06252625221967e-61,1.3488094568277988e-08,0.9999999865119059
2017-04-21,9.896473925355241e-62,1.4719236418035176e-08,0.9999999852807627
2017-04-24,1.6774009429553608e-64,8.705967489597215e-08,0.9999999129403252
2017-04-25,1.4716261926737727e-77,6.476043785954791e-09,0.9999999935239554
2017-04-26,2.0863305032926695e-71,6.3763486872306175e-09,0.9999999936236517
2017-04-27,2.765304480844124e-67,1.160314026684477e-08,0.9999999883968603
2017-04-28,1.4032151598649454e-67,8.726719037027765e-09,0.9999999912732811
2017-05-01,1.8363351781313778e-75,3.009821875497881e-09,0.9999999969901783
2017-05-02,3.505988521707202e-69,4.520079010250896e-09,0.9999999954799215
2017-05-03,2.385306546430856e-72,3.133278042756154e-09,0.9999999968667215
2017-05-04,3.364587299404617e-72,4.829449773437645e-09,0.9999999951705494
2017-05-05,1.9588000468028503e-65,2.9204236571352334e-08,0.9999999707957632
2017-05-08,5.076915502681664e-73,1.2169011560148615e-08,0.9999999878309876
2017-05-09,2.0760534739999637e-73,5.197412219997063e-09,0.9999999948025877
2017-05-10,2.5850006289866376e-72,1.0519206955322674e-08,0.9999999894807932
2017-05-11,1.294739447098147e-72,7.89246066098203e-09,0.99999999210754
2017-05-12,6.518745348622185e-80,1.9372229593856124e-09,0.9999999980627763
2017-05-15,3.8400439197808625e-76,5.001983207126978e-09,0.9999999949980172
2017-05-16,3.287382045700629e-81,1.816947739748346e-09,0.9999999981830516
2017-05-17,2.6880931342316275e-75,1.7504979180888252e-09,0.9999999982495016
2017-05-18,9.165029311774975e-85,9.000571628205344e-10,0.9999999990999431
2017-05-19,4.5205165349538457e-73,1.6088523448937894e-08,0.9999999839114758
2017-05-22,1.4841379633099474e-74,2.1670910577566237e-09,0.9999999978329086
2017-05-23,2.3492772023329404e-80,1.5089377809681431e-09,0.999999998491063
2017-05-24,3.994375268920307e-82,9.116906468449841e-10,0.9999999990883097
2017-05-25,6.560462931878131e-82,6.333046161015913e-10,0.999999999366695
2017-05-26,2.4806274666300752e-79,1.4036349308820217e-09,0.9999999985963655
2017-05-29,1.5008829134294494e-81,8.496603773800419e-10,0.9999999991503401
2017-05-30,2.0772261775980313e-80,8.205219473667308e-10,0.9999999991794777
2017-05-31,1.4370406206473457e-77,1.334646579061123e-09,0.9999999986653538
2017-06-01,2.7158955451530107e-84,6.69218979623735e-10,0.9999999993307807
2017-06-02,4.508944225719921e-82,3.82400969597585e-10,0.9999999996175983
2017-06-05,6.965055608535772e-87,1.5090621019649243e-10,0.9999999998490932
2017-06-06,5.181636963206817e-83,1.9681019202891149e-10,0.9999999998031903
2017-06-07,7.363883835897283e-86,3.56550409935218e-10,0.9999999996434497
2017-06-08,4.321887197983934e-82,4.316430107703044e-10,0.9999999995683577
2017-06-09,1.0964727571489765e-96,1.8818954964405574e-10,0.999999999811811
2017-06-12,1.1027085373190021e-90,5.7934849236440054e-11,0.9999999999420659
2017-06-13,9.100918293907827e-89,2.0189626296968426e-10,0.9999999997981046
2017-06-14,8.99195355822011e-81,4.0628761670680176e-10,0.9999999995937117
2017-06-15,4.095284275164823e-86,2.253724119160058e-10,0.9999999997746283
2017-06-16,4.062305376036078e-88,3.5791805192664965e-11,0.9999999999642082
2017-06-19,8.199417911911753e-88,2.5190365623066998e-11,0.9999999999748095
2017-06-20,5.511115347802571e-88,2.33384693011687e-11,0.9999999999766622
2017-06-21,6.390728398912253e-82,5.395653904719535e-11,0.9999999999460432
2017-06-22,3.382091332680542e-79,1.0934854956765247e-10,0.999999999890651
2017-06-23,5.777527931623215e-81,3.1223197980268837e-10,0.999999999687768
2017-06-26,4.032522463672636e-82,3.090291789478499e-10,0.9999999996909708
2017-06-27,9.65959977213217e-93,6.677997480392358e-10,0.9999999993322
2017-06-28,1.1761749225223492e-90,1.6529843783991737e-10,0.9999999998347011
2017-06-29,9.143723238686427e-86,2.946721725570908e-10,0.9999999997053273
2017-06-30,1.651059752151198e-85,1.8941741614696124e-10,0.9999999998105817
2017-07-03,2.108542067515885e-93,2.456615838590595e-10,0.9999999997543387
2017-07-04,1.981855964201733e-85,2.425938087215411e-10,0.9999999997574065
2017-07-05,2.87778334065382e-94,7.641656187122294e-11,0.9999999999235829
2017-07-06,2.986765891411323e-92,3.979612465485803e-11,0.9999999999602043
2017-07-07,8.147733977505279e-92,6.860933258101627e-11,0.99999999993139
2017-07-10,5.970372950927279e-83,3.931742859579368e-09,0.999999996068258
2017-07-11,1.1202145764275386e-84,6.610697182947596e-10,0.9999999993389306
2017-07-12,5.455995440549243e-88,3.292225211098401e-10,0.9999999996707771
2017-07-13,5.470298648109235e-76,0.009529364760352788,0.990470635239646
2017-07-14,2.0322974505487443e-60,0.00020020752471174344,0.9997997924752875
2017-07-17,3.5855716999960575e-67,8.915927660188402e-07,0.9999991084072337
2017-07-18,5.626339913128076e-62,0.011519476594992355,0.988480523405006
2017-07-19,3.7935207060397033e-69,0.0035724257511698613,0.9964275742488286
2017-07-20,3.354334130715212e-79,0.9999999999997513,2.483836300151939e-13
2017-07-21,1.7774336948497178e-36,0.9999957744610765,4.225538924451727e-06
2017-07-24,6.867271436773692e-32,0.999374418805768,0.0006255811942308254
2017-07-25,8.523182284649757e-37,0.9999999999999929,7.129694355444527e-15
2017-07-26,1.1053050556801529e-36,0.9999999999375788,6.242044294123147e-11
2017-07-27,1.6626983000937208e-34,0.9999999847890103,1.521098868089407e-08
2017-07-28,1.0789466145467025e-34,0.9999997837011548,2.1629884654350747e-07
2017-07-31,3.48869005165638e-34,1.0,4.893782838361987e-36
2017-08-01,7.971363412277881e-25,1.0,1.7066908795076252e-27
2017-08-02,4.162925639003983e-24,1.0,6.301223619858584e-22
2017-08-03,7.891383134208726e-24,1.0,7.271537982315016e-26
2017-08-04,2.151801075878044e-21,1.0,1.6956901000324883e-31
2017-08-07,3.438170966117354e-17,1.0,1.1751367674759843e-32
2017-08-08,1.294749649155727e-14,0.9999999999999858,2.8765872802712267e-18
2017-08-09,1.1127398030896615e-16,1.0,1.4249397498619348e-33
2017-08-10,3.2378936852853755e-16,1.0,8.382872111572134e-33
2017-08-11,4.9973605640253524e-15,0.9999999999999964,1.4359348510201893e-17
2017-08-14,1.657783334687273e-12,0.9999999999981384,2.0506250119860727e-13
2017-08-15,2.8101984861102824e-11,0.9999999999675211,4.377054521746645e-12
2017-08-16,6.18834219840563e-12,0.9999999999478639,4.594920364602594e-11
2017-08-17,1.6834884354119023e-14,0.9999999999999751,6.990002827902602e-15
2017-08-18,6.545092025729365e-13,0.9999999978671248,2.1322223178736883e-09
2017-08-21,2.685446640371214e-12,0.9999999999972466,6.954240141864255e-14
2017-08-22,3.6796929501072556e-11,0.9999999999632045,1.3883634516027963e-24
2017-08-23,4.3022555077067486e-11,0.9999999999569766,3.688300158129683e-16
2017-08-24,1.0974743705910947e-12,0.9999999999989022,2.4737869621070624e-27
2017-08-25,1.588538359375874e-13,0.9999999999998401,3.21125360994861e-19
2017-08-28,4.776194504871328e-14,0.9999999999999538,6.38385975817236e-20
2017-08-29,2.125205850262301e-12,0.9999999999978755,8.970446926793754e-44
2017-08-30,6.364652448836368e-13,0.9999999999993605,2.681382890521423e-41
2017-08-31,1.1918856087368478e-10,0.99999999988081,7.639504839345872e-29
2017-09-01,2.2425105382200686e-08,0.9999999775748949,8.214936888073027e-27
2017-09-04,9.939931828089034e-12,0.9999999999900595,1.4394200327401991e-37
2017-09-05,8.649430819963217e-08,0.9999999135056934,9.285365311304427e-20
2017-09-06,6.761740934872786e-08,0.9999999323825919,1.5323066427710336e-18
2017-09-07,1.7285324585978874e-07,0.9999998271341013,1.2653734155835399e-11
2017-09-08,2.7555861591871402e-09,0.9999999972444122,1.7891456372307763e-18
2017-09-11,1.9049480186747706e-09,0.9999999980950527,3.1048213798337613e-21
2017-09-12,7.835484932907386e-11,0.9999999998397335,8.191238133866103e-11
2017-09-13,3.896073096176224e-12,0.9999999999961027,1.9314710192734608e-22
2017-09-14,1.0323497122971805e-11,0.9999999999893525,3.254379156964554e-13
2017-09-15,4.366627309785199e-12,0.9999999999951683,4.65794088032525e-13
2017-09-18,3.326815867891428e-11,0.9999999999667324,2.7939260286306714e-18
2017-09-19,2.7016127068621343e-13,0.99999999999973,1.1221276048729934e-18
2017-09-20,1.7192478097321628e-09,0.999999998280753,1.3256784155736597e-21
2017-09-21,1.3809069878568406e-08,0.9999999861909289,3.4110169791304844e-21
2017-09-22,5.992857144798049e-08,0.9999999400714277,9.60650729110224e-18
2017-09-25,2.679942769721685e-07,0.9999997320057229,2.0244255442633807e-19
2017-09-26,4.756464471010107e-09,0.9999999952435346,1.1785350857793282e-15
2017-09-27,7.967002046746829e-09,0.9999999861224184,5.910579517046231e-09
2017-09-28,9.449054025416802e-11,0.9999999999055085,1.8123051899968367e-17
2017-09-29,9.615571777960766e-11,0.9999999999038458,1.6177044036324565e-21
2017-10-02,3.6695452248013884e-11,0.999999999963304,2.0354666436490825e-21
2017-10-03,3.91258788671423e-11,0.9999999999405773,2.029583234936686e-11
2017-10-04,2.353083455055447e-11,0.9999999999721148,4.3556552690117465e-12
2017-10-05,1.2236529892459685e-12,0.9999999999899707,8.805514693567786e-12
2017-10-06,1.2281360895439292e-13,0.9999999999998721,5.557906046832295e-15
2017-10-09,5.949419821444511e-16,1.0,6.895244420364275e-19
2017-10-10,7.988158982121213e-15,0.9999999999999929,1.7028540793850197e-18
2017-10-11,7.059645553488414e-14,0.999999999999897,3.3570850311756884e-14
2017-10-12,1.2217573911171269e-15,1.0,1.2241691415860312e-19
2017-10-13,3.3628079748025195e-14,0.999999999999968,1.661045968778747e-23
2017-10-16,5.1746275453498845e-14,0.999999999999929,1.787757068527102e-14
2017-10-17,9.188847738789929e-15,0.9999999999999893,5.978044915690957e-16
2017-10-18,1.8075593433403395e-15,0.9999999999999964,8.208688991481008e-26
2017-10-19,9.791043549461347e-16,0.9999999999998899,1.1071840076570499e-13
2017-10-20,3.3390819918024318e-16,0.9999999987095016,1.2904963149587134e-09
2017-10-23,1.9323048279036128e-17,1.0,1.644920795026429e-17
2017-10-24,4.1184361800562784e-19,1.0,4.685641925093893e-20
2017-10-25,1.3741845929691142e-19,1.0,1.5358434721383881e-22
2017-10-26,5.152933469110133e-22,1.0,2.658893125030156e-28
2017-10-27,9.934670197295237e-23,1.0,5.539218309074162e-21
2017-10-30,1.9990643319303252e-20,1.0,1.366776153517469e-20
2017-10-31,6.1223458914685065e-21,0.9999999999999964,3.676471482132612e-15
2017-11-01,8.656399766540594e-21,1.0,1.2491693611339213e-18
2017-11-02,2.657600897673228e-21,0.9999999999999964,2.902789541918311e-15
2017-11-03,1.110344056753714e-18,1.0,3.195697185858735e-22
2017-11-06,4.930862284192483e-23,1.0,8.458457509267312e-30
2017-11-07,2.586561607740973e-22,1.0,7.064297278097106e-25
2017-11-08,1.8056140040491057e-25,1.0,4.764614672555425e-40
2017-11-09,7.128117689636612e-26,1.0,5.594514679496722e-32
2017-11-10,5.127216765182143e-25,1.0,3.445839972672834e-28
2017-11-13,7.545098122550629e-26,1.0,3.1508597639672433e-22
2017-11-14,2.0379689463115336e-24,1.0,2.5174274625058357e-21
2017-11-15,4.783156765200639e-24,0.9999999998469526,1.5304710734386603e-10
2017-11-16,6.128987461303391e-24,0.9999999999985967,1.401555059169036e-12
2017-11-17,3.818767731479815e-24,1.0,1.1181142207375462e-20
2017-11-20,2.6862139398317833e-23,1.0,4.726539674086754e-16
2017-11-21,5.660669368274239e-20,1.0,6.584597220869649e-19
2017-11-22,7.846866341150297e-20,0.9999999999978257,2.1757026020028123e-12
2017-11-23,2.742443144302592e-20,0.9999999999999964,3.4467766501106225e-15
2017-11-24,5.364567545147332e-17,1.0,3.4954157832627546e-30
2017-11-27,6.28102751848451e-15,0.9999999999999929,1.9576249955482106e-25
2017-11-28,8.257099431197133e-16,1.0,1.6002779454044894e-21
2017-11-29,5.835648422804119e-15,0.9999999999999929,2.718775699502125e-18
2017-11-30,9.813772525796893e-15,0.9999999999999893,1.0872305659443633e-20
2017-12-01,1.5928801681011127e-15,0.9999999992041424,7.958566171765585e-10
2017-12-04,3.4931349892350947e-16,0.9999998103231074,1.8967689203924147e-07
2017-12-05,3.509777857117241e-16,0.9999999962892829,3.7107155640037687e-09
2017-12-06,7.121361784393423e-14,0.9999999999982201,1.7072485840540282e-12
2017-12-07,1.508056447987663e-14,0.9999999958821029,4.117881812752456e-09
2017-12-08,2.0400094199377536e-15,0.9999999999994102,5.888839122962877e-13
2017-12-11,2.601113162208134e-15,0.9999999999999964,1.5459350614645703e-15
2017-12-12,7.120383810595021e-15,0.999999999999627,3.648454288829044e-13
2017-12-13,9.850408268384247e-16,1.0,9.83057520334731e-43
2017-12-14,3.819298222825159e-12,0.9999999999961773,5.826798058217628e-29
2017-12-15,1.234694346217203e-12,0.9999999999925464,6.2176729198800264e-12
2017-12-18,4.261837564536406e-14,0.9999999999999574,1.7487440448997348e-29
2017-12-19,4.3882716551100906e-17,1.0,2.6520703409249167e-22
2017-12-20,1.1244382069851304e-18,1.0,5.511319155975835e-23
2017-12-21,1.0284914959336032e-20,1.0,8.119049370402423e-26
2017-12-22,2.773485274670447e-97,1.0,3.7332250512416813e-19
2017-12-25,1.0183268860981619e-57,0.9999999283172681,7.168273350104108e-08
2017-12-26,2.0211052157904272e-58,0.9999349784182193,6.502158177907726e-05
2017-12-27,5.410136611395506e-66,0.992910216231429,0.007089783768571067
2017-12-28,3.4465520663750503e-71,0.006050481297160848,0.9939495187028393
2017-12-29,3.138748886448191e-64,0.005972180328677387,0.994027819671321
2018-01-01,1.7351427706452418e-58,0.004613357987275141,0.9953866420127231
2018-01-02,5.493766041796769e-66,0.0016696360322225037,0.9983303639677757
2018-01-03,3.7785062130921453e-59,0.004798342519623806,0.9952016574803757
2018-01-04,1.5010493323551678e-60,0.00080006516110241,0.999199934838899
2018-01-05,3.0629944616478537e-59,0.03332083278414799,0.9666791672158523
2018-01-08,2.720028892340652e-67,0.002093520887141569,0.9979064791128601
2018-01-09,4.360434263421415e-63,0.0034882230399682396,0.9965117769600321
2018-01-10,3.5862054985776594e-68,0.004434208649973424,0.9955657913500259
2018-01-11,1.4573470758390104e-67,0.0025187277552585893,0.9974812722447411
2018-01-12,5.750683379366007e-71,0.0009167877814623472,0.9990832122185382
2018-01-15,1.3586127677099765e-71,1.7675596493626664e-05,0.9999823244035065
2018-01-16,1.7566676700584259e-71,5.305886111302965e-06,0.9999946941138877
2018-01-17,8.262833976071027e-68,1.3975478345907268e-06,0.9999986024521657
2018-01-18,6.716971525309615e-73,1.5479964786642593e-07,0.9999998452003509
2018-01-19,2.598718260086268e-76,2.9064409665391122e-08,0.9999999709355909
2018-01-22,1.7412934491352093e-68,2.612067269051412e-07,0.999999738793273
2018-01-23,1.3667996990653635e-72,8.304452529728559e-08,0.999999916955474
2018-01-24,1.5280086918039755e-67,8.749571059690209e-08,0.99999991250429
2018-01-25,4.995618618123051e-52,0.04149585477747628,0.9585041452225246
2018-01-26,2.073870268352347e-54,2.670087335066591e-05,0.9999732991266501
2018-01-29,3.160113538519314e-46,3.754882033601417e-05,0.9999624511796651
2018-01-30,1.6896032873050902e-39,0.002110046034189873,0.9978899539658099
2018-01-31,1.1813352697239357e-41,0.0012244275251378422,0.9987755724748631
2018-02-01,6.541061062922633e-43,0.0007726636148828268,0.9992273363851156
2018-02-02,8.497832284383964e-45,3.7729135164079864e-05,0.999962270864835
2018-02-05,9.335457381898405e-45,1.4900492012749234e-05,0.9999850995079864
2018-02-06,6.711653936704872e-42,0.00032046111253835604,0.9996795388874615
2018-02-07,3.1773334110326135e-43,0.000660114861278423,0.9993398851387231
2018-02-08,3.5445405624207455e-49,7.329938738228307e-06,0.9999926700612625
2018-02-09,5.312849614003441e-50,3.3617699026091175e-06,0.9999966382300959
2018-02-12,1.4382789675853325e-49,3.209683636802854e-06,0.9999967903163625
2018-02-13,3.390874741834739e-48,3.2458825582854384e-06,0.9999967541174427
2018-02-14,6.415704742511015e-46,5.312459778294954e-06,0.9999946875402228
2018-02-15,6.499152858350617e-40,5.9915133748355935e-05,0.9999400848662527
2018-02-16,1.2425344549032938e-48,1.1176840020001301e-05,0.9999888231599787
2018-02-19,1.0472489783764417e-47,2.6395189446348248e-05,0.9999736048105539
2018-02-20,1.9539167622126714e-42,0.002456597560695163,0.9975434024393051
2018-02-21,1.360454936067302e-40,0.0004783482502707316,0.999521651749731
2018-02-22,1.3050574335539214e-40,7.355891768481154e-05,0.9999264410823153
2018-02-23,1.6428985542216523e-40,0.00018534024839807062,0.9998146597516032
2018-02-26,2.614377482374117e-32,0.042745722562195554,0.9572542774378036
2018-02-27,1.8032781175443687e-35,1.6498337770184662e-05,0.9999835016622302
2018-02-28,1.2766887010814144e-38,8.233810388026877e-06,0.9999917661896107
2018-03-01,1.7386192243880463e-38,3.050813975871043e-05,0.9999694918602401
2018-03-02,1.9496179948500795e-45,2.3247670552528988e-07,0.999999767523294
2018-03-05,3.2075099617611297e-44,6.356019999540829e-08,0.9999999364397996
2018-03-06,8.736649894887529e-40,0.004443216291002662,0.9955567837089967
2018-03-07,6.60334459349488e-40,4.249522473978564e-06,0.9999957504775256
2018-03-08,1.1991999824873744e-51,4.5176917829821696e-05,0.9999548230821715
2018-03-09,2.705808545453063e-49,0.00023681246502376655,0.9997631875349768
2018-03-12,2.9851238801188926e-53,0.1584987949768818,0.8415012050231194
2018-03-13,1.125514862690872e-44,0.41653507781938115,0.5834649221806197
2018-03-14,1.8824002360586184e-50,7.340706611163683e-05,0.9999265929338882
2018-03-15,8.95683747055306e-62,8.896996433270295e-05,0.999911030035667
2018-03-16,5.761952800897589e-53,0.012482598928718275,0.987517401071283
2018-03-19,1.3112331662467666e-56,2.6610877746649324e-05,0.9999733891222549
2018-03-20,6.86939320593301e-54,9.86736137212261e-06,0.9999901326386275
2018-03-21,9.76232655678673e-64,3.561310319489537e-06,0.9999964386896812
2018-03-22,6.0789749822387345e-59,0.0003406399409784608,0.9996593600590206
2018-03-23,1.0219705052598286e-54,3.185772539210804e-05,0.9999681422746092
2018-03-26,2.5165724886842825e-54,6.365836574474164e-06,0.9999936341634248
2018-03-27,1.2181975213623916e-51,2.3209494056450872e-05,0.9999767905059426
2018-03-28,6.7940462796326865e-53,0.0001943958961448589,0.9998056041038548
2018-03-29,2.8366547295867034e-51,7.171179924174308e-05,0.9999282882007587
2018-03-30,4.900392425333364e-60,2.2245199044926532e-06,0.9999977754800964
2018-04-02,4.0602967139178474e-56,6.5045743260704805e-06,0.9999934954256722
2018-04-03,3.357786768720135e-49,0.0015771748438419063,0.9984228251561568
2018-04-04,1.0952375804171588e-59,0.00025709256747090685,0.9997429074325286
2018-04-05,5.456750942938652e-50,0.002246102909452147,0.9977538970905465
2018-04-06,1.0589182828475303e-59,0.0003562128284921111,0.9996437871715078
2018-04-09,2.2410302045621096e-54,0.00010445811895817001,0.9998955418810412
2018-04-10,1.6108239249299557e-58,7.304612299339234e-07,0.9999992695387693
2018-04-11,1.535226213705587e-52,5.899115972815513e-05,0.9999410088402728
2018-04-12,1.5791366922450592e-52,2.6903930372564318e-06,0.9999973096069634
2018-04-13,1.765492789463451e-62,2.842252874416697e-06,0.999997157747124
2018-04-16,3.6850117356024773e-59,1.924256765967276e-06,0.9999980757432323
2018-04-17,7.870450305613015e-55,0.00027958407439614125,0.999720415925605
2018-04-18,7.300332990226186e-51,0.06073523951260051,0.9392647604874002
2018-04-19,1.0383260542037716e-48,0.4400832427036005,0.5599167572964012
2018-04-20,2.5630200026219183e-44,0.18388923322688736,0.8161107667731137
2018-04-23,9.294904812670045e-48,0.9999999999999645,3.5066994904325e-14
2018-04-24,1.4568554051968248e-30,0.9999999999835758,1.6424187375660498e-11
2018-04-25,1.9781688650760152e-30,0.9999999999996021,3.9919446011390154e-13
2018-04-26,6.026659222726804e-29,1.0,2.6862575532812188e-17
2018-04-27,3.051049506284575e-29,0.9999999905819017,9.41809666421149e-09
2018-04-30,2.4577746595730695e-30,1.0,1.1689575604108539e-16
2018-05-01,6.381305221602981e-29,0.9999999999867555,1.324518059027411e-11
2018-05-02,2.0665680778803198e-28,0.9999999996905373,3.0946336329607146e-10
2018-05-03,3.6488320583280037e-28,0.9999999998294271,1.7057413621917024e-10
2018-05-04,5.9838119596962464e-33,1.0,2.903447320332882e-23
2018-05-07,6.5370930786074645e-31,0.9999999999998685,1.2978836113533605e-13
2018-05-08,5.127594641567629e-32,0.9999999999999964,1.7771959568698103e-15
2018-05-09,1.0566424827157792e-34,1.0,1.0649675230198766e-19
2018-05-10,5.917475642525546e-37,1.0,8.121775758419403e-18
2018-05-11,6.925629852672837e-39,1.0,1.1643377087614239e-16
2018-05-14,8.325965883909283e-33,1.0,9.634386836253322e-30
2018-05-15,7.8957535304294e-36,1.0,1.2958372615420795e-27
2018-05-16,1.8210478023008372e-35,1.0,1.2814992722614976e-27
2018-05-17,2.3952373310630522e-32,1.0,5.001957970867595e-24
2018-05-18,8.146525337860243e-32,1.0,2.750275133994707e-16
2018-05-21,9.042651157099639e-30,1.0,9.449475080479721e-16
2018-05-22,8.235186451605184e-27,0.9999999999964615,3.537614525026038e-12
2018-05-23,3.3659559941681885e-27,0.9999999999967848,3.2140276421245903e-12
2018-05-24,9.054353291166538e-25,0.9999999999999964,3.576222774251928e-15
2018-05-25,4.380887145853726e-23,0.999999999999929,6.930588823361563e-14
2018-05-28,6.834489047920616e-23,0.999999999999833,1.685921747035601e-13
2018-05-29,2.6329432551963206e-23,0.9999999965260784,3.4739212558861584e-09
2018-05-30,2.713639851347815e-23,0.9999999983641992,1.6358001522856964e-09
2018-05-31,3.934023585985545e-22,0.9999999999873808,1.2618003931211203e-11
2018-06-01,3.513450940901263e-23,0.9999999996159126,3.840857680405395e-10
2018-06-04,4.6525380631809523e-23,0.9999999999915055,8.494994092481904e-12
2018-06-05,1.3085469848391791e-23,0.9999999999800053,1.9996346427322812e-11
2018-06-06,4.3356410901591355e-23,0.9999999309336888,6.906631144040022e-08
2018-06-07,1.5054656535468467e-23,0.9999999999725233,2.7476105655452055e-11
2018-06-08,9.527310268483549e-23,0.99999999391488,6.085121612435237e-09
2018-06-11,1.7463469834553873e-22,0.9999999632931214,3.670687735407332e-08
2018-06-12,4.877777429446379e-22,1.0,1.4532048296201027e-31
2018-06-13,3.4097374987569085e-22,1.0,3.744459932327798e-23
2018-06-14,8.14311285121105e-18,1.0,6.318970326622917e-32
2018-06-15,5.246149218182105e-16,1.0,3.462277246086471e-25
2018-06-18,4.9293675891404616e-48,1.0,1.7606059575580606e-20
2018-06-19,1.941931462331633e-32,0.9999999999800586,1.99408370703685e-11
2018-06-20,1.1863016926910636e-35,0.9999999999570939,4.2905017146085715e-11
2018-06-21,5.346142001943191e-36,0.9923026462511154,0.007697353748885118
2018-06-22,3.6291401411736314e-36,0.7988958072894616,0.20110419271053956
2018-06-25,6.055513101832389e-33,0.262575402314698,0.7374245976853014
2018-06-26,7.736518707739899e-39,0.1644640597907701,0.835535940209229
2018-06-27,4.003638579958585e-36,0.029627644336129584,0.9703723556638696
2018-06-28,2.078846114578292e-34,0.1667725489413214,0.8332274510586793
2018-06-29,2.1440238961444726e-37,0.004798319552391318,0.9952016804476097
2018-07-02,6.0946338987071315e-33,0.025144495309157532,0.9748555046908413
2018-07-03,3.1449116584113653e-38,0.0007179888334812675,0.9992820111665185
2018-07-04,1.776119227665051e-40,0.060735732349849525,0.9392642676501517
2018-07-05,1.575765659645683e-32,0.07645985016010626,0.9235401498398925
2018-07-06,9.015529171625743e-30,0.0568555533761628,0.9431444466238376
2018-07-09,3.802036291044127e-29,0.6641317683063946,0.335868231693604
2018-07-10,9.851382943404177e-27,0.9341091933540928,0.06589080664590861
2018-07-11,1.1580984227053358e-34,0.780408040712564,0.21959195928743433
2018-07-12,1.6236203464725502e-30,0.7552638935103458,0.24473610648965244
2018-07-13,1.8594568332223175e-36,0.03892399996906703,0.9610760000309315
2018-07-16,2.1171157349421157e-33,0.09372899344807664,0.9062710065519242
2018-07-17,1.322512313749322e-36,0.003689139759567756,0.9963108602404307
2018-07-18,3.927891259693792e-32,0.001330108219141537,0.9986698917808583
2018-07-19,2.0827285246915648e-38,0.00036684662194360165,0.9996331533780564
2018-07-20,3.4375507834835893e-38,5.834541061531475e-05,0.9999416545893863
2018-07-23,2.7722297251057305e-38,5.353124895675991e-05,0.9999464687510445
2018-07-24,1.2065748603675041e-30,0.004978314244562842,0.9950216857554377
2018-07-25,7.537215477777853e-36,3.703470268099667e-05,0.9999629652973175
2018-07-26,9.201912805849336e-34,1.599329313272624e-05,0.9999840067068674
2018-07-27,3.986404581279358e-34,3.4007309535867656e-05,0.9999659926904634
2018-07-30,2.660556644358806e-30,2.96810104147922e-05,0.9999703189895857
2018-07-31,6.471278784835476e-34,5.575293536046221e-05,0.9999442470646408
2018-08-01,9.346343352480821e-28,8.073227748997723e-06,0.9999919267722494
2018-08-02,1.3230123719509603e-33,1.5761249510530334e-06,0.9999984238750472
2018-08-03,1.2118884053957987e-34,4.130072509176444e-07,0.9999995869927503
2018-08-06,3.0584505721356684e-31,8.042100788781935e-05,0.9999195789921129
2018-08-07,4.625731648350428e-37,9.991236990607688e-08,0.9999999000876315
2018-08-08,6.229702400863616e-33,5.633137124768903e-07,0.9999994366862867
2018-08-09,8.474392282012796e-36,2.8241151463769065e-07,0.9999997175884844
2018-08-10,3.0977709053538453e-31,1.8099786076730167e-07,0.9999998190021401
2018-08-13,5.098849809989432e-35,5.064248362332593e-07,0.999999493575164
2018-08-14,2.1708492670568731e-38,7.946235913050669e-07,0.9999992053764077
2018-08-15,1.5310450917362734e-32,7.242700116239486e-05,0.999927572998836
2018-08-16,2.625609739209596e-40,4.811078190712966e-08,0.9999999518892164
2018-08-17,4.9902127591686605e-39,1.049589093457958e-06,0.9999989504109054
2018-08-20,1.6026588068224707e-38,5.661246900229922e-07,0.9999994338753101
2018-08-21,1.824555295792085e-40,2.9046668557127764e-07,0.9999997095333142
2018-08-22,2.9855810304751406e-38,3.0462785566495198e-06,0.9999969537214427
2018-08-23,1.2386244001079824e-31,6.06203317906134e-05,0.999939379668211
2018-08-24,7.038055329790944e-34,7.018605317250591e-06,0.9999929813946831
2018-08-27,2.404844109542732e-31,5.673603326259686e-07,0.9999994326396682
2018-08-28,8.833893169038945e-37,3.4018041254975786e-05,0.9999659819587448
2018-08-29,5.0889803792740805e-33,4.300283420648832e-07,0.9999995699716583
2018-08-30,1.341361436025545e-38,4.5796765233102856e-08,0.9999999542032355
2018-08-31,6.087374087963105e-39,4.934962321881245e-06,0.9999950650376785
2018-09-03,1.8219877623996228e-31,2.3953967012011467e-05,0.9999760460329888
2018-09-04,3.3517465634092725e-41,1.604864220279722e-05,0.9999839513577967
2018-09-05,1.9038394538981824e-34,0.00011763014242824201,0.999882369857571
2018-09-06,8.940040470728749e-39,4.3709755148261854e-07,0.9999995629024485
2018-09-07,9.840081562247017e-42,4.68894383681054e-08,0.9999999531105612
2018-09-10,7.326579380594185e-40,2.4498203481881925e-06,0.9999975501796522
2018-09-11,1.4951239904397392e-43,1.8594017380328036e-07,0.9999998140598261
2018-09-12,4.370991901295599e-47,4.9041235606136044e-08,0.9999999509587644
2018-09-13,1.4523765481514692e-38,1.4457361386836942e-05,0.999985542638614
2018-09-14,6.88548071803735e-47,1.1091590355720923e-06,0.9999988908409638
2018-09-17,4.362865198731929e-47,6.451170045656501e-09,0.9999999935488297
2018-09-18,1.3714506972473908e-51,0.9999999999956657,4.332550083740495e-12
2018-09-19,8.575425130942299e-17,0.95132192816072,0.0486780718392808
2018-09-20,3.19792450169672e-16,0.9986405180689779,0.001359481931021577
2018-09-21,4.370953779001858e-16,0.9376476777733584,0.06235232222664017
2018-09-24,4.733526124910275e-16,0.9984069352455607,0.001593064754440344
2018-09-25,4.555351392705612e-16,0.9999406107088659,5.938929113356807e-05
2018-09-26,4.955558517664236e-17,0.999996518485005,3.48151499407801e-06
2018-09-27,6.079267824204542e-17,0.9999999988983674,1.1016338246456392e-09
2018-09-28,2.2480762296399154e-14,0.9999999999999787,3.3307864150458645e-28
2018-10-01,6.688656959965089e-16,0.9999999998740172,1.2598058928708902e-10
2018-10-02,1.3884611438996394e-16,1.0,2.317474408743344e-21
2018-10-03,4.301767984168559e-15,0.9999999999999503,4.199624797863668e-14
2018-10-04,1.7047425084934087e-13,0.9999999999998295,6.277947693528024e-23
2018-10-05,2.4042224951796403e-09,0.999999997595566,2.1314449368456444e-13
2018-10-08,4.143219965943502e-09,0.9999998216416887,1.7421509176727475e-07
2018-10-09,5.884201419712078e-09,0.9999916228487234,8.371267076716101e-06
2018-10-10,8.433118979383703e-09,0.9999999915668809,2.1751127503967158e-18
2018-10-11,1.385827378332406e-07,0.9999998593882636,2.0290000053738156e-09
2018-10-12,5.661625257724863e-73,0.9879357401045737,0.012064259895422813
2018-10-15,2.4196358870183623e-50,6.262295130162466e-05,0.9999373770486989
2018-10-16,4.25309315613241e-46,5.7092582785459846e-05,0.9999429074172147
2018-10-17,2.4866510416373575e-57,4.170727142308152e-09,0.999999995829274
2018-10-18,4.3289241551586294e-60,7.01426363926599e-10,0.9999999992985735
2018-10-19,5.831933216506692e-57,1.640187402749774e-09,0.9999999983598116
2018-10-22,1.1849320332144182e-62,1.4007229299025547e-09,0.9999999985992787
2018-10-23,8.459163267987705e-57,1.5411644765965223e-09,0.9999999984588364
2018-10-24,8.608011871818484e-54,1.2111350057173753e-09,0.9999999987888657
2018-10-25,1.248378127984476e-64,3.0496512898188196e-09,0.999999996950347
2018-10-26,4.170065782652249e-64,4.322055115000533e-11,0.9999999999567795
2018-10-29,6.111634718900096e-56,4.1433356304323774e-10,0.9999999995856665
2018-10-30,1.8701085061978683e-60,1.3450988089359217e-10,0.9999999998654907
2018-10-31,1.0873911280578926e-59,1.0757645766152695e-10,0.9999999998924238
2018-11-01,4.064564476678294e-58,6.583817003387716e-11,0.9999999999341611
2018-11-02,2.4032581917339028e-60,5.2471629463102175e-11,0.9999999999475282
2018-11-05,1.8171930779228855e-70,1.9764499893554878e-11,0.9999999999802363
2018-11-06,1.259325988253415e-60,1.6518969205146095e-10,0.9999999998348095
2018-11-07,2.801338040666601e-61,1.8369289884076002e-12,0.9999999999981632
2018-11-08,4.88614428751527e-78,1.9283342735657296e-12,0.9999999999980709
2018-11-09,7.742587155917624e-75,3.3945514809620194e-13,0.9999999999996607
2018-11-12,3.019027681012023e-67,1.450818574203343e-12,0.9999999999985505
2018-11-13,3.1891846016566916e-67,1.3656630394473403e-12,0.999999999998634
2018-11-14,2.89100714700664e-70,3.3090644763118606e-12,0.9999999999966924
2018-11-15,1.8480693534456468e-68,9.628754639593082e-13,0.9999999999990372
2018-11-16,1.7244497059230428e-66,1.0797432480828692e-12,0.99999999999892
2018-11-19,2.4023818051293774e-70,5.484913613025653e-13,0.9999999999994511
2018-11-20,4.1945807719252505e-76,3.5777765086554512e-12,0.9999999999964224
2018-11-21,7.736892067603462e-77,2.7519973293331833e-13,0.9999999999997264
2018-11-22,3.3034359678010703e-71,1.344909887312795e-12,0.9999999999986535
2018-11-23,3.915878286719145e-64,2.184022170079773e-12,0.9999999999978169
2018-11-26,8.999413146865783e-70,8.658855003969576e-13,0.9999999999991349
2018-11-27,2.163176458686598e-74,2.8336176278273257e-13,0.9999999999997158
2018-11-28,3.855015673187679e-67,1.7368461330588332e-12,0.9999999999982627
2018-11-29,3.0274745042898545e-75,3.752822612571587e-13,0.9999999999996234
2018-11-30,3.63619017120982e-73,2.478834315675693e-13,0.9999999999997513
2018-12-03,6.83010222901484e-82,1.4522570200942246e-13,0.9999999999998543
2018-12-04,4.029379537621732e-73,9.208486284470663e-13,0.9999999999990798
2018-12-05,1.392275663420881e-71,1.7169755982974165e-13,0.9999999999998295
2018-12-06,6.71817636111102e-70,4.038426984759769e-13,0.999999999999595
2018-12-07,4.507647465267016e-78,3.3845387601173706e-13,0.9999999999996625
2018-12-10,6.669960271031343e-76,1.2449300534985026e-13,0.9999999999998757
2018-12-11,1.2557540240148873e-79,2.934073113251028e-13,0.9999999999997051
2018-12-12,2.5779820292594827e-70,6.883984985223074e-12,0.9999999999931148
2018-12-13,4.754475144907977e-84,7.035080736710532e-13,0.9999999999992966
2018-12-14,8.3812854091534e-74,7.161415322884523e-13,0.9999999999992824
2018-12-17,5.8805472304105e-71,1.02754138323975e-12,0.9999999999989733
2018-12-18,9.510110967001747e-80,1.742212228907018e-12,0.9999999999982592
2018-12-19,4.3824480435290166e-76,4.4935901159029843e-13,0.9999999999995524
2018-12-20,9.932941954203982e-83,5.635640144920354e-13,0.9999999999994351
2018-12-21,1.6195470313059137e-73,6.233253841716507e-11,0.9999999999376676
2018-12-24,2.0158141205685089e-66,1.7345872234967495e-10,0.9999999998265423
2018-12-25,1.686612494647418e-77,2.0178561157369842e-10,0.999999999798213
2018-12-26,1.981449739263732e-69,3.0860890771616584e-10,0.99999999969139
2018-12-27,1.3079932483198383e-94,3.8510378058162135e-12,0.9999999999961489
2018-12-28,1.6450814800418714e-89,3.783638408316796e-10,0.999999999621636
2018-12-31,5.427381555350699e-82,6.420690191947234e-10,0.9999999993579323
2019-01-01,1.3399494225112324e-82,1.3633194695438244e-10,0.9999999998636682
2019-01-02,3.732298377588606e-89,2.226732296278523e-10,0.9999999997773266
2019-01-03,6.916183514201674e-82,1.1921784351510918e-10,0.9999999998807816
2019-01-04,8.778534691464505e-79,5.349448967415945e-11,0.999999999946505
2019-01-07,1.3308778499201508e-79,1.0559403590054965e-10,0.9999999998944062
2019-01-08,7.886544544427879e-82,1.7560482247874667e-10,0.9999999998243947
2019-01-09,2.2609877187500244e-90,1.0613290324462555e-10,0.9999999998938662
2019-01-10,1.400737831802611e-90,3.002393855505505e-11,0.999999999969976
2019-01-11,1.2956459455423909e-83,8.526461050920739e-11,0.9999999999147349
2019-01-14,1.8354510418394309e-65,0.0003684291151336343,0.9996315708848657
2019-01-15,1.7791915008229714e-61,1.3497974418458296e-09,0.9999999986502033
2019-01-16,1.4503665255621719e-55,1.7840603529727034e-05,0.9999821593964721
2019-01-17,1.451112803814423e-48,0.009163028252988375,0.9908369717470124
2019-01-18,9.880619386413258e-50,0.0007770833360539912,0.9992229166639465
2019-01-21,2.1214430967827637e-50,0.0011183098407954136,0.9988816901592055
2019-01-22,7.515724479118887e-50,0.0028028812996966647,0.9971971187003049
2019-01-23,4.035119873656559e-55,9.72107848012911e-06,0.9999902789215216
2019-01-24,8.439469267181537e-49,3.7364920952900157e-07,0.9999996263507912
2019-01-25,1.5744545482459129e-49,1.0710450296149645e-07,0.9999998928954974
2019-01-28,3.8700637789076997e-53,5.0450375436453005e-06,0.9999949549624572
2019-01-29,6.328360503395314e-49,3.349897449530426e-06,0.9999966501025501
2019-01-30,2.1043214985252456e-47,3.615774786580142e-06,0.9999963842252128
2019-01-31,5.639457985149962e-46,4.814183169096725e-07,0.9999995185816837
2019-02-01,1.2867441399928746e-43,2.2803271481811073e-05,0.9999771967285195
2019-02-04,3.1894677724753996e-44,1.0369705037009077e-06,0.9999989630294953
2019-02-05,2.910393693260358e-44,1.5577422855893987e-07,0.9999998442257706
2019-02-06,1.143381370886916e-53,2.432910932914776e-09,0.9999999975670875
2019-02-07,1.494500877563664e-49,3.127052926036886e-08,0.9999999687294694
2019-02-08,2.7431893518270934e-49,6.333234702863e-06,0.9999936667652988
2019-02-11,2.1634920293152676e-47,8.373071040552665e-09,0.9999999916269289
2019-02-12,1.4088436622769215e-44,2.3577497714274692e-07,0.9999997642250229
2019-02-13,1.5111514637327215e-41,1.2006651340187378e-06,0.9999987993348642
2019-02-14,4.137106077945403e-51,1.0936881738873369e-08,0.9999999890631184
2019-02-15,2.7579292871149658e-46,7.846107091646676e-09,0.9999999921538922
2019-02-18,3.215322886663636e-48,5.389673871486588e-08,0.9999999461032602
2019-02-19,4.841746748827893e-49,5.681151688718257e-09,0.9999999943188485
2019-02-20,9.974725590620345e-47,9.641297818665884e-10,0.9999999990358699
2019-02-21,4.225988044489664e-55,3.0550726519096083e-10,0.9999999996944933
2019-02-22,5.652947817022059e-50,1.32404239272997e-09,0.9999999986759569
2019-02-25,1.880784623455226e-48,1.1675092016814242e-08,0.9999999883249089
2019-02-26,8.335141759083348e-46,7.196534505722692e-09,0.9999999928034669
2019-02-27,2.4355440142289904e-52,1.2625610474717052e-09,0.9999999987374384
2019-02-28,8.380319568685825e-43,2.0055425941050054e-07,0.9999997994457411
2019-03-01,5.711817191399084e-40,9.90032396718101e-07,0.9999990099676024
2019-03-04,1.1759811359032426e-40,3.149078608309447e-06,0.9999968509213902
2019-03-05,4.20610912624073e-48,1.0019207301549164e-07,0.9999998998079264
2019-03-06,6.839566182337027e-42,3.558833278114017e-06,0.9999964411667203
2019-03-07,1.0124079554884055e-48,4.818975315973774e-07,0.999999518102469
2019-03-08,2.3136190793566385e-38,0.00027508824685777423,0.999724911753141
2019-03-11,1.4525245388959764e-41,1.692551755653427e-05,0.9999830744824435
2019-03-12,3.902348383221463e-46,3.671330807648698e-06,0.9999963286691907
2019-03-13,1.441068824723176e-76,1.3090962600855098e-07,0.9999998690903752
2019-03-14,1.2844783373256118e-63,8.592087496885642e-09,0.9999999914079112
2019-03-15,1.6966786775045208e-62,3.877029935577139e-10,0.9999999996122977
2019-03-18,1.2495274099442524e-68,1.9925469231204614e-10,0.999999999800746
2019-03-19,6.778847508291101e-70,3.2857918371269384e-11,0.9999999999671427
2019-03-20,4.662539937559151e-65,1.317791665755231e-10,0.9999999998682192
2019-03-21,5.68928807309603e-64,6.494082254289583e-11,0.99999999993506
2019-03-22,7.168849122112897e-65,6.401205682869758e-11,0.9999999999359872
2019-03-25,8.807457982077925e-72,2.481875291675196e-11,0.9999999999751807
2019-03-26,1.4291186735786962e-67,2.213776229390023e-11,0.999999999977863
2019-03-27,2.2952987077185275e-65,3.412472688458008e-11,0.9999999999658762
2019-03-28,2.179528602425363e-78,3.338557220871767e-11,0.9999999999666151
2019-03-29,1.9370274571864035e-72,8.33049505527109e-12,0.9999999999916689
2019-04-01,2.2871756477956382e-78,1.141913374296555e-11,0.9999999999885816
2019-04-02,1.9076092173557066e-72,2.1206574347114896e-11,0.9999999999787939
2019-04-03,3.23482206008357e-67,1.3611822522458274e-11,0.9999999999863878
2019-04-04,3.767991493842212e-76,4.900229084276238e-11,0.9999999999509974
2019-04-05,1.3983652751086361e-70,1.804836286206959e-11,0.9999999999819522
2019-04-08,7.506697737189404e-80,9.818603943307238e-12,0.9999999999901803
2019-04-09,2.350132689404557e-69,1.251454124340283e-10,0.9999999998748557
2019-04-10,1.9236728667447387e-67,1.0933610072206888e-11,0.9999999999890665
2019-04-11,1.906757645507361e-74,3.5846016251075824e-12,0.9999999999964153
2019-04-12,7.369291594863587e-72,3.782174722773583e-12,0.9999999999962181
2019-04-15,9.19612357055229e-83,6.037977354023633e-12,0.9999999999939604
2019-04-16,7.74540430700254e-226,1.0,1.3878373921120113e-46
2019-04-17,5.336566670408339e-22,0.9999999986085477,1.3914514454948895e-09
2019-04-18,7.442277153198794e-22,0.998694455090681,0.001305544909317275
2019-04-19,1.229458991295525e-21,0.9999999825758082,1.7424191625133442e-08
2019-04-22,1.7964738834966317e-23,0.999937832687313,6.2167312687011e-05
2019-04-23,5.288486683428241e-23,0.9999552890030825,4.471099691672499e-05
2019-04-24,1.2606871862749743e-18,1.0,9.08162195622344e-23
2019-04-25,1.1927400813346026e-18,1.0,5.821765541584167e-27
2019-04-26,1.4549235703652536e-19,1.0,2.29549472085636e-19
2019-04-29,1.2629385844358105e-19,0.999999999999936,6.513384274971663e-14
2019-04-30,1.5238306214215214e-18,0.999999999999968,3.320714432564385e-14
2019-05-01,8.204117442592434e-16,0.9999999997765485,2.234500849051829e-10
2019-05-02,6.993894123332923e-14,0.999999999999929,1.414757887198712e-16
2019-05-03,8.500391020449347e-13,0.9999999966028774,3.3962740188536803e-09
2019-05-06,6.637058921360287e-13,0.9999999611478686,3.8851467319548574e-08
2019-05-07,1.0355095397585006e-12,0.9999999999989626,1.5847725173838075e-15
2019-05-08,3.9615217387572445e-13,0.9999999999977618,1.8417596445188046e-12
2019-05-09,1.1060063090288437e-09,0.999999998835559,5.843435343847394e-11
2019-05-10,1.0502581695422107e-09,0.9999999940761519,4.8735910014045285e-09
2019-05-13,3.21663487899145e-09,0.9999997121284233,2.846549418630894e-07
2019-05-14,1.0039266404524212e-08,0.9999999844416579,5.519075904984526e-09
2019-05-15,6.415535736579515e-09,0.9999999935844635,1.5614183666244865e-16
2019-05-16,4.0700506761303826e-08,0.9999999592994236,6.883150560300512e-14
2019-05-17,8.178875593735333e-08,0.9999898176907809,1.0100520461465236e-05
2019-05-20,2.2484671124142138e-08,0.9999999775142572,1.0732186250420468e-12
2019-05-21,3.7289863354209976e-09,0.9999999654968482,3.077416534042031e-08
2019-05-22,3.322339822050389e-08,0.9999999667766032,3.048601829775162e-17
2019-05-23,2.1196062772334567e-09,0.9999999978803942,7.982153870299716e-22
2019-05-24,4.2895952871958566e-08,0.9999999571040457,5.075549753565523e-18
2019-05-27,5.792594833551489e-07,0.999999420740516,1.3488184182007127e-26
2019-05-28,3.608062776807551e-08,0.9999999639193724,7.756753029209418e-18
2019-05-29,5.04658189474339e-07,0.9999994953417856,2.654079612404167e-14
2019-05-30,1.1377781961642855e-07,0.9999998862219954,1.853232459582881e-13
2019-05-31,0.0032518716448116007,0.9967481283551857,3.7973323626590904e-35
2019-06-03,8.023477443969016e-05,0.9999197652255588,2.500061247908499e-24
2019-06-04,5.5273527098867846e-05,0.9999447264728999,3.543333189052598e-18
2019-06-05,0.0008302749176236725,0.9991697250823764,4.63182886568865e-18
2019-06-06,0.00279125816474527,0.9972087418352553,1.7771746769842835e-20
2019-06-07,0.0062752409495244535,0.9937247282856528,3.0764824256136385e-08
2019-06-10,0.014609129103963467,0.985390870896036,1.7459173484760691e-15
2019-06-11,0.024351476352236456,0.9756268994715723,2.1624176189704995e-05
2019-06-12,0.013834308065022092,0.9861655635882643,1.283467123788904e-07
2019-06-13,0.11878096962022536,0.8812190303786624,1.110972696832539e-12
2019-06-14,0.3140592672504234,0.685940732749577,1.0556353617907302e-15
2019-06-17,0.6563531773037872,0.34364682257973833,1.1647350329146063e-10
2019-06-18,0.559403429603061,0.4405965644860502,5.91088913127453e-09
2019-06-19,0.8731017288387588,0.1268982711611675,7.526741179372822e-14
2019-06-20,0.7993755902332493,0.20062440976673426,1.500686686754755e-14
2019-06-21,0.8789176043066725,0.12108239569252141,8.067092507836438e-13
2019-06-24,0.9337809880859893,0.06621901191399732,1.394855022653723e-14
2019-06-25,0.8394217260343254,0.16057825293417174,2.1031504541927395e-08
2019-06-26,0.9397880546417365,0.0602119450637598,2.9450478791426993e-10
2019-06-27,0.7753431331914089,0.2246568668085897,9.576764880827707e-16
2019-06-28,0.7143038718061812,0.28569612819382023,2.1472980049578227e-16
2019-07-01,0.8448090821768685,0.15519091782313058,1.0531882555749503e-17
2019-07-02,0.522576208078348,0.47742379192165424,4.0172282570917804e-41
2019-07-03,0.05805931190614575,0.941940688093855,5.950223938362719e-26
2019-07-04,0.062218115815694655,0.9377818841843035,1.244941975779274e-22
2019-07-05,2.8506749637703546e-76,1.0,3.4600522746364076e-15
2019-07-08,7.652345797388675e-49,0.9999975198095744,2.4801904264412163e-06
2019-07-09,4.357428649409555e-43,0.5923949582437195,0.40760504175627893
2019-07-10,1.770311943073879e-46,0.0004886205027298583,0.9995113794972716
2019-07-11,4.016662994918428e-40,0.0004864961602306657,0.9995135038397679
2019-07-12,1.3388864613255587e-43,8.058100766135253e-05,0.9999194189923403
2019-07-15,9.857870712032803e-43,0.00015040250925012436,0.9998495974907512
2019-07-16,2.905618270170239e-46,0.00012574660433139546,0.9998742533956676
2019-07-17,4.2510524775216553e-44,5.8777897779561105e-05,0.9999412221022217
2019-07-18,4.580354163143509e-43,1.6579004460703117e-05,0.9999834209955409
2019-07-19,2.9381104960053673e-55,7.282160947796788e-06,0.9999927178390504
2019-07-22,3.728539872937947e-51,3.477940897014437e-06,0.9999965220591043
2019-07-23,4.9311991419043144e-55,2.5984423276759013e-06,0.999997401557672
2019-07-24,8.55334802214301e-48,8.311598364890875e-06,0.9999916884016342
2019-07-25,1.9881430747577376e-42,1.408960430902822e-06,0.9999985910395686
2019-07-26,2.135726039815456e-47,2.7008902746596846e-07,0.9999997299109724
2019-07-29,6.851823066906543e-49,5.383506585785682e-07,0.999999461649341
2019-07-30,1.3049190501230144e-45,3.0014396707968534e-08,0.9999999699856024
2019-07-31,2.9053454072145444e-61,4.17368699579779e-09,0.9999999958263146
2019-08-01,4.2956917079667495e-64,4.727061889551494e-10,0.9999999995272937
2019-08-02,1.80721120385148e-53,1.153192779202301e-08,0.9999999884680726
2019-08-05,1.4804105434841738e-50,1.245426727694697e-09,0.9999999987545749
2019-08-06,2.3988660244822114e-54,9.322338505611043e-10,0.9999999990677644
2019-08-07,2.6063571889603265e-60,1.5344666638491367e-09,0.9999999984655332
2019-08-08,1.5586203392309324e-50,9.080359567934876e-09,0.9999999909196404
2019-08-09,1.0122650835853001e-51,9.824196533486477e-10,0.9999999990175805
2019-08-12,2.264869299750825e-52,2.0734527910141445e-09,0.9999999979265475
2019-08-13,1.3220752541896202e-60,1.374884570600175e-09,0.999999998625114
2019-08-14,2.5978541448987826e-56,5.676750835116806e-10,0.9999999994323261
2019-08-15,6.194559232303341e-52,4.244720153975213e-10,0.9999999995755271
2019-08-16,4.7908998970652444e-51,1.0361473387924291e-09,0.9999999989638511
2019-08-19,6.706074757978612e-57,3.620024846523055e-10,0.9999999996379962
2019-08-20,5.958944892541798e-57,2.9078778527993533e-10,0.9999999997092139
2019-08-21,1.543048724031354e-54,5.554748934121393e-10,0.9999999994445261
2019-08-22,2.734697194507067e-56,4.920190172670104e-10,0.9999999995079811
2019-08-23,1.6543074347753814e-62,2.951334078482163e-10,0.9999999997048654
2019-08-26,1.8542587877556665e-67,8.369552404576033e-10,0.9999999991630446
2019-08-27,1.355393407081781e-66,3.1037823283761646e-10,0.9999999996896207
2019-08-28,2.3221146560475326e-57,5.455451998623799e-09,0.9999999945445488
2019-08-29,1.890117712679108e-70,7.059104611081635e-10,0.99999999929409
2019-08-30,2.544696066706427e-68,1.7327418096550664e-10,0.999999999826727
2019-09-02,7.495332096853818e-59,3.081732052459203e-09,0.9999999969182696
2019-09-03,4.957530916236671e-59,3.037831228418519e-10,0.9999999996962181
2019-09-04,5.075390219541206e-73,4.1402555311251174e-10,0.9999999995859739
2019-09-05,3.324859609976268e-66,1.6223971299974301e-10,0.9999999998377618
2019-09-06,1.739348838730555e-59,3.7118500163542995e-10,0.999999999628816
2019-09-09,1.2301725450281102e-65,1.5124216305768303e-10,0.9999999998487574
2019-09-10,4.804964250152604e-64,2.2609957013824636e-10,0.9999999997739017
2019-09-11,6.027638879047227e-65,9.414154727997402e-11,0.9999999999058584
2019-09-12,3.4553522109768187e-69,1.247015506153423e-10,0.9999999998752997
2019-09-13,6.196606248204553e-62,2.423503015600101e-10,0.9999999997576499
2019-09-16,2.280447191236395e-73,5.603053573112922e-11,0.9999999999439702
2019-09-17,6.510146080003234e-66,5.259447002683967e-11,0.9999999999474056
2019-09-18,2.4494449528195525e-71,3.5618878895466415e-11,0.9999999999643805
2019-09-19,3.8054923932357335e-77,2.070708265368112e-11,0.9999999999792912
2019-09-20,1.000043518432135e-83,9.50850469335527e-13,0.9999999999990479
2019-09-23,3.1417545975240676e-73,1.642405009090187e-11,0.9999999999835758
2019-09-24,9.182759538403747e-91,4.3806909865436145e-08,0.9999999561930909
2019-09-25,3.39007233918519e-90,3.5074283455907858e-09,0.9999999964925728
2019-09-26,3.3215564023556905e-94,5.120829086934729e-10,0.9999999994879154
2019-09-27,4.516078184225901e-85,2.1156257380709857e-08,0.999999978843743
2019-09-30,6.509231967590198e-89,2.314795780095495e-09,0.9999999976852045
2019-10-01,8.711538431259108e-82,4.856931751496109e-09,0.9999999951430674
2019-10-02,2.1337943111956527e-84,1.5904828208046021e-09,0.9999999984095176
2019-10-03,1.1484775549132746e-86,6.045395566800168e-10,0.9999999993954596
2019-10-04,3.9010478964932076e-85,1.8785083005460437e-10,0.9999999998121485
2019-10-07,2.3168467801192612e-70,1.9492518330229502e-05,0.9999805074816701
2019-10-08,1.8769157662212193e-55,0.00019113185460250905,0.999808868145396
2019-10-09,5.4823046438408365e-50,0.000200626969299705,0.9997993730307004
2019-10-10,1.9829088054009818e-59,9.611892331489652e-06,0.9999903881076676
2019-10-11,1.061894910340811e-52,0.03368548520212457,0.9663145147978766
2019-10-14,4.3363556196740335e-57,0.004752132711726832,0.9952478672882717
2019-10-15,7.7216080710779e-53,6.16746959450116e-05,0.9999383253040534
2019-10-16,2.025572720549204e-78,2.3657399139648377e-07,0.9999997634260072
2019-10-17,4.542599494246684e-71,1.701704078232833e-08,0.9999999829829599
2019-10-18,4.036674642768225e-82,4.2229787178718705e-10,0.9999999995777014
2019-10-21,1.0851846880697845e-75,2.5276086991200743e-10,0.9999999997472386
2019-10-22,1.8841220653442685e-73,4.197352548438082e-10,0.9999999995802646
2019-10-23,5.818391734438017e-83,7.035993030341798e-11,0.9999999999296403
2019-10-24,8.298766323278051e-76,2.4031473468904954e-10,0.9999999997596856
2019-10-25,4.799794552542024e-75,9.997747530814786e-11,0.9999999999000231
2019-10-28,3.334330675972728e-73,1.7515780574665348e-10,0.9999999998248423
2019-10-29,1.3924910435530008e-70,6.967640351588464e-11,0.9999999999303242
2019-10-30,2.12115727939005e-89,1.4869087376353575e-10,0.9999999998513083
2019-10-31,4.73870510912112e-84,1.7046104400063078e-11,0.9999999999829541
2019-11-01,1.0024712030989527e-84,1.1490761719639973e-11,0.9999999999885087
2019-11-04,5.090190296899704e-80,1.876933810650236e-09,0.9999999981230658
2019-11-05,2.6660945011210887e-77,5.262169955476317e-10,0.9999999994737827
2019-11-06,3.2597471010701205e-71,1.5348080333966227e-09,0.9999999984651922
2019-11-07,1.1451942362653498e-77,4.754266170006919e-10,0.9999999995245741
2019-11-08,7.307303711258911e-75,1.1871663490842367e-10,0.9999999998812825
2019-11-11,1.7142492710919645e-81,7.2071796275304955e-12,0.9999999999927933
2019-11-12,1.6361568737740175e-82,4.512957707644108e-12,0.9999999999954863
2019-11-13,2.668317229948186e-75,2.4805370477459528e-11,0.999999999975195
2019-11-14,3.944167008816229e-77,8.491444902069155e-12,0.999999999991509
2019-11-15,8.886759761506074e-82,9.808902951400998e-12,0.999999999990191
2019-11-18,4.6111907787042724e-74,3.234185013180276e-11,0.9999999999676579
2019-11-19,1.0337440325299379e-80,5.796550633784444e-12,0.9999999999942037
2019-11-20,2.8719644302856708e-86,3.01843007372386e-12,0.999999999996982
2019-11-21,2.701276084085586e-81,5.254693178284608e-12,0.9999999999947455
2019-11-22,1.4225082083501974e-77,1.0537896978455187e-11,0.9999999999894627
2019-11-25,3.0861597583888725e-83,3.0611115499095822e-12,0.9999999999969393
2019-11-26,4.792978892201277e-76,9.311039088055275e-12,0.9999999999906883
2019-11-27,4.398877408075556e-80,5.892210593333601e-12,0.9999999999941078
2019-11-28,4.7506498743709284e-80,8.37727916216626e-12,0.9999999999916227
2019-11-29,2.489169389967362e-74,1.799043479577211e-11,0.9999999999820091
2019-12-02,9.406294828178196e-81,9.63882365444433e-12,0.9999999999903615
2019-12-03,2.9359934493129927e-81,4.22507648189063e-12,0.999999999995774
2019-12-04,2.570926416912206e-86,1.1859527629748137e-11,0.999999999988141
2019-12-05,5.639891879456691e-82,1.011258447276357e-11,0.9999999999898872
2019-12-06,1.5732574846301634e-81,3.722609103445084e-12,0.9999999999962768
2019-12-09,1.7535250467051987e-85,3.795922474751534e-12,0.9999999999962039
2019-12-10,1.74163371693439e-79,1.332419009857314e-11,0.9999999999866755
2019-12-11,4.389165546370441e-87,3.0717895080796994e-12,0.9999999999969287
2019-12-12,2.2924568273329594e-85,1.285496692713369e-12,0.9999999999987139
2019-12-13,3.0737134923854145e-80,3.395496903785416e-12,0.9999999999966054
2019-12-16,9.141346933064634e-85,2.8215204393340187e-12,0.9999999999971791
2019-12-17,5.618039783391738e-79,5.1474437163070885e-12,0.9999999999948521
2019-12-18,4.43275256838169e-78,3.4657124025849882e-12,0.9999999999965343
2019-12-19,1.4824906016786374e-84,2.844160342839731e-12,0.999999999997156
2019-12-20,3.500453621420727e-88,1.2016472277036764e-12,0.9999999999987992
2019-12-23,1.9285093448275164e-81,4.207172947612562e-12,0.9999999999957936
2019-12-24,1.7324858650318317e-87,5.297015006225715e-12,0.9999999999947029
2019-12-25,1.2693916578423125e-80,5.8858182224971945e-12,0.9999999999941149
2019-12-26,7.101027314281003e-77,4.288930269770837e-12,0.9999999999957119
2019-12-27,1.9578301246066644e-78,4.807435989062164e-12,0.9999999999951932
2019-12-30,1.5659874047264915e-80,6.96449120480069e-12,0.9999999999930349
2019-12-31,5.683368030080649e-76,6.927754551725355e-11,0.9999999999307221
2020-01-01,1.4591539296743357e-91,2.4954997486616403e-11,0.9999999999750457
2020-01-02,7.135296004076577e-79,2.131244464021143e-10,0.9999999997868763
2020-01-03,1.7020544926277153e-78,2.8117886258885918e-11,0.999999999971882
2020-01-06,5.0919171663254725e-85,1.880777347591013e-11,0.9999999999811919
2020-01-07,2.6531811257422837e-91,2.879815062929175e-11,0.9999999999712017
2020-01-08,3.755902101273556e-91,1.6182335900165604e-11,0.9999999999838174
2020-01-09,1.7101564734362468e-79,2.363838749030026e-09,0.9999999976361629
2020-01-10,2.4905577536340312e-89,1.5532546660334358e-10,0.9999999998446754
2020-01-13,2.1623053210614098e-79,3.694597804192804e-10,0.9999999996305409
2020-01-14,8.072045145551665e-84,2.0624853957859002e-10,0.9999999997937508
2020-01-15,7.696780566820409e-84,1.9505930583195955e-10,0.99999999980494
2020-01-16,4.0390718329761654e-80,3.196771875403478e-10,0.9999999996803233
2020-01-17,2.1430060428273396e-88,2.1973712541895664e-11,0.9999999999780265
2020-01-20,1.2000067553123285e-84,2.5032396782211653e-11,0.9999999999749676
2020-01-21,1.2265772313308497e-77,9.687484283614193e-11,0.9999999999031246
2020-01-22,2.060537637449028e-88,3.624687541823194e-10,0.9999999996375308
2020-01-23,6.167333744960029e-79,2.2194285456414557e-10,0.9999999997780566
2020-01-24,1.0453521017979613e-75,8.177295499609554e-11,0.9999999999182272
2020-01-27,6.818761351688222e-96,7.966173530565559e-11,0.9999999999203375
2020-01-28,4.7924175057962186e-86,5.05128860745812e-11,0.9999999999494875
2020-01-29,3.2940284937023376e-91,1.1689743023452132e-11,0.9999999999883098
2020-01-30,1.836756731653754e-84,2.8709458739685613e-11,0.9999999999712905
2020-01-31,4.918869274697688e-180,1.0,4.168361588204976e-34
2020-02-03,4.7609832168857884e-33,0.9964873242036751,0.0035126757963218854
2020-02-04,7.372981598637419e-34,0.9995355337331511,0.0004644662668463957
2020-02-05,1.3861850255243846e-34,0.9999962199575413,3.7800424553873513e-06
2020-02-06,2.614436436790547e-34,0.9517048666701653,0.04829513332983454
2020-02-07,2.549296545687513e-34,0.9989662888954525,0.00103371110454623
2020-02-10,1.4140621528683287e-29,0.9999999999675282,3.2473661260941044e-11
2020-02-11,1.6443764681362056e-29,1.0,3.1027190746861733e-19
2020-02-12,2.585875436485893e-32,0.9999999998641655,1.358371189998366e-10
2020-02-13,1.6414106567081397e-29,0.999999999983082,1.6918303366172392e-11
2020-02-14,8.981910139675988e-30,0.9999999999932712,6.72561707040813e-12
2020-02-17,1.60622737532836e-29,0.9999999996664002,3.33601246491877e-10
2020-02-18,3.529842701595434e-25,0.9999999991029185,8.970842982785403e-10
2020-02-19,9.186374627118641e-26,0.9999999999980957,1.902951713758859e-12
2020-02-20,1.3004007372875004e-24,0.9999979203681116,2.0796318905835695e-06
2020-02-21,1.918641395923313e-24,0.9999949325077113,5.067492285283213e-06
2020-02-24,2.747157573398275e-19,1.0,9.902638899832928e-16
2020-02-25,1.329587589256477e-19,1.0,6.780805189407647e-20
2020-02-26,1.586316864740786e-19,0.9999999999999858,1.6802564482996568e-14
2020-02-27,5.0892811907749824e-21,0.9999999999999432,6.027047043556992e-14
2020-02-28,1.136501641898609e-20,1.0,1.8986987019009975e-15
2020-03-02,1.4568437339548685e-15,0.9999999999999432,5.662094324522233e-14
2020-03-03,2.1817632142085087e-13,0.9999999999832276,1.6555398272668012e-11
2020-03-04,5.869766740866228e-12,0.9999999999941309,5.627233719282146e-17
2020-03-05,5.236494019051381e-12,0.9999999987053556,1.2894072545388692e-09
2020-03-06,1.819266978704764e-12,0.999999999998181,1.595724330330164e-17
2020-03-09,2.2850540279191398e-11,0.9999999973964719,2.5806760032346507e-09
2020-03-10,4.4033957193985357e-10,0.9999999995596411,1.8891206404827087e-14
2020-03-11,9.387413966117783e-10,0.9999999347177407,6.434351899363199e-08
2020-03-12,1.3450802603684502e-10,0.9994868320854648,0.0005131677800267188
2020-03-13,3.052234067706396e-08,0.9999994587508717,5.107267878372918e-07
2020-03-16,6.032452954065211e-08,0.9999109137484608,8.902592701078997e-05
2020-03-17,2.6221680632320234e-07,0.9999997377801992,2.995507708947132e-12
2020-03-18,1.5911954482665008e-07,0.9999998408804542,1.094249735809209e-23
2020-03-19,1.3483350049706772e-07,0.9999998651547222,1.177692043428705e-11
2020-03-20,9.505944308516197e-07,0.999999049405553,1.4790476067609077e-14
2020-03-23,1.5720077854568072e-07,0.9999998326686954,1.0130526987165025e-08
2020-03-24,1.078735029887692e-07,0.9999998625828811,2.9543614245790786e-08
2020-03-25,4.92418509921639e-38,0.8692486553528571,0.13075134464714133
2020-03-26,3.410681987997631e-25,0.34899842585737506,0.6510015741426243
2020-03-27,8.40984459872219e-23,0.0030203788803933014,0.9969796211196071
2020-03-30,2.5258024419527722e-23,0.10761528579968088,0.8923847142003202
2020-03-31,8.828633443652526e-28,7.952489014276464e-05,0.999920475109858
2020-04-01,6.905022540551412e-32,5.035040599761342e-05,0.9999496495940026
2020-04-02,7.243304813650443e-27,9.459779612669627e-05,0.9999054022038723
2020-04-03,4.419748181356249e-28,9.006240327611129e-06,0.9999909937596727
2020-04-06,6.595020490522569e-24,0.001758900753747703,0.9982410992462516
2020-04-07,2.140262249288212e-25,1.1026484703259574e-05,0.9999889735152968
2020-04-08,7.136785105322753e-22,0.001134709821906349,0.9988652901780946
2020-04-09,8.477828920397768e-22,0.0012411873624227007,0.9987588126375788
2020-04-10,2.6529858122106177e-25,0.0009235989126506842,0.9990764010873503
2020-04-13,1.1848708676984435e-24,8.4944834290879e-06,0.999991505516571
2020-04-14,3.0854038372709293e-24,3.596379010846608e-05,0.9999640362098902
2020-04-15,6.485685272614469e-33,0.036459167148583736,0.9635408328514161
2020-04-16,1.4665584484916601e-25,0.006572401136077504,0.9934275988639224
2020-04-17,2.809771653224382e-31,0.0004146222847012763,0.999585377715299
2020-04-20,1.5547820626335457e-30,6.185949667342199e-05,0.999938140503328
2020-04-21,4.213376195785704e-28,0.0038715883186611127,0.9961284116813395
2020-04-22,1.107995648737478e-28,2.215590109769022e-05,0.9999778440989032
2020-04-23,9.619516285492361e-36,2.833148431076688e-06,0.9999971668515683
2020-04-24,3.2364063839437846e-33,4.421035660379063e-06,0.999995578964339
2020-04-27,4.979222667842363e-35,4.070900031552125e-05,0.999959290999686
2020-04-28,5.218581261499428e-26,0.0025836599649520808,0.9974163400350483
2020-04-29,4.0991336167630126e-23,0.00032438105930246273,0.9996756189406961
2020-04-30,3.8605860674012476e-23,5.043119555585331e-05,0.9999495688044443
2020-05-01,3.5475593782736766e-29,0.00014456997160922744,0.9998554300283904
2020-05-04,3.759166033062726e-30,0.0024674133962916465,0.9975325866037097
2020-05-05,9.880853886278303e-27,0.02021059242207883,0.9797894075779204
2020-05-06,1.4469601460760639e-37,0.00011181296672423667,0.9998881870332741
2020-05-07,7.706447138224278e-30,0.0005052999954400453,0.9994947000045616
2020-05-08,3.3003408894905244e-31,7.089785156318083e-05,0.999929102148436
2020-05-11,3.4190684481826154e-34,2.782377111516231e-06,0.9999972176228892
2020-05-12,1.4663410171613496e-37,0.00012742054670478308,0.9998725794532937
2020-05-13,3.967420183311228e-41,6.475334065728891e-07,0.9999993524665918
2020-05-14,9.071871636558683e-34,0.00016999658492730346,0.9998300034150738
2020-05-15,9.198661780198132e-33,0.004258364635964561,0.9957416353640361
2020-05-18,3.145633289722447e-30,0.00576906289674448,0.9942309371032567
2020-05-19,7.675716709982146e-33,0.002894308809350375,0.9971056911906492
2020-05-20,6.900951454079953e-35,0.006124412093114211,0.9938755879068829
2020-05-21,1.2744635761151594e-37,0.00046272815236890876,0.99953727184763
2020-05-22,7.919740101569063e-31,0.08554836036853694,0.9144516396314614
2020-05-25,1.6387673121645345e-38,0.001414752723775972,0.9985852472762258
2020-05-26,4.1368000214459084e-35,5.890819268758721e-05,0.9999410918073114
2020-05-27,2.5778210633857005e-34,0.00030952686539998205,0.9996904731345982
2020-05-28,1.1982145871125674e-32,0.0006130264333272936,0.9993869735666729
2020-05-29,3.2137480423728126e-39,1.9479630346296665e-05,0.9999805203696552
2020-06-01,2.1318864833480964e-40,3.1330740563205224e-06,0.999996866925942
2020-06-02,6.825332328301586e-34,0.0003524844868961163,0.9996475155131054
2020-06-03,2.6467620572456896e-35,3.937112684671104e-05,0.9999606288731537
2020-06-04,1.0059112486349736e-42,1.0,5.689222030534462e-16
2020-06-05,1.6371126386796538e-10,0.9999999898966969,9.939591247638447e-09
2020-06-08,5.442577989357145e-10,0.9999999994379287,1.7811981658680824e-11
2020-06-09,5.886315139234011e-08,0.9999999411368509,4.409023789641434e-16
2020-06-10,1.1608359991197093e-83,0.9999993080257901,6.919742116805152e-07
2020-06-11,2.8688055473684608e-47,0.0008160716112784926,0.9991839283887213
2020-06-12,4.7298291230112883e-60,0.00013318456273248518,0.999866815437266
2020-06-15,7.429096068232083e-53,8.296258839614541e-07,0.9999991703741169
2020-06-16,9.789557815807955e-63,5.156335704729277e-10,0.9999999994843662
2020-06-17,1.0183397670829238e-65,3.582287224499691e-10,0.9999999996417728
2020-06-18,1.0641856963617325e-66,3.665016117178366e-10,0.9999999996334985
2020-06-19,3.169502716619259e-57,3.6152361911463646e-09,0.9999999963847621
2020-06-22,1.1034513375289182e-55,2.6784297320003053e-10,0.9999999997321574
2020-06-23,1.1419842077774665e-64,2.298477167676582e-10,0.9999999997701519
2020-06-24,2.977371492615004e-67,6.669747965950783e-11,0.9999999999333031
2020-06-25,7.286765216818446e-65,2.46999093808918e-10,0.9999999997530011
2020-06-26,1.0372156984198069e-64,5.502370565500171e-10,0.9999999994497628
2020-06-29,1.1493471823876918e-58,1.0252531761257822e-09,0.9999999989747472
2020-06-30,2.2606598940334199e-66,1.254222604849442e-09,0.9999999987457766
2020-07-01,1.3100978651323399e-65,4.3706057647909847e-10,0.9999999995629398
2020-07-02,2.310171517560166e-69,2.6112177989503605e-10,0.9999999997388791
2020-07-03,1.6151531121542855e-61,7.496788092366574e-10,0.9999999992503206
2020-07-06,1.8724803133207288e-60,7.012068800050495e-11,0.9999999999298801
2020-07-07,1.3493918732855202e-63,3.478301325305243e-11,0.9999999999652172
2020-07-08,1.418509453470579e-66,1.72291855104219e-11,0.9999999999827711
2020-07-09,1.882700084052946e-61,4.04175798974472e-11,0.9999999999595826
2020-07-10,1.1855702332697346e-69,2.750381521581515e-11,0.9999999999724949
2020-07-13,9.11281726412449e-62,2.3024968505134948e-10,0.9999999997697504
2020-07-14,6.716633877552866e-65,1.666613206996247e-10,0.9999999998333386
2020-07-15,1.7338277487130513e-75,1.938401167063595e-10,0.9999999998061604
2020-07-16,8.666814724687761e-65,1.2576697081699934e-09,0.9999999987423287
2020-07-17,1.2990879487272106e-66,1.0919000329806334e-10,0.9999999998908091
2020-07-20,2.047389851596446e-66,3.64807565714107e-11,0.999999999963519
2020-07-21,5.995359219979078e-76,4.7958272800767475e-11,0.9999999999520419
2020-07-22,7.432935365261144e-72,2.15545152112889e-11,0.9999999999784457
2020-07-23,3.217515554778095e-63,2.885955442905846e-10,0.9999999997114042
2020-07-24,6.60993046722647e-75,7.783365316464924e-11,0.9999999999221671
2020-07-27,3.778450566802116e-77,1.7905219242100203e-11,0.9999999999820943
2020-07-28,9.960298767707275e-73,9.52232948327266e-11,0.9999999999047766
2020-07-29,1.1483670913230212e-69,2.8141056537177272e-11,0.999999999971859
2020-07-30,2.5182936799476744e-64,4.802812964937211e-11,0.9999999999519726
2020-07-31,4.192035709153307e-67,2.27176391417205e-11,0.9999999999772822
2020-08-03,7.807416303150957e-63,5.2069083375859446e-11,0.9999999999479314
2020-08-04,3.333560647036371e-69,1.7889079634904228e-10,0.9999999998211084
2020-08-05,7.52658015180123e-70,6.706620178404131e-11,0.9999999999329336
2020-08-06,5.708045562750921e-73,4.134016502525545e-11,0.9999999999586606
2020-08-07,4.847789784848145e-74,3.412511502762703e-11,0.9999999999658744
2020-08-10,4.442196772139533e-68,7.21031547979555e-11,0.9999999999278977
2020-08-11,2.9650004773935167e-81,1.012178670458653e-11,0.9999999999898783
2020-08-12,1.899089926679882e-77,3.0899791667146056e-12,0.9999999999969091
2020-08-13,6.988188513064808e-69,2.2839710389196142e-11,0.9999999999771596
2020-08-14,2.5590563099413573e-73,3.673761656378287e-12,0.9999999999963265
2020-08-17,1.8174297520728236e-81,1.7003194745556296e-11,0.9999999999829967
2020-08-18,5.0245018996091424e-71,6.777654689739906e-11,0.9999999999322231
2020-08-19,1.1275971251873706e-72,8.971089451968237e-12,0.9999999999910294
2020-08-20,4.9250660843092525e-68,2.0672000580851104e-11,0.9999999999793285
2020-08-21,9.033124938264316e-71,1.5337928455960896e-11,0.9999999999846629
2020-08-24,7.173922377867487e-84,1.247006387904418e-11,0.99999999998753
2020-08-25,3.441859486106303e-80,1.9603469375017405e-12,0.9999999999980389
2020-08-26,4.948941645314031e-79,2.034320093271934e-12,0.9999999999979661
2020-08-27,5.511678766511661e-73,2.103049297349098e-11,0.9999999999789697
2020-08-28,4.9424132319478665e-76,3.206944913680571e-11,0.9999999999679314
2020-08-31,2.0366398898996823e-79,1.4341614944379857e-12,0.9999999999985665
2020-09-01,7.400385360854529e-86,8.738297671329574e-11,0.9999999999126175
2020-09-02,3.7850264254743086e-89,5.4481542897601865e-11,0.9999999999455191
2020-09-03,6.133314702401711e-93,4.723859783849551e-11,0.9999999999527613
2020-09-04,2.1585176005712059e-91,2.3590080233699038e-11,0.99999999997641
2020-09-07,1.9332331137773462e-87,3.107455739411548e-10,0.9999999996892548
2020-09-08,1.141514582342407e-83,7.551469280743477e-10,0.9999999992448529
2020-09-09,2.0723688856135555e-78,1.1232212424936475e-09,0.9999999988767776
2020-09-10,5.449634648346823e-91,3.29438228799451e-09,0.9999999967056183
2020-09-11,3.849913819524506e-84,1.6085029945999548e-09,0.9999999983914982
2020-09-14,4.762620329663026e-93,5.579923078751373e-10,0.9999999994420072
2020-09-15,1.73211780293688e-84,7.298749306608982e-10,0.9999999992701234
2020-09-16,1.9365440771645466e-96,6.972571134094486e-10,0.9999999993027444
2020-09-17,9.760358516408627e-86,4.063339562782041e-09,0.9999999959366619
2020-09-18,3.214089653237044e-93,4.5109509786612214e-10,0.9999999995489048
2020-09-21,1.1365907328283138e-91,2.216960925112836e-10,0.9999999997783036
2020-09-22,4.692553327617576e-86,1.9966758627510827e-09,0.9999999980033252
2020-09-23,7.3159121523588955e-90,2.698430258274918e-10,0.9999999997301572
2020-09-24,6.896285747310111e-89,2.4782349436722605e-10,0.9999999997521769
2020-09-25,9.801868659403509e-92,4.75443662614543e-10,0.9999999995245581
2020-09-28,3.515473499796471e-82,4.8314046242875625e-09,0.9999999951685936
2020-09-29,1.3604669771948846e-92,7.942827818662512e-10,0.9999999992057163
2020-09-30,4.507804693296666e-87,8.003691581629727e-10,0.9999999991996305
2020-10-01,5.569490439470214e-82,2.402926634418997e-09,0.9999999975970724
2020-10-02,7.904490154174352e-85,6.991297895914611e-10,0.9999999993008686
2020-10-05,1.8275437782895829e-91,2.2093990287227547e-10,0.9999999997790603
2020-10-06,1.0321786001559948e-87,1.0785438118672355e-10,0.9999999998921467
2020-10-07,2.84300332071326e-96,1.2015515403853225e-10,0.9999999998798437
2020-10-08,1.3898131221289338e-89,1.882998283329556e-10,0.9999999998116991
2020-10-09,1.2845696433508645e-90,1.4334282677906888e-10,0.9999999998566587
2020-10-12,6.64751974511503e-86,4.3694049395915535e-10,0.9999999995630589
2020-10-13,1.398858873481667e-82,1.4566105218266154e-09,0.9999999985433909
2020-10-14,1.5624990086237127e-94,5.13410207324044e-10,0.9999999994865902
2020-10-15,6.224804929896054e-95,2.478383151593217e-10,0.9999999997521627
2020-10-16,8.665287091659575e-91,3.490213669354067e-10,0.9999999996509779
2020-10-19,4.621945895401464e-89,3.6651806283862153e-10,0.9999999996334807
2020-10-20,2.657860634970541e-91,1.3220781596886857e-10,0.9999999998677929
2020-10-21,2.6233547235795437e-87,1.1624285560776563e-10,0.9999999998837588
2020-10-22,1.9194698719203264e-90,1.0885269467083891e-10,0.9999999998911484
2020-10-23,1.4279105547138656e-83,2.4543518740656127e-09,0.9999999975456468
2020-10-26,8.046488083826013e-93,3.81347659359728e-10,0.9999999996186517
2020-10-27,1.5080076264379154e-99,8.810810983572742e-11,0.9999999999118927
2020-10-28,2.9728849472222746e-95,1.8782351160438742e-10,0.9999999998121751
2020-10-29,1.4341242704864718e-90,2.075547335584843e-10,0.9999999997924469
2020-10-30,3.2030973263865342e-96,8.628223955100146e-11,0.9999999999137188
2020-11-02,1.1457810686615162e-90,1.419947473841529e-09,0.9999999985800514
2020-11-03,3.9207154712027337e-87,2.3983295680992406e-09,0.9999999976016696
2020-11-04,3.8718909910423864e-81,9.98995597235677e-10,0.9999999990010053
2020-11-05,1.0926075689118665e-77,3.0877155026228516e-09,0.9999999969122833
2020-11-06,4.812334945698971e-88,1.967925501209064e-09,0.9999999980320737
2020-11-09,1.6156165031426762e-90,5.310414678806488e-11,0.9999999999468958
2020-11-10,1.9784374332994694e-88,9.84636569394929e-12,0.9999999999901537
2020-11-11,1.1509703796553132e-89,6.959713840914957e-12,0.9999999999930402
2020-11-12,4.89485821937203e-81,6.033302611635384e-11,0.9999999999396678
2020-11-13,1.0017316171894054e-88,1.6408950710516105e-11,0.9999999999835918
2020-11-16,6.571157687422979e-84,6.923191334149444e-11,0.9999999999307683
2020-11-17,7.442019639699024e-81,6.4781910998663e-11,0.999999999935218
2020-11-18,1.0149158166552029e-84,8.318694398159164e-11,0.9999999999168132
2020-11-19,1.9872746809259316e-91,2.6983629065184373e-11,0.9999999999730171
2020-11-20,2.1218260152548174e-85,6.210144160322734e-11,0.9999999999378986
2020-11-23,4.017703596089035e-89,1.5937885587665997e-11,0.9999999999840625
2020-11-24,1.126340973572092e-73,4.729313050900204e-05,0.9999527068694897
2020-11-25,5.30564172526826e-52,0.0005532054783251683,0.9994467945216763
2020-11-26,2.011476357853774e-62,2.8399591122692155e-07,0.9999997160040882
2020-11-27,4.164577975470936e-58,3.153591778146475e-06,0.9999968464082217
2020-11-30,8.22206960119692e-62,8.200188785048457e-06,0.9999917998112148
2020-12-01,2.1797818731009427e-61,3.632909070053554e-05,0.9999636709092997
2020-12-02,1.0897413348501344e-58,9.241970706244835e-06,0.9999907580292949
2020-12-03,1.9045757633408028e-58,3.790987517570841e-07,0.9999996209012466
2020-12-04,1.92019222632722e-55,0.00023864773475189968,0.9997613522652465
2020-12-07,1.7129025995888997e-61,3.819300008643269e-07,0.9999996180699978
2020-12-08,1.3023683647289748e-64,4.1098702229412716e-07,0.9999995890129788
2020-12-09,5.167666074278421e-60,7.753289162430657e-07,0.9999992246710846
2020-12-10,2.3565258883591646e-55,0.008795393807968592,0.991204606192033
2020-12-11,9.348434054701206e-54,0.0005740529179480896,0.9994259470820507
2020-12-14,8.222346152280738e-57,3.941252086235082e-06,0.999996058747915
2020-12-15,1.3257765244570806e-51,0.0004989911550708431,0.9995010088449293
2020-12-16,1.0115493062647091e-50,0.17113024334764093,0.8288697566523594
2020-12-17,2.6371142585854e-56,0.0002889946888685613,0.99971100531113
2020-12-18,1.849130843879602e-72,0.9999999999999645,3.550176141638252e-14
2020-12-21,4.771163049844844e-38,1.0,1.2266476856494644e-22
2020-12-22,4.890425366880345e-34,1.0,6.385317264674029e-26
2020-12-23,1.922630810275118e-33,1.0,3.702914511872188e-24
2020-12-24,2.672453954306092e-30,1.0,4.383191303170314e-24
2020-12-25,3.95887719292456e-30,1.0,2.2349751448723992e-22
2020-12-28,7.527562176197884e-27,1.0,3.6205663752275043e-16
2020-12-29,1.3344968640274112e-19,1.0,1.405814073817318e-19
2020-12-30,8.649115180026303e-19,0.9999999999999929,5.9038492078384935e-15
2020-12-31,8.41746578420166e-17,1.0,1.508717833108992e-17
2021-01-01,8.630741245742806e-16,1.0,4.455642505928683e-19
2021-01-04,1.3279050235979212e-14,0.9999999999878035,1.2182926112333246e-11
2021-01-05,1.906907963780531e-14,0.999986403467303,1.3596532676407608e-05
2021-01-06,5.430747301152186e-17,1.0,1.1357386010614445e-35
2021-01-07,1.5426186782602023e-13,0.9999999999998472,3.3719531043058187e-22
2021-01-08,3.907662842966949e-15,0.9999999999999964,2.1746492990458648e-23
2021-01-11,9.772919935568415e-15,0.9999999999999893,7.659954322724224e-23
2021-01-12,1.1625430747607157e-14,0.9999999999999893,4.365339392410966e-31
2021-01-13,1.8419694624276976e-09,0.9999999981580316,2.951598164403844e-32
2021-01-14,1.4833298113467314e-09,0.9999999985166674,3.0451946857519004e-15
2021-01-15,3.3051580804656687e-09,0.999999996413532,2.813093888424153e-10
2021-01-18,4.811848182751563e-09,0.9999999951881513,5.631316582306067e-17
2021-01-19,2.227149949730865e-09,0.99999999777285,2.4730904286581918e-31
2021-01-20,1.986912103827396e-08,0.9999999801308663,1.4065346542930587e-14
2021-01-21,2.2701062207386216e-08,0.9999999772988242,1.1257768685777185e-13
2021-01-22,1.899258204621821e-08,0.9999999810074167,1.2443017836017283e-17
2021-01-25,1.1351623253296093e-06,0.9999988648376762,1.6061726005620078e-19
2021-01-26,1.325306154431704e-07,0.9999998674518852,1.74994262340203e-11
2021-01-27,8.242036183566638e-06,0.9999917579017558,6.206047559515546e-11
2021-01-28,2.4527477509627834e-05,0.9999754724982985,2.4193043688981135e-11
2021-01-29,0.00027158319958105545,0.9997284167996977,7.222859253125295e-13
2021-02-01,7.4431335045361485e-06,0.9999925568664947,1.2449386974674893e-18
2021-02-02,6.865489183970485e-07,0.9999993134510822,9.686833890682033e-25
2021-02-03,1.8833024700644091e-06,0.9999981166975301,3.933723434644837e-21
2021-02-04,1.827812226053592e-06,0.9999981721868252,9.49337062254929e-13
2021-02-05,0.008179842809345007,0.9918201571906534,2.228863178387982e-36
2021-02-08,0.6929539070608682,0.3070460929391329,2.2735867978276182e-24
2021-02-09,0.008361566242097189,0.9916384337579032,4.043792609933453e-24
2021-02-10,0.07748049916716464,0.9225195008328348,1.4114547092383238e-31
2021-02-11,0.014834587798269698,0.98516541220173,6.800837539738804e-35
2021-02-12,1.6370051856059312e-06,0.9999983629948132,1.8894577016124807e-42
2021-02-15,2.020003254961458e-06,0.9999979799967464,2.4677951289785373e-39
2021-02-16,4.039550313402249e-05,0.999959604496866,4.412809429244794e-23
2021-02-17,2.5883224736698644e-05,0.9999741167752648,5.696937069089955e-31
2021-02-18,7.726730395811413e-05,0.9999227326960435,2.5324474151176383e-25
2021-02-19,0.0007624594188974514,0.9992375403092918,2.7181041765207303e-10
2021-02-22,0.00936226497874623,0.990637735021254,4.004016918941819e-18
2021-02-23,0.016328298123004934,0.9836717008004382,1.0765576247004735e-09
2021-02-24,0.0009573988984297239,0.9990426011015708,4.122042592165567e-18
2021-02-25,0.00035731204896788355,0.9996426879507252,3.0549121243208333e-13
2021-02-26,7.404454676797781e-07,0.9999992595545321,1.1422146128963161e-20
2021-03-01,3.211249474896238e-06,0.9999967887504913,3.262568829278041e-14
2021-03-02,2.1336900243904364e-08,0.9999999786630982,3.5913564809410766e-28
2021-03-03,3.3547695798631965e-09,0.9999999966452293,8.009576087742798e-20
2021-03-04,5.465092948089105e-08,0.9999999453490688,8.350822109591055e-18
2021-03-05,2.2956283264349574e-81,0.9999999999922409,7.760234736718155e-12
2021-03-08,6.590916460899856e-55,0.9999250434937322,7.495650626877863e-05
2021-03-09,1.7110720852168231e-46,0.9693674553417818,0.030632544658216486
2021-03-10,4.3075839246629705e-58,0.14798860479168566,0.852011395208314
2021-03-11,4.083347289818049e-50,0.10256438820742282,0.8974356117925775
2021-03-12,1.566223913927951e-58,0.00032269925451679525,0.9996773007454824
2021-03-15,2.9128297110507634e-54,0.00039749085394336493,0.9996025091460571
2021-03-16,2.5579803297853986e-59,0.00011536307037254963,0.9998846369296265
2021-03-17,5.8978253145142846e-52,0.0005727919728792741,0.9994272080271219
2021-03-18,4.28201740896187e-48,4.8195904224825714e-05,0.9999518040957757
2021-03-19,1.7239191961429705e-61,5.846482674709868e-05,0.9999415351732517
2021-03-22,6.377615971536357e-51,0.00022288942448764164,0.9997771105755138
2021-03-23,8.97702077194718e-60,5.9539079180407945e-05,0.9999404609208199
2021-03-24,5.941803545301387e-56,6.7865683337205775e-06,0.9999932134316653
2021-03-25,2.383968690071055e-53,5.953838425616608e-06,0.9999940461615747
2021-03-26,8.83556365929567e-64,9.742725142125565e-07,0.9999990257274852
2021-03-29,8.62923631698933e-59,4.532027715538584e-06,0.9999954679722857
2021-03-30,6.125438907337706e-66,3.634138169945926e-07,0.999999636586184
2021-03-31,4.056817872929894e-59,7.855098126278649e-08,0.9999999214490205
2021-04-01,2.0426038760829215e-63,1.1587499959777015e-08,0.9999999884124993
2021-04-02,1.8400901458191052e-56,3.151386991452799e-08,0.9999999684861298
2021-04-05,6.101769307124086e-67,1.6896867353376706e-08,0.999999983103134
2021-04-06,1.8049243497413722e-57,1.3951906652924558e-07,0.9999998604809326
2021-04-07,5.318317779335072e-70,1.6797595813379095e-07,0.9999998320240414
2021-04-08,2.4234328594863324e-61,8.794955030192149e-08,0.9999999120504487
2021-04-09,2.694046660343254e-66,1.2708002549840133e-08,0.9999999872919966
2021-04-12,2.1170891587658063e-68,5.517441717086529e-09,0.9999999944825575
2021-04-13,2.478735150247317e-70,2.543185752174927e-09,0.9999999974568148
2021-04-14,7.413897452374209e-63,9.096665459341497e-09,0.9999999909033335
2021-04-15,1.7927119319977607e-68,3.2567702211037024e-09,0.9999999967432291
2021-04-16,7.698542435047866e-63,5.917737653484952e-09,0.9999999940822626
2021-04-19,9.77600151328454e-56,2.7668409975026248e-08,0.9999999723315905
2021-04-20,1.8288480873706866e-67,6.5349425922760416e-09,0.9999999934650567
2021-04-21,5.444480247466793e-71,3.752689952345914e-09,0.9999999962473094
2021-04-22,4.4712705211407525e-68,6.358973379179231e-09,0.9999999936410262
2021-04-23,2.5934568147925753e-69,4.0541147978398845e-09,0.9999999959458847
2021-04-26,2.2599658032438856e-65,4.175770274904359e-09,0.9999999958242292
2021-04-27,6.2142691764663495e-61,3.2442507053797454e-09,0.9999999967557489
2021-04-28,1.2904096938748697e-68,2.6082014665207008e-09,0.9999999973917983
2021-04-29,1.743115332831164e-70,2.4265265662354333e-09,0.9999999975734717
2021-04-30,9.80932241370368e-68,6.52395258136471e-08,0.9999999347604728
2021-05-03,5.282508343227455e-72,3.58420587175354e-08,0.9999999641579407
2021-05-04,5.219088873342277e-68,8.211228321825243e-09,0.999999991788771
2021-05-05,5.022537755768004e-63,4.934927674707266e-09,0.9999999950650729
2021-05-06,5.584978425686133e-75,3.836628608312851e-09,0.9999999961633712
2021-05-07,9.78628572080585e-77,6.160357533382208e-10,0.9999999993839648
2021-05-10,1.7826354797999405e-72,9.397999925551718e-10,0.9999999990602007
2021-05-11,1.5063638632049475e-75,1.2220993846980592e-09,0.999999998777902
2021-05-12,1.7503865771726938e-75,3.0425627032972403e-09,0.9999999969574365
2021-05-13,1.494117192666589e-75,2.4333873845553282e-09,0.9999999975666132
2021-05-14,7.476025590402968e-79,2.72781114026147e-09,0.9999999972721891
2021-05-17,1.1980429415440969e-85,2.4056323812349128e-09,0.9999999975943688
2021-05-18,1.22108141510146e-81,8.314537196450654e-09,0.9999999916854634
2021-05-19,5.216399766503431e-86,1.895022012428336e-09,0.999999998104979
2021-05-20,3.937886026305835e-91,4.444531819113273e-09,0.9999999955554699
2021-05-21,8.397073249107833e-90,3.3591535227373027e-10,0.9999999996640838
2021-05-24,3.869907858065906e-83,1.152080659130661e-09,0.9999999988479189
2021-05-25,7.979537080972127e-94,1.1664758859625304e-10,0.9999999998833538
2021-05-26,1.8319728540071495e-96,5.860926254025096e-11,0.9999999999413909
2021-05-27,2.351700434770949e-95,9.00315763607985e-11,0.9999999999099689
2021-05-28,4.900934645446192e-97,5.135041194616737e-11,0.9999999999486491
2021-05-31,6.372812185662006e-91,1.0997955236993706e-10,0.9999999998900204
2021-06-01,5.076459453039972e-98,1.3941759190292945e-10,0.9999999998605826
2021-06-02,6.059810265488242e-91,1.722015516015798e-10,0.9999999998277982
2021-06-03,4.665450819754846e-92,1.2805254261703532e-10,0.9999999998719478
2021-06-04,3.398788384965296e-99,1.0490744895826395e-10,0.9999999998950919
2021-06-07,5.051531037756946e-88,7.790827145680404e-05,0.9999220917285446
2021-06-08,1.7209823316064339e-68,4.914315208907987e-07,0.9999995085684786
2021-06-09,3.3765117344641225e-67,3.744389257897448e-08,0.9999999625561073
2021-06-10,1.0903331824911176e-71,7.295154885935171e-09,0.9999999927048435
2021-06-11,2.2060511536853586e-106,8.199340221483282e-09,0.9999999918006601
2021-06-14,5.918575694272585e-94,7.984699888274905e-10,0.9999999992015294
2021-06-15,1.5795968049329282e-97,2.812396777816873e-10,0.9999999997187601
2021-06-16,1.9657648431151636e-97,2.773420509160665e-10,0.9999999997226574
2021-06-17,1.5031279367692972e-86,6.594620289370562e-09,0.9999999934053783
2021-06-18,1.0007414599571277e-98,5.63871038436438e-09,0.9999999943612892
2021-06-21,1.741906008600778e-96,1.2793066765593054e-10,0.9999999998720686
2021-06-22,5.222490506861355e-88,8.541495832294486e-10,0.9999999991458512
2021-06-23,3.848942743681401e-89,1.4663724885344945e-10,0.9999999998533635
2021-06-24,5.796004703365116e-93,7.183208609732866e-11,0.9999999999281677
2021-06-25,4.531306373893646e-91,6.165031113950941e-11,0.9999999999383498
2021-06-28,3.0687241533475378e-86,1.514899874708341e-10,0.9999999998485105
2021-06-29,1.0875033439194555e-102,8.531254010272215e-11,0.9999999999146887
2021-06-30,1.7099141487198272e-97,2.691047751340006e-11,0.99999999997309
2021-07-01,5.77540972569348e-89,1.874970949402421e-10,0.999999999812502
2021-07-02,2.0109529782845957e-88,3.1296114492301166e-11,0.9999999999687041
2021-07-05,2.742115308026988e-85,4.091061087694526e-11,0.9999999999590887
2021-07-06,2.0133580141358253e-97,5.2378743211959897e-11,0.9999999999476206
2021-07-07,5.322049870323018e-85,1.1315149570281397e-09,0.9999999988684856
2021-07-08,9.829533249343649e-95,2.21829233549433e-10,0.9999999997781703
2021-07-09,1.1592050807671846e-87,3.2065511740170615e-10,0.9999999996793445
2021-07-12,1.3910947461013133e-85,2.718473381094079e-10,0.9999999997281535
2021-07-13,7.583459036023712e-99,3.0648720933223407e-10,0.9999999996935145
2021-07-14,3.5586620860222997e-96,6.491835661053437e-11,0.9999999999350813
2021-07-15,1.238571142676935e-91,1.3836413108637654e-10,0.999999999861636
2021-07-16,1.6714343994731284e-87,1.4497564196236202e-10,0.9999999998550244
2021-07-19,3.629946779565209e-101,1.6674194331919685e-10,0.9999999998332569
2021-07-20,4.679470758981782e-89,1.1950596792328698e-09,0.99999999880494
2021-07-21,2.545273077662432e-94,1.1034661520134223e-10,0.9999999998896527
2021-07-22,2.4277968667887328e-92,4.342246411039565e-11,0.999999999956577
2021-07-23,3.3443218978737553e-93,4.5751203770752755e-11,0.9999999999542482
2021-07-26,2.3346251283027925e-85,2.4584276247019374e-10,0.9999999997541575
2021-07-27,8.515350644392738e-99,3.026845781214962e-10,0.9999999996973159
2021-07-28,2.5467885393855397e-90,5.076162071792351e-10,0.9999999994923829
2021-07-29,7.550732063410531e-96,1.1188338578636266e-09,0.9999999988811652
2021-07-30,1.122801500217385e-85,4.416985335737353e-09,0.9999999955830141
2021-08-02,6.801838188954085e-85,5.096741636378119e-10,0.9999999994903259
2021-08-03,8.11186166517747e-95,1.0830462864558792e-09,0.9999999989169552
2021-08-04,8.341542417515762e-93,2.534145501635597e-10,0.9999999997465849
2021-08-05,4.349583281292652e-92,9.451822076053393e-11,0.9999999999054818
2021-08-06,1.0853038149844377e-91,1.2427325868658137e-10,0.9999999998757261
2021-08-09,4.252023610492111e-86,2.3189274780411665e-10,0.9999999997681073
2021-08-10,2.7396579892242142e-89,1.904878405268457e-10,0.9999999998095124
2021-08-11,1.2151828893248154e-91,1.8959751266174054e-10,0.9999999998104023
2021-08-12,2.4041417678903675e-86,7.702479187557103e-10,0.9999999992297521
2021-08-13,1.0118525184284064e-90,1.78846057864227e-10,0.9999999998211546
2021-08-16,4.782202446575313e-96,2.227774528123096e-09,0.9999999977722247
2021-08-17,2.2007551446837578e-96,6.177173747451543e-10,0.9999999993822826
2021-08-18,2.0871984501744127e-93,7.331695266610591e-10,0.99999999926683
2021-08-19,2.2356567884107643e-89,4.725791519993553e-10,0.9999999995274216
2021-08-20,3.8416627718298065e-98,2.603216913823612e-10,0.9999999997396785
2021-08-23,5.661216177161956e-89,1.3674645371691058e-09,0.9999999986325356
2021-08-24,2.4716441203486374e-93,2.6612297984758876e-10,0.9999999997338769
2021-08-25,5.983729635491792e-87,4.906500081674458e-10,0.9999999995093507
2021-08-26,1.1419969642949914e-98,4.2733664866324047e-10,0.9999999995726636
2021-08-27,2.7350891304232286e-90,7.085633022887479e-10,0.9999999992914361
2021-08-30,8.855249544440006e-98,5.005655846425458e-11,0.999999999949944
2021-08-31,2.1114375351596776e-92,6.722303965265372e-11,0.9999999999327773
2021-09-01,1.5201088926629658e-97,1.686127812779833e-10,0.9999999998313864
2021-09-02,7.970725059515209e-91,3.075708310934117e-10,0.9999999996924291
2021-09-03,7.72090621280455e-86,2.883649858949884e-10,0.9999999997116351
2021-09-06,6.283759093268127e-99,1.8413931445794807e-10,0.9999999998158611
2021-09-07,1.143116079320537e-88,8.698660060690657e-10,0.999999999130134
2021-09-08,3.686534803781491e-91,9.718832619647936e-11,0.999999999902812
2021-09-09,1.6066221827259657e-92,1.0695278150280648e-10,0.9999999998930473
2021-09-10,8.950800233528929e-91,1.797946838782311e-10,0.999999999820206
2021-09-13,7.68103223437625e-96,7.06591547958363e-11,0.9999999999293401
2021-09-14,9.910717744918415e-89,2.1108776093163873e-10,0.999999999788912
2021-09-15,4.053032603465125e-87,2.349368696787912e-10,0.9999999997650626
2021-09-16,1.2226157557094226e-86,4.611745089345919e-10,0.9999999995388258
2021-09-17,5.0802679571735496e-96,2.0238841374244378e-10,0.9999999997976108
2021-09-20,2.3983569284739196e-89,6.992516922382712e-10,0.9999999993007478
2021-09-21,8.674368282647692e-98,3.965402932434336e-10,0.9999999996034603
2021-09-22,9.329426943093703e-92,4.020569933191245e-10,0.999999999597943
2021-09-23,4.1316972051921965e-100,5.308699598982901e-10,0.9999999994691287
2021-09-24,1.064061050175138e-95,5.979679579367159e-10,0.9999999994020321
2021-09-27,5.19144789619372e-90,5.692260256065319e-10,0.9999999994307736
2021-09-28,2.1782052632603126e-85,4.3707460402832346e-10,0.9999999995629256
2021-09-29,8.393321126468863e-102,1.0798219010066634e-09,0.9999999989201775
2021-09-30,2.2357853535623983e-91,7.883327433749971e-10,0.999999999211667
2021-10-01,3.582133309037783e-89,5.851126257916087e-10,0.9999999994148876
2021-10-04,4.841298837706757e-85,9.78208079780196e-10,0.9999999990217923
2021-10-05,2.431866025998243e-89,2.848245532258498e-10,0.9999999997151754
2021-10-06,6.473671698575141e-100,4.092204735405922e-10,0.9999999995907789
2021-10-07,7.659887337063186e-98,2.6045442163779043e-10,0.9999999997395452
2021-10-08,9.79397115444753e-90,4.972135197422178e-09,0.9999999950278653
2021-10-11,1.4348762660576373e-96,4.719674559074322e-09,0.9999999952803265
2021-10-12,6.296818205095655e-87,2.7276848100890913e-08,0.9999999727231529
2021-10-13,9.042142192104954e-85,6.2596990314081185e-09,0.9999999937403015
2021-10-14,1.2153734471917761e-83,2.530841266711935e-08,0.9999999746915872
2021-10-15,8.131312866677971e-96,7.641522981413257e-09,0.9999999923584753
2021-10-18,1.4233645196122694e-87,6.112567975916148e-09,0.9999999938874318
2021-10-19,1.955405633289523e-87,5.4885016790579594e-09,0.9999999945114979
2021-10-20,3.5884482986118062e-99,2.0600888195210986e-09,0.9999999979399128
2021-10-21,1.6687212028607988e-94,2.413536170324165e-10,0.9999999997586464
2021-10-22,5.2521707699112576e-95,4.391384453793911e-10,0.9999999995608615
2021-10-25,1.2561055711122299e-92,4.660895261994419e-10,0.9999999995339106
2021-10-26,1.4093414682896332e-84,1.8760519444667707e-09,0.9999999981239487
2021-10-27,1.7822214249666917e-85,2.1967481821799069e-10,0.999999999780325
2021-10-28,1.2554786210316824e-93,2.04376289029454e-09,0.9999999979562375
2021-10-29,6.175882377720446e-89,2.0578983539381287e-09,0.9999999979421013
2021-11-01,1.169389782728713e-94,1.0895348993655938e-09,0.9999999989104644
2021-11-02,2.1411590538578384e-92,7.969501028604318e-10,0.9999999992030499
2021-11-03,2.6891003067928326e-96,1.6993755129180188e-09,0.9999999983006251
2021-11-04,5.202397549388237e-88,5.407466686593507e-09,0.9999999945925335
2021-11-05,1.11335223964386e-86,7.502852582572919e-10,0.9999999992497148
2021-11-08,1.4013288816247123e-83,9.593124891026288e-10,0.9999999990406874
2021-11-09,2.1951007991874244e-82,2.2774425383875414e-09,0.9999999977225578
2021-11-10,3.7608534429917574e-95,2.487516881915592e-09,0.9999999975124823
2021-11-11,1.919967558019575e-83,8.454990178794327e-07,0.999999154500982
2021-11-12,7.167995534340933e-94,4.00292204224529e-08,0.99999995997078
2021-11-15,7.803023815802215e-90,1.7669829489166398e-08,0.9999999823301701
2021-11-16,2.3613773305676255e-87,2.0172215304083494e-08,0.9999999798277843
2021-11-17,7.217451223648282e-96,5.808622083764497e-08,0.9999999419137796
2021-11-18,3.138052916991195e-94,3.74642106278359e-09,0.9999999962535782
2021-11-19,2.3428082062387478e-92,3.560806191147822e-09,0.9999999964391932
2021-11-22,9.342792892314711e-95,2.7684446335499814e-09,0.999999997231555
2021-11-23,2.1778763389513775e-84,4.959377328807691e-08,0.999999950406225
2021-11-24,9.959120082012805e-95,2.3543111693469574e-09,0.9999999976456877
