date,0,1,2,3,4
2015-03-26,0.9853066065666007,2.5684566906452373e-07,0.00022726242394960342,7.216595479998447e-88,0.014465874163781124
2015-03-27,0.9497321194457394,0.0002736637215660293,0.0012306659977719236,9.193957186189494e-62,0.0487635508349223
2015-03-30,0.921822410536727,3.2448899356116745e-05,0.0005352464242501308,1.3238150051214338e-68,0.07760989413966833
2015-03-31,0.7266245507495432,1.3591227899911802e-06,4.1618092856026715e-05,7.979584376894319e-72,0.27333247203480926
2015-04-01,0.6821625995999774,1.5153751302725848e-08,0.0030290372188552946,9.689489433325362e-90,0.3148083480274148
2015-04-02,0.05025976240842944,1.2509263687528525e-10,2.798772491554056e-05,1.292597934751541e-100,0.9497122497415641
2015-04-03,0.8305507352439593,2.30408745471846e-08,8.919303952670173e-06,1.6542947064755674e-93,0.16944032241121376
2015-04-06,0.8462776357052143,1.2390057874592095e-05,7.325084046445781e-06,3.276562234323897e-77,0.15370264915286344
2015-04-07,0.7684330121210429,1.9203033726856376e-06,1.0451892476070134e-05,8.939133202919646e-83,0.23155461568310995
2015-04-08,0.0005049510772289223,1.4065215200249906e-13,2.9389840196696644e-09,4.830154863603666e-112,0.9994950459836456
2015-04-09,4.745169626742949e-08,2.5431020617270097e-18,1.0232459484848119e-11,1.8346378455149024e-140,0.9999999525380698
2015-04-10,1.7274079751097855e-08,3.933478247118296e-15,1.9004333082873367e-11,1.605602161750133e-125,0.9999999827069105
2015-04-13,5.162930024330862e-07,1.1805076567567166e-20,3.46850132827141e-11,1.2110892853421043e-158,0.9999994836723137
2015-04-14,8.228765372639124e-05,6.412298498316105e-15,4.306334066314705e-10,3.6883870797908814e-132,0.9999177119156325
2015-04-15,1.945306229281707e-07,2.267400628523655e-12,1.758122217446969e-11,3.801595046889913e-104,0.9999998054495276
2015-04-16,1.1630327570756332e-08,1.3511783891873682e-09,9.375065339562889e-12,1.7384417968707578e-73,0.9999999870091189
2015-04-17,5.38017166943172e-06,7.15354132370954e-12,2.3199519594038987e-10,2.478490224599829e-90,0.9999946195891816
2015-04-20,8.760234329335317e-09,3.806588624316514e-25,2.3090988523267725e-14,3.7843546471202294e-184,0.9999999912397435
2015-04-21,7.05986352794162e-09,2.158490779597199e-16,2.8401661421208863e-13,4.008835836013718e-136,0.999999992939852
2015-04-22,1.7180870516076033e-09,1.1835500283849633e-18,8.139072733181087e-14,1.1998686685880467e-151,0.9999999982818331
2015-04-23,5.317784656401822e-08,1.1653770538559819e-20,2.0491031773379005e-13,7.06551453011061e-164,0.9999999468219493
2015-04-24,4.9770967455414526e-09,5.400876732579643e-19,1.2593676841747462e-13,6.040433422146186e-147,0.999999995022776
2015-04-27,4.752037926741579e-08,2.5802897329675316e-14,9.011823565407017e-13,1.186248533241421e-98,0.9999999524786933
2015-04-28,2.564794229048756e-07,5.299508754260898e-09,6.935397194711444e-13,7.297436771289471e-65,0.9999997382203732
2015-04-29,8.040748085519929e-08,1.7677149696143559e-09,4.840713623154366e-12,6.3634729499239504e-71,0.9999999178199628
2015-04-30,9.952759027886439e-06,2.267903556234817e-06,2.3701658975952956e-11,2.143487468420099e-55,0.9999877793137153
2015-05-01,5.082695629548175e-07,6.267104607750091e-14,1.259389403281967e-12,1.4782569905450163e-101,0.9999994917291145
2015-05-04,4.0828052778676825e-07,7.512275507150778e-09,1.2187665421219564e-12,7.121235212796713e-67,0.9999995842059779
2015-05-05,3.709256534799733e-06,1.3509424051253122e-09,6.553361584137113e-11,2.428822622163114e-69,0.9999962893269896
2015-05-06,3.0234004138518726e-05,3.6593657015703886e-11,3.124362840150516e-11,3.0022010712795856e-77,0.9999697659280237
2015-05-07,0.0006822069313011112,1.0360479195599279e-11,1.2544658565434083e-09,4.580056809733901e-88,0.9993177918038731
2015-05-08,0.0013414744661446587,1.610588242515033e-07,4.6269188058672736e-09,2.0201614516698584e-69,0.9986583598481121
2015-05-11,0.003093068689818002,1.5517903567970994e-08,1.2030025968446909e-07,2.859426617596151e-72,0.9969067954920201
2015-05-12,0.0021926256033081926,6.185095241729415e-11,4.272712530800937e-06,4.955600800089901e-89,0.9978031016223087
2015-05-13,0.0010662808633919991,2.9481461903106064e-13,4.000949375529357e-06,5.666802628569364e-99,0.9989297181869378
2015-05-14,0.0020271803949489914,1.930364815315267e-12,3.7448596751912785e-06,1.0301323416852527e-103,0.9979690747434462
2015-05-15,0.005181380131041888,3.8702586500222996e-08,7.569573771319373e-05,1.7143618318396823e-77,0.9947428854286581
2015-05-18,0.01635609193669594,5.0684195315758845e-09,1.526200391659164e-05,1.2557852515565109e-90,0.9836286409909689
2015-05-19,0.017738532858621647,2.2776547895906136e-13,9.144488774523877e-05,1.031950650134983e-115,0.982170022253405
2015-05-20,0.08458105119200895,1.479925766799481e-13,0.0008338766723683848,1.748870587586819e-128,0.9145850721354731
2015-05-21,0.04742627937513033,3.217788619960393e-05,0.0007204569564138651,3.099455738147321e-75,0.9518210857822553
2015-05-22,0.030188559185879232,1.276526567724253e-11,9.465487893912557e-05,2.250031504498489e-109,0.9697167859224154
2015-05-25,0.012458627194850566,9.757015367976326e-10,8.087941227866687e-06,2.3193547706256075e-95,0.9875332838882216
2015-05-26,3.7076808323745024e-05,4.5355697926214734e-18,4.4898067735492235e-10,6.690242374761022e-141,0.9999629227426959
2015-05-27,0.00030948470242970794,1.4960533998533247e-19,1.0798049503319023e-07,4.995000675608743e-152,0.9996904073170768
2015-05-28,5.416923743434333e-07,6.412787326001627e-18,2.882298745924351e-11,7.83661213177567e-141,0.9999994582788017
2015-05-29,7.565432753879529e-06,1.9707036944918284e-15,2.2606223606561586e-10,2.803061010108054e-127,0.9999924343411832
2015-06-01,5.710207819733535e-05,1.5585671843307749e-18,7.062231893488823e-10,1.1551711039323521e-147,0.9999428972155795
2015-06-02,2.518588896459265e-06,6.805869497646259e-16,6.708312544126166e-12,1.726775988272622e-120,0.999997481404395
2015-06-03,0.0007743178227402025,1.3516022498512482e-18,7.484626449443491e-08,1.9741803093327503e-150,0.9992256073309937
2015-06-04,0.0013543303825174313,1.4706470364007754e-12,4.1470268713469905e-06,1.662241759760862e-109,0.9986415225891402
2015-06-05,0.001753296898118961,4.149332102428924e-27,8.061147965963471e-09,2.534489056984903e-227,0.9982466950407333
2015-06-08,0.010544765139865448,6.526021044367355e-21,2.6496630862182817e-08,2.6202354119856443e-190,0.9894552083635028
2015-06-09,0.0008711240758413537,1.5151274290364688e-18,4.2900892048730216e-08,2.3107979826895287e-167,0.9991288330232677
2015-06-10,2.6672529108230966e-06,1.3198445609408395e-18,2.1515000984166204e-10,2.326642197938908e-148,0.9999973325319381
2015-06-11,2.7276564823943834e-07,2.2819751650973617e-18,1.1552619440759614e-10,1.2358507669537685e-138,0.9999997271188245
2015-06-12,7.044730164985676e-05,9.099885610405577e-15,6.255832114935934e-08,2.0279473004144e-105,0.9999294901400193
2015-06-15,1.7478819664718804e-06,2.8351818011022482e-11,7.932615570841402e-10,7.970668159360068e-77,0.9999982512964194
2015-06-16,1.2538575197681862e-07,1.2697994190391992e-16,4.122253992359062e-11,7.695714991284418e-114,0.9999998745730253
2015-06-17,1.6924842682606163e-09,1.1046291046529809e-11,1.7480923702763776e-11,8.652234473062922e-82,0.9999999982789891
2015-06-18,1.1773025540617852e-10,3.5348371334929416e-13,1.2616141904690872e-12,1.3111821956195602e-90,0.9999999998806537
2015-06-19,8.028174304163482e-08,4.5821574926376596e-17,8.838869206964323e-11,5.531402632493841e-115,0.9999999196298678
2015-06-22,3.080756595455474e-07,2.2735775787705353e-14,2.439884191775248e-11,5.58041957248203e-98,0.9999996918999171
2015-06-23,2.9515400468826518e-05,1.3159437936927678e-10,1.6494990697804222e-09,6.674997733317051e-83,0.9999704828184367
2015-06-24,2.158360915962642e-07,1.736192426017222e-13,2.0523187993588417e-12,1.3431408910275404e-97,0.9999997841616823
2015-06-25,6.005653748259458e-06,2.0304433633837645e-15,2.7233257603038718e-11,8.101532239989566e-111,0.9999939943190169
2015-06-26,2.0030848866642558e-07,9.586920487118323e-19,3.1767198853745986e-13,1.7823294418027048e-125,0.9999997996911946
2015-06-29,9.052066566980658e-07,7.487084341483478e-18,4.643474459778767e-13,5.883003091611133e-123,0.9999990947928776
2015-06-30,2.2365451542232925e-06,4.357679205275134e-11,3.054688556516333e-12,1.1359618846720312e-83,0.9999977634082136
2015-07-01,2.053450741894078e-08,1.5690093542246327e-20,4.2071262742740895e-14,2.855300448315125e-153,0.9999999794654502
2015-07-02,5.0740174379341017e-11,1.1505142388933232e-16,5.3995622237151824e-14,1.811711180674487e-125,0.9999999999492069
2015-07-03,2.5177154844917165e-06,5.561722584019624e-13,4.456758562073103e-12,1.9592188887744774e-108,0.9999974822795026
2015-07-06,1.6523979167443005e-07,8.604295342308975e-16,4.818891188020462e-13,6.989919233462038e-125,0.9999998347597264
2015-07-07,2.897943854138705e-07,2.0738123451966193e-12,8.729360339809221e-13,9.728722278746426e-104,0.9999997102026683
2015-07-08,1.9407122940479063e-06,1.4576047454970315e-09,1.11720905074106e-11,2.4551322701665776e-74,0.9999980578189294
2015-07-09,4.6904704502914493e-07,1.199889630247966e-16,5.362852935484107e-13,5.590418131264654e-116,0.9999995309524187
2015-07-10,5.700989567524768e-07,3.960248219380978e-12,2.1063455172152316e-11,2.1264853635272085e-88,0.9999994298760191
2015-07-13,2.1576816655086567e-05,2.5493516756956887e-10,4.400906289810099e-09,4.036253958337284e-78,0.999978418527504
2015-07-14,2.9505150642707933e-05,5.303208283311221e-09,3.2713318637962053e-09,9.843693577148683e-71,0.9999704862748178
2015-07-15,0.00011136055065533266,1.6393347708717326e-16,2.2577461541443445e-06,4.844984339237977e-126,0.9998863817031896
2015-07-16,0.000245180224315721,2.1105535121201056e-10,5.529152915006339e-05,3.88855426281964e-88,0.999699528035478
2015-07-17,0.0001914910546348212,4.02169146437577e-11,1.1243123567472214e-05,2.1703105608607062e-88,0.9997972657815822
2015-07-20,0.00029711254771151664,4.876659215249308e-13,3.7829863862864366e-05,1.058456268173675e-103,0.9996650575879377
2015-07-21,0.0013123029696551942,1.982702239250062e-12,6.457109882552951e-05,3.7686487157778805e-99,0.9986231259295348
2015-07-22,0.002137756756455284,3.0616832587381775e-08,3.503528839960104e-05,8.036740579137508e-73,0.9978271773383136
2015-07-23,0.00010672550298121219,1.890701701165052e-11,1.5056001759930286e-07,2.048268737943772e-85,0.9998931239180957
2015-07-24,2.2014206934358127e-05,2.4127678300347202e-11,1.3386950774162713e-09,4.48140307041304e-89,0.9999779844302431
2015-07-27,2.4725524585963645e-05,1.5695333262063018e-13,1.5318946640865678e-09,3.291163540259504e-99,0.9999752729433636
2015-07-28,4.417221140079614e-07,3.33578630009928e-21,9.294793959805833e-12,1.1800644449435102e-147,0.9999995582685929
2015-07-29,3.1780441724254655e-06,1.6661402138814593e-13,3.151469503688048e-11,1.434123400289531e-103,0.9999968219241476
2015-07-30,1.6254325755630148e-06,2.2498515071111132e-10,1.5046502727776325e-12,8.485479578105994e-82,0.9999983743409346
2015-07-31,1.930718515161703e-05,3.660830557619047e-12,1.1079363900591011e-10,4.0844284328750265e-91,0.9999806927003944
2015-08-03,3.5435247923701866e-06,7.878681853687333e-10,3.0571922845429137e-12,8.226277067018915e-76,0.9999964556842825
2015-08-04,2.2052208858614185e-06,1.5383833051306296e-14,6.059937795119895e-13,2.795371196214224e-96,0.999997794778492
2015-08-05,3.990034900106229e-06,6.116568701507824e-11,1.2812546837786258e-12,3.740159108253353e-77,0.9999960099026511
2015-08-06,2.6756488537053557e-05,4.370412318304335e-17,3.6186428245897402e-09,2.3631453157250572e-123,0.9999732398928187
2015-08-07,1.8466543174073447e-05,4.037008088358768e-15,3.00799569806925e-10,2.0122029664929817e-109,0.9999815331560225
2015-08-10,1.1392900180113964e-05,9.684023103367e-16,4.2377322260097116e-10,6.678507276655883e-113,0.9999886066760445
2015-08-11,2.8412200219885727e-06,5.947240124605242e-10,1.1530093845035427e-11,3.1462014632157092e-81,0.9999971581737256
2015-08-12,4.77777036272523e-06,3.053752170852262e-13,3.141148681971064e-10,2.693117884375644e-102,0.9999952219152173
2015-08-13,1.0014252495764745e-07,5.5461109864204384e-08,7.94215631111824e-12,1.7060579230314873e-62,0.9999998443884227
2015-08-14,2.0647044415624014e-07,5.773182601425468e-09,5.106722263411766e-12,1.1744836912930242e-67,0.9999997877512653
2015-08-17,2.181666241881111e-10,2.6345802091988928e-18,1.940289515897125e-14,2.1303211160503272e-134,0.9999999997818136
2015-08-18,2.0257661395505114e-11,8.22966044437927e-17,2.4792090264657233e-14,1.118415687914019e-122,0.9999999999797176
2015-08-19,5.5481671568080764e-15,7.374459997779287e-18,1.9563294362203012e-16,2.1727568632612497e-128,0.9999999999999929
2015-08-20,1.1589304446731731e-09,2.90163849586589e-17,3.172008764489222e-14,3.101337773259832e-129,0.9999999988410373
2015-08-21,3.7862194098791186e-09,5.003206093569181e-16,4.6340690175252796e-15,1.240625142898492e-122,0.9999999962137771
2015-08-24,4.269755319215476e-09,1.7539011950088662e-13,9.86803558131894e-15,8.391720088581075e-99,0.9999999957300609
2015-08-25,2.7936184219735895e-06,1.467281378075211e-11,1.7390082876530075e-13,2.920059210414439e-89,0.9999972063667317
2015-08-26,2.795572456902431e-09,6.611864196486121e-14,3.0897940389584576e-15,1.2447409416766592e-99,0.999999997204359
2015-08-27,9.72392346381272e-09,4.658159344718936e-13,3.3331209172630135e-14,7.561156015580234e-98,0.9999999902755778
2015-08-28,2.9528275678295346e-06,6.411332077237815e-08,9.202781792672367e-13,2.0262820476857457e-68,0.9999969830581924
2015-08-31,6.444142059083436e-06,8.990997136287497e-12,1.2016161572500501e-12,6.355336741242561e-91,0.9999935558477497
2015-09-01,3.016494124862516e-08,2.2202060413156885e-19,9.044510127181535e-16,6.139466229905785e-141,0.9999999698350561
2015-09-02,6.4206247914434665e-06,5.496582012049471e-16,3.764359484464578e-13,1.2460533612854089e-121,0.9999935793748301
2015-09-03,2.694416324772008e-07,1.1993044671968428e-11,5.162313722661221e-14,2.026988873654538e-95,0.9999997305463219
2015-09-04,1.377335264200374e-06,1.961812053743636e-12,1.3141078181562674e-13,1.9589225178898989e-100,0.9999986226626411
2015-09-07,1.5122151964719119e-05,1.5533335786204513e-10,2.169565172126719e-12,4.6613167467417325e-92,0.9999848776905323
2015-09-08,6.454376464974229e-07,4.3532228482855883e-13,2.4586848056623346e-14,2.2506769036666e-108,0.9999993545618922
2015-09-09,9.934026325401461e-11,7.904990579394551e-17,3.2388443038401467e-16,3.97257477730365e-117,0.999999999900659
2015-09-10,1.3112686971693778e-08,5.275717645389935e-14,2.7022052782630342e-15,1.1355529192292096e-103,0.9999999868872572
2015-09-11,2.2074713347362673e-06,1.2010477377279832e-20,2.3918224377263516e-13,2.077354355166404e-152,0.9999977925284249
2015-09-14,0.00018713989523935673,9.348685206814625e-15,8.920765085781325e-11,9.06724781820869e-124,0.9998128600155425
2015-09-15,3.845178529666854e-05,1.2464115649063298e-12,9.863888218782365e-12,6.120049745114306e-104,0.9999615482035915
2015-09-16,0.00012174508620291765,1.1693166768409777e-10,1.1862828863293941e-09,8.87094187268606e-86,0.9998782536105828
2015-09-17,0.0005129994320629157,1.3145542927160975e-16,7.716803160929886e-10,1.6037804197735507e-121,0.9994869997962549
2015-09-18,7.070258391405619e-05,1.4429809725235563e-08,2.2328658369105797e-10,5.624275730367211e-67,0.9999292827629885
2015-09-21,6.032436493965113e-05,7.197799707017515e-09,6.75161424111729e-11,7.135077312859601e-66,0.999939668369744
2015-09-22,8.513161717621299e-06,7.826858921019588e-13,6.03452354870793e-13,3.959062542782897e-89,0.999991486836897
2015-09-23,6.144341273614551e-05,1.2238087276932988e-14,1.3655760646315385e-10,8.803385718108923e-102,0.9999385564506951
2015-09-24,0.00013311921599001427,4.464168792815847e-14,9.67250176549661e-09,1.6442053986705248e-105,0.999866871111462
2015-09-25,0.00022161792663548627,2.0435680056633017e-18,1.0071150619500209e-07,1.08797633605622e-129,0.9997782813618583
2015-09-28,0.00018410678595786687,1.9536441070998101e-13,1.7989705253304276e-08,1.974438922392372e-104,0.9998158752241425
2015-09-29,0.0002146749413431769,8.447919088660858e-11,1.3385134208028277e-09,2.643739178608028e-95,0.9997853236356635
2015-09-30,0.00037093736932541585,7.50677356948764e-11,2.6704397434863064e-09,1.0702219735161387e-90,0.9996290598851681
2015-10-01,0.00014864406926202658,1.3990141228658879e-09,8.646997638997086e-10,4.9737835088331095e-79,0.9998513536670226
2015-10-02,0.00028873511920565493,6.24563256598214e-13,6.543944511559187e-08,4.777177991531822e-100,0.9997111994407253
2015-10-05,0.0009195275234597836,1.8259332982944063e-17,8.343701893399157e-06,8.299829799680621e-138,0.9990721287746474
2015-10-06,0.00015828489524763218,3.772790224459579e-15,9.788044403549916e-07,2.244776204474145e-121,0.999840736300307
2015-10-07,0.000260877824091413,2.659204238551522e-13,6.622984387535642e-08,4.524124638069754e-115,0.9997390559457999
2015-10-08,0.00020037746983603036,6.476762593612344e-12,3.865368984972605e-07,1.2280094734218057e-103,0.9997992359867892
2015-10-09,0.0006182079799519125,3.5709320190417224e-08,1.0496271767449114e-07,1.653704331860094e-78,0.9993816513480112
2015-10-12,0.003575575317439629,4.128878139955787e-07,2.40273756166746e-07,5.339870372052349e-69,0.9964237715209899
2015-10-13,0.0011519842242469287,0.00020738615997790183,9.705101355348735e-09,5.99399324703595e-49,0.9986406199106727
2015-10-14,0.00013714429341690767,1.180379789085624e-08,6.577468684759638e-10,5.663762969627143e-70,0.9998628432450377
2015-10-15,2.791469726373369e-05,5.390211668760667e-16,4.16649082722377e-12,6.086809901320819e-113,0.9999720852985696
2015-10-16,0.0002080113508684331,1.787010486008634e-09,1.1175118890072957e-10,6.006592377284732e-79,0.9997919867503706
2015-10-19,0.0017640744167862533,3.4727355317679964e-14,5.925801691871942e-09,6.219208748006146e-116,0.9982359196573772
2015-10-20,0.004099832709724257,2.0865150960115485e-09,2.476211789118228e-08,1.083216449436188e-88,0.9959001404416439
2015-10-21,0.00026315493431056927,4.9229631705529435e-26,2.9269710711166633e-10,8.369608398928721e-188,0.9997368447729934
2015-10-22,1.6593125001993906e-05,1.3276060323060313e-12,4.7923760706418176e-11,1.391809695432814e-100,0.9999834068257455
2015-10-23,1.9415949006780366e-06,2.2877794377096958e-12,1.6319868430542432e-12,5.039443426268843e-99,0.999998058401179
2015-10-26,1.1280081913519965e-07,7.012202816373691e-13,1.7703601713118923e-13,7.564606643397876e-93,0.9999998871983024
2015-10-27,2.267143497651886e-06,1.4484429058598e-12,3.670331772614041e-12,1.1022167061001655e-96,0.9999977328513849
2015-10-28,3.651666295025738e-08,2.7507569005451875e-14,2.811103787062947e-13,1.554412533652834e-103,0.9999999634830281
2015-10-29,1.592672703712357e-08,4.952490249128463e-11,2.370916983162304e-14,2.5075304783633252e-80,0.9999999840237238
2015-10-30,1.4629580396919914e-10,3.516101759803888e-21,3.275574180846873e-15,3.2910636132498293e-135,0.9999999998536993
2015-11-02,4.726725504147835e-13,6.399514819442596e-13,2.8068168519189297e-15,5.576889882890018e-97,0.9999999999988844
2015-11-03,6.561619266254304e-11,1.7292258887207715e-16,5.6048909259200116e-14,4.857128197948282e-112,0.9999999999343281
2015-11-04,1.3990558907692458e-08,1.462393638839174e-10,3.9352613414387416e-12,2.553402681363768e-78,0.9999999858592671
2015-11-05,3.6113497690149835e-10,6.914792086373579e-12,4.980859963730785e-13,2.1664207310087682e-88,0.9999999996314521
2015-11-06,5.7039493206446234e-11,4.417725845595446e-10,1.0411380007822898e-13,7.20258610496222e-78,0.9999999995010835
2015-11-09,1.7249555496435872e-10,1.2680065694881021e-11,1.9526890650972962e-13,3.9782386753207415e-89,0.9999999998146283
2015-11-10,4.675278946344376e-11,8.963950459708443e-13,1.4256537135574418e-13,2.8204428841717465e-98,0.9999999999522089
2015-11-11,6.482407163767927e-08,2.1550383642694495e-12,1.5556819099090888e-11,2.0729180889391598e-92,0.9999999351582168
2015-11-12,6.909683999282979e-08,1.4013371045627234e-11,2.589288037074498e-13,3.0595831058730028e-87,0.9999999308888873
2015-11-13,3.900916300105245e-11,2.894299718274033e-21,2.848168138359067e-14,1.0951537576171782e-149,0.9999999999609628
2015-11-16,2.7385294466115374e-16,9.315653671248903e-22,1.1968749389653303e-14,3.810089712753321e-161,0.9999999999999893
2015-11-17,6.522207362853351e-16,9.565402759012623e-18,2.1024485321861212e-14,1.503486968913962e-141,0.9999999999999787
2015-11-18,6.794872881171561e-15,3.487152253435335e-16,9.395490634392921e-15,1.5980420587687e-118,0.9999999999999822
2015-11-19,5.288868500658186e-16,4.738979173206752e-20,3.3094958250740017e-16,3.296601352530403e-142,1.0
2015-11-20,3.5818499790919346e-11,3.649162657955812e-18,7.414328254684539e-14,4.067983532074848e-134,0.9999999999641069
2015-11-23,1.843980536086236e-12,4.599716106539572e-13,7.813841996195572e-16,1.9237735659552997e-99,0.9999999999976961
2015-11-24,1.3656895804305567e-15,3.0933169154908807e-19,3.7857888780746823e-16,1.3645217505126198e-141,1.0
2015-11-25,2.483483314164146e-16,1.2458913903535596e-24,1.6915865763070578e-17,1.9016943861190709e-178,1.0
2015-11-26,1.82991082773443e-17,7.519166652983789e-18,1.7166117440659864e-17,4.645683430836252e-140,1.0
2015-11-27,2.6210704023776526e-18,1.5951109895649295e-13,4.2052492625570016e-18,1.710162624167389e-95,0.9999999999998401
2015-11-30,1.4805756063199719e-22,1.391889159116294e-19,4.705292360517673e-20,1.5518870584348981e-128,1.0
2015-12-01,8.456360224756078e-21,3.082686884028584e-11,2.659786310993218e-18,4.72289956246272e-81,0.9999999999691731
2015-12-02,1.0486963822315928e-18,2.5044626809100837e-16,5.860385030223109e-16,6.460681184580382e-116,1.0
2015-12-03,2.2249151284247464e-22,2.2134655637116135e-17,3.498677868143429e-18,2.5491854103262063e-124,1.0
2015-12-04,6.437365873650702e-24,9.74693850355833e-18,3.494007552181126e-19,5.94030182783025e-129,1.0
2015-12-07,4.8030209726220933e-32,2.706914333350735e-23,5.596979226704879e-23,1.4727055323294407e-155,1.0
2015-12-08,1.2822241985120353e-23,1.4128830459966846e-23,4.0445739621538327e-20,4.177191357355132e-169,1.0
2015-12-09,5.129264591000117e-32,1.5938949282300263e-23,7.443425409649667e-23,6.79059943897132e-163,1.0
2015-12-10,8.642991708182418e-21,9.222405251513176e-23,2.9127493624515197e-18,4.141071161172678e-169,1.0
2015-12-11,1.825453812945364e-15,1.5640716159018221e-15,1.0120389813052938e-16,4.0299820101207305e-131,0.9999999999999964
2015-12-14,2.544587060547513e-13,2.0690595106448218e-16,3.928175153559261e-16,6.80204432673365e-120,0.9999999999997442
2015-12-15,8.02543833879774e-15,4.168954669711441e-16,5.729013500106154e-17,2.571494711423681e-125,0.9999999999999929
2015-12-16,6.652017659367473e-17,3.7376663448508473e-17,9.220580089143066e-19,1.5842336935830637e-129,1.0
2015-12-17,1.3560336042287732e-20,3.9045495874595885e-14,6.5933066705677215e-21,9.278090389570244e-99,0.9999999999999609
2015-12-18,3.397093477191063e-25,4.958994440345079e-13,7.373195342780049e-23,1.1866060943828305e-91,0.9999999999995026
2015-12-21,1.8519457703607257e-21,5.282585148668013e-12,3.2320120815399704e-21,5.8382090781543824e-89,0.9999999999947171
2015-12-22,1.6185786234702216e-18,7.394609164104029e-11,4.0032323330371737e-20,1.4448156771994336e-81,0.9999999999260538
2015-12-23,4.9221059933687775e-17,3.1241308009086365e-10,3.0893544663620354e-19,6.099108720503958e-73,0.9999999996875886
2015-12-24,1.8128257361746143e-14,1.1591969870267571e-09,3.553998799356655e-17,1.9719593746986786e-72,0.999999998840785
2015-12-25,1.2857962620316014e-17,4.9120210595547874e-14,1.8376857309625952e-19,2.8829287120453026e-97,0.9999999999999503
2015-12-28,2.2961995381306166e-21,8.384069552194632e-14,2.7578839521457232e-21,5.69583765200354e-100,0.9999999999999147
2015-12-29,3.9920866963070345e-20,6.45556601850571e-13,1.6668925952854723e-20,1.4968698321595836e-95,0.9999999999993534
2015-12-30,2.479987803244294e-18,3.296015310822096e-12,3.1596131121351636e-19,2.157481970692867e-93,0.9999999999967031
2015-12-31,2.1097621459733253e-17,2.837972091546649e-09,4.805585782393766e-18,7.05983206241101e-77,0.9999999971620284
2016-01-01,9.915269211645685e-15,1.8311516873667163e-11,5.218283685912187e-15,5.412302761784669e-93,0.9999999999816751
2016-01-04,1.3597376254206047e-13,1.681672836563782e-12,4.804125131484174e-14,2.37469147353798e-102,0.9999999999981348
2016-01-05,1.9296286842444566e-15,2.942956500423685e-16,8.36543239550618e-17,1.2395851381330813e-125,0.9999999999999964
2016-01-06,8.568775990083421e-13,1.755038060793329e-11,1.0278218777977555e-14,2.735871875054364e-100,0.9999999999815827
2016-01-07,1.496898906476009e-10,2.410663647404078e-10,3.318801718909245e-14,1.3219102539144418e-94,0.9999999996092122
2016-01-08,4.581352616141796e-14,4.341553049161338e-13,1.5332412646743752e-16,4.6923094259029024e-107,0.9999999999995204
2016-01-11,1.1180369568585744e-14,4.5044537489093035e-10,1.521079907654171e-16,1.4048507180332543e-91,0.9999999995495443
2016-01-12,8.408583004958924e-14,3.6157916771016956e-06,3.23437372150312e-16,2.2182691745854547e-67,0.999996384208238
2016-01-13,5.127748656665104e-10,3.5805148274025032e-06,4.14332053860254e-14,1.4344588198645283e-72,0.9999964189723577
2016-01-14,1.7167585769234717e-07,0.0003017776853189292,2.0635543662524694e-12,3.116053964912472e-61,0.9996980506367606
2016-01-15,4.737592019116811e-09,1.671308271176364e-10,6.937386766000019e-14,1.4176139296321865e-92,0.9999999950952088
2016-01-18,8.557155157453822e-15,1.1054906900278079e-21,2.711452099684996e-18,1.565076125664204e-167,0.9999999999999929
2016-01-19,1.3912253795321296e-17,1.149814590509478e-18,5.613103709489413e-20,9.630338435543862e-150,1.0
2016-01-20,9.202065073821025e-13,8.534350111825876e-17,2.7149655923629895e-17,3.193604795886665e-147,0.9999999999990798
2016-01-21,2.176424115301782e-22,4.9700775107306354e-29,3.7169953336383966e-22,2.376124612264197e-218,1.0
2016-01-22,8.398959787899867e-22,2.158938569095807e-21,9.264461993410598e-22,6.762508722887627e-177,1.0
2016-01-25,1.558159845279566e-17,3.430086973260441e-18,2.799100909065496e-19,2.2624516742392783e-141,1.0
2016-01-26,4.461777699628072e-21,8.387803692466375e-20,6.72224997617422e-22,1.573038035330615e-148,1.0
2016-01-27,8.072599131559387e-28,2.1479700220064442e-17,1.1136617959375038e-25,2.89656127280423e-128,1.0
2016-01-28,1.9934198057139815e-21,1.8367495482566435e-17,1.2028320456596479e-20,5.2342232368600255e-121,1.0
2016-01-29,1.2240177273093867e-18,1.275982208173137e-16,2.6816512910272317e-18,1.3415881196149867e-115,1.0
2016-02-01,2.1274047392080662e-16,1.0092559244436152e-14,5.233550521411013e-16,1.3084313325782983e-103,0.9999999999999893
2016-02-02,7.225208707584272e-11,9.072665667562561e-14,2.19459331319945e-12,3.4839577969504424e-99,0.9999999999254641
2016-02-03,9.363831334291268e-16,1.0209834193605867e-15,1.2777992710427715e-15,1.092781953136612e-111,0.9999999999999964
2016-02-04,2.3614432893387288e-14,4.947637717932308e-14,2.414274849802564e-15,1.1928654833315994e-102,0.9999999999999254
2016-02-05,1.3747771250043569e-10,3.2372004416560454e-11,2.7389482613555e-13,1.854323235961838e-85,0.9999999998298748
2016-02-08,1.1676538033758009e-07,1.4011354323542474e-19,6.181847039956123e-11,8.664269470516795e-133,0.9999998831728011
2016-02-09,1.9793114350501424e-07,1.4830399841838586e-15,4.879676947465717e-11,1.0978871752336333e-104,0.9999998020200582
2016-02-10,2.137459361038103e-05,2.0159558000932857e-09,2.5603958974559455e-09,1.8211530166511493e-73,0.9999786208300373
2016-02-11,2.4397089010514017e-07,1.1051566860322494e-14,1.5261557560798313e-11,5.0881925880866247e-110,0.9999997560138367
2016-02-12,1.2807004489606327e-09,6.598450091815887e-17,2.5491442719582374e-13,5.033164435818951e-125,0.9999999987190442
2016-02-15,2.012613616336317e-06,6.93845957617014e-11,1.1546237686634125e-10,1.1286661854263453e-87,0.9999979872015359
2016-02-16,0.000367014063966771,3.796740542735152e-14,8.071729333513441e-08,3.9008235473105605e-115,0.9996329052187022
2016-02-17,0.0006205506245091768,3.7100756545012714e-11,9.001502234858987e-08,3.4350988275609593e-91,0.999379359323369
2016-02-18,0.0016143487365790606,9.95051020070245e-10,2.893817471000838e-06,5.499842009270993e-83,0.9983827564508979
2016-02-19,1.6538399831387822e-78,1.0,6.0164317425713866e-99,4.846974445246806e-16,6.211166871603953e-87
2016-02-22,2.8032249947685526e-50,0.9999998515201053,8.646973688549343e-60,1.4847989341751498e-07,2.1482628883122973e-51
2016-02-23,9.750722354583135e-48,0.9999496139465297,7.208367547013681e-57,5.03860534715121e-05,9.617491526822427e-49
2016-02-24,1.7859469908938908e-44,0.9999985052019847,3.3025303107942178e-53,1.4947980154640476e-06,1.3610215525804005e-44
2016-02-25,5.536177097454204e-44,0.9075551080705728,1.8279564041612645e-53,0.0924448919294273,5.27711015938302e-45
2016-02-26,7.479874869690245e-49,0.6047468662424,2.9857023375727164e-59,0.3952531337575989,1.5807529936483383e-50
2016-02-29,1.1814419563843854e-44,0.03884100961611528,1.694109193868117e-54,0.9611589903838855,1.3359747565766721e-46
2016-03-01,1.0011076735533829e-52,0.0012453417023244862,5.6681379133968946e-64,0.9987546582976757,7.4231967704840205e-56
2016-03-02,5.609765601147738e-47,0.4014772691646804,3.563640351910776e-58,0.5985227308353207,1.1556575030433015e-49
2016-03-03,2.7248308259628043e-51,0.004791805470943141,2.620689559138316e-63,0.9952081945290561,9.83444091561998e-55
2016-03-04,5.569022850805422e-44,0.03679123334486529,1.204130163157983e-55,0.9632087666551341,1.6831598736523072e-47
2016-03-07,6.931083164840224e-47,0.0034526837772527645,5.72799364698552e-59,0.9965473162227472,1.112092306622984e-50
2016-03-08,3.788989704593508e-44,0.0010958045394655182,1.1580822532206995e-55,0.9989041954605342,2.4654239586516216e-48
2016-03-09,1.1499788206694166e-56,0.00017708747217831525,1.68913880989906e-70,0.999822912527822,8.45709308654936e-63
2016-03-10,9.35393839917809e-50,0.0001911811212617368,3.3340484055192104e-63,0.999808818878739,5.76240368278241e-57
2016-03-11,2.54288494834408e-41,0.0036968353128714283,1.7016061915844816e-54,0.9963031646871285,2.962464073717113e-49
2016-03-14,2.300124103290289e-57,0.0004000877711849761,8.932310253197709e-74,0.9995999122288148,1.1110487151536953e-66
2016-03-15,1.8189329216833604e-51,1.1383828410616786e-05,6.117636398749135e-67,0.9999886161715886,1.3835801382060533e-60
2016-03-16,4.041061361538413e-56,0.00012071232986350822,7.894497105762212e-73,0.9998792876701371,3.433594097751845e-65
2016-03-17,1.0073855351002902e-55,4.849784537634927e-06,1.6251636225666023e-72,0.9999951502154624,5.672203527370785e-65
2016-03-18,9.506954722133147e-50,9.289182060401821e-05,3.350528642480379e-65,0.9999071081793967,2.7966012189026583e-58
2016-03-21,5.507791455779309e-56,4.279140508959694e-06,1.479572248183891e-72,0.9999957208594907,3.262226454907262e-65
2016-03-22,4.7193033825295136e-49,9.145516700566576e-05,2.029306487956298e-64,0.9999085448329936,3.1488659419359284e-58
2016-03-23,1.9096319751270854e-43,0.00010607889797997836,4.272625931745811e-58,0.9998939211020208,3.4955736864380166e-52
2016-03-24,3.557610098409615e-55,9.39321874305454e-05,4.757202411027921e-72,0.9999060678125695,8.232183625703066e-65
2016-03-25,4.237502922124766e-56,1.2745549146105956e-05,1.5678220346827315e-73,0.9999872544508536,2.171967929093813e-65
2016-03-28,1.1690623242690452e-45,0.0010070643966427653,5.3972795638608865e-62,0.9989929356033571,3.731960036901522e-55
2016-03-29,3.065976264097611e-50,3.778085633691012e-05,3.809128092255549e-66,0.9999622191436625,2.2372448969703283e-60
2016-03-30,2.2814816035152256e-43,0.0003357351552907987,5.174212895697449e-59,0.9996642648447092,1.030273173581857e-53
2016-03-31,1.9431852041596314e-52,0.00012687453173783946,1.7544739351357175e-69,0.999873125468263,1.687779530956691e-63
2016-04-01,9.604871815761255e-47,0.0002298788338985761,2.358623079594017e-62,0.9997701211661009,7.530335457057126e-57
2016-04-04,6.70886686551426e-43,0.0001447290945805051,5.783398618983084e-58,0.9998552709054201,1.2649291756539183e-52
2016-04-05,1.554722609163229e-54,0.0007163647116384043,8.887814278074394e-72,0.9992836352883621,2.6460862694636875e-65
2016-04-06,3.1183667286866577e-45,0.0005610732492310197,2.959563257201247e-61,0.9994389267507682,1.5446317168976366e-55
2016-04-07,2.9338422450672864e-47,6.822651463794288e-05,4.6269068471343275e-63,0.999931773485362,1.2443688728137665e-56
2016-04-08,1.1802212022808857e-43,0.0004467046244565377,4.406044004067545e-59,0.9995532953755443,9.886874393274249e-54
2016-04-11,3.7161170659204264e-56,1.083108390116337e-05,3.757604261418232e-73,0.9999891689160987,1.6709902040893674e-70
2016-04-12,1.7120308073857023e-50,3.5572571761931316e-05,3.686273579639274e-66,0.9999644274282372,1.5606914875258455e-64
2016-04-13,2.3322604012110603e-54,0.00013365853023621484,5.963032550460802e-71,0.999866341469763,2.870356952843923e-69
2016-04-14,3.4210492153817285e-45,0.0001283381790871447,6.323465822552504e-61,0.999871661820912,2.523011842443538e-65
2016-04-15,8.871236840019075e-58,0.0002146825553500242,5.052560679863614e-75,0.9997853174446503,2.7432298434297913e-78
2016-04-18,2.0990982510044613e-55,6.524401527431624e-05,3.0586014242348803e-72,0.9999347559847263,8.943460902922544e-75
2016-04-19,4.577153556939469e-46,0.0002939569737888486,2.116508607516904e-62,0.9997060430262117,7.553072442358916e-66
2016-04-20,5.921906507913852e-53,0.00020950086277816778,6.107512376609766e-69,0.9997904991372223,1.0291832650844605e-72
2016-04-21,8.342945842516614e-48,8.757813161295152e-05,9.968494404727683e-65,0.9999124218683869,1.499068485621599e-68
2016-04-22,1.9116631798895109e-53,5.308976338434326e-06,2.6201318324201747e-72,0.9999946910236613,7.628669028025991e-76
2016-04-25,1.710990711689511e-47,2.650898840695332e-05,7.851189187939967e-66,0.9999734910115928,1.508490514956591e-70
2016-04-26,8.263007619772994e-55,7.130343866153174e-06,1.5761694450596806e-75,0.999992869656134,1.208697488438295e-80
2016-04-27,2.6037400101853196e-49,5.625186828875659e-05,5.0071653913156e-69,0.9999437481317113,8.850417586213065e-77
2016-04-28,7.52581021181284e-49,1.0907564203791784e-05,2.1178448164049066e-68,0.9999890924357965,3.2380574902000674e-76
2016-04-29,1.634095263610082e-51,2.2444276553257024e-05,2.319795188474739e-71,0.9999775557234469,3.456282316954537e-79
2016-05-02,1.986599779132271e-54,7.007518040437129e-07,2.63676135392153e-73,0.9999992992481962,1.4024619054440475e-83
2016-05-03,1.695106761173364e-55,2.2922039362616063e-06,1.1800007221463404e-74,0.9999977077960639,2.985472361630435e-85
2016-05-04,1.832871072277715e-45,0.00012359166598553814,3.386058459473457e-65,0.9998764083340148,1.1645685423929987e-80
2016-05-05,8.31923044260213e-55,3.7762594337309122e-06,5.204699676034687e-74,0.9999962237405666,1.2740470947686701e-94
2016-05-06,1.14668370627585e-53,2.1147452862365767e-06,2.4358542301152217e-72,0.9999978852547141,1.712692172203279e-90
2016-05-09,4.592348038826438e-53,8.584029430992497e-07,2.067493202069004e-72,0.9999991415970573,1.7195054153790235e-92
2016-05-10,3.136087869175204e-50,4.705978516201297e-06,1.0346533616197094e-72,0.999995294021484,4.724875333994368e-91
2016-05-11,8.445443784926293e-46,1.287338750881374e-05,7.251702904233494e-69,0.9999871266124912,1.721546841969782e-87
2016-05-12,1.178250712107982e-50,2.8181318373877657e-06,2.3275844593580433e-70,0.9999971818681627,3.5729912481934097e-94
2016-05-13,2.150204027673629e-43,5.57343405651805e-05,1.8767363076996575e-62,0.999944265659435,3.5857560350337067e-87
2016-05-16,2.462248040022568e-46,9.02241893294864e-06,6.51031731158612e-66,0.9999909775810677,8.79179750542752e-91
2016-05-17,1.9014336906919002e-44,7.298533778544567e-06,1.3773107953435988e-63,0.9999927014662205,2.2514803037597112e-88
2016-05-18,5.235195716878863e-47,1.5111039813330842e-06,8.315650405992165e-67,0.9999984888960181,6.810566588973043e-93
2016-05-19,4.128806926704072e-55,2.5108121302714226e-05,1.83246398076885e-76,0.9999748918786967,2.2878288952895123e-100
2016-05-20,1.2612165689200723e-43,0.00015031660244249772,4.733128355873263e-64,0.9998496833975571,6.305225815623977e-90
2016-05-23,2.384306771227196e-42,0.0007773660289454017,2.921573941590657e-62,0.9992226339710538,1.6872141581476612e-88
2016-05-24,1.6080420572587615e-46,4.3762809232907645e-05,5.004862707870806e-67,0.9999562371907674,1.7287797953515319e-93
2016-05-25,1.4286512599360426e-50,0.01134647608905371,5.769004170968727e-72,0.9886535239109472,1.0181844741096736e-95
2016-05-26,2.373920751869451e-50,0.003999752252413922,2.47951917580226e-71,0.9960002477475843,3.611159372995238e-94
2016-05-27,1.7859840917726336e-44,0.005710115111386608,1.0790226183145968e-64,0.9942898848886151,2.802444372191856e-88
2016-05-30,5.427001142400675e-48,0.0005674524757892015,2.069966406863995e-68,0.9994325475242106,5.300794845395348e-91
2016-05-31,4.454667091609448e-43,0.006130438159811893,7.531135983826596e-63,0.9938695618401876,4.688263647339103e-86
2016-06-01,1.909136516006094e-51,7.682214112686269e-06,2.980193637301077e-71,0.9999923177858867,1.025652075060359e-93
2016-06-02,1.7806798204889037e-49,5.838112055260241e-06,5.295013706027898e-69,0.9999941618879443,8.768574991690038e-91
2016-06-03,1.584934058447832e-54,8.720756239015594e-06,6.046250387091475e-75,0.9999912792437615,3.7314614362082944e-96
2016-06-06,1.1458500293075758e-54,1.0733505939984103e-05,3.504286877288478e-75,0.9999892664940607,4.866249986845389e-95
2016-06-07,1.0288944145797336e-55,2.3282496044787608e-05,1.1929154240881902e-76,0.9999767175039548,6.8065465281995e-96
2016-06-08,1.6078210387016985e-46,0.00014964268826339676,8.207559526610644e-67,0.999850357311737,7.6659214126043515e-87
2016-06-09,1.2385335787958152e-48,3.44167771252898e-05,1.0138298928470027e-68,0.9999655832228755,2.9632638921133325e-88
2016-06-10,4.064580166330072e-43,0.00010819379223693335,9.958510987909798e-63,0.999891806207763,6.138680477325517e-83
2016-06-13,2.8621611246386675e-46,1.8863480954551466e-05,4.263003871133671e-66,0.9999811365190463,2.7662904119342133e-86
2016-06-14,4.9541104080563965e-45,0.0001895297247582561,2.0475549510848714e-65,0.9998104702752424,3.450680088685695e-85
2016-06-15,1.0205871515330337e-50,3.235205288766742e-06,1.7868469690728584e-71,0.9999967647947116,1.0317481982018182e-90
2016-06-16,4.349671111637292e-46,6.099498081731361e-06,1.1947266320315324e-66,0.9999939005019183,4.4573893703078655e-86
2016-06-17,1.0513850570339148e-41,0.0005062073069148574,1.3448717222491162e-61,0.9994937926930858,6.30768513616798e-81
2016-06-20,6.921578356721206e-46,6.40214982849813e-05,9.258445933770893e-67,0.9999359785017149,1.4140136475617577e-85
2016-06-21,1.6927971321349318e-57,7.618278681473259e-06,3.569422843498852e-80,0.999992381721319,5.3856243587669934e-98
2016-06-22,3.372271832442433e-142,1.0,6.859773710062209e-211,3.42221713947111e-88,7.721540879642842e-228
2016-06-23,0.9938630449057684,0.006136955094093689,1.382858130835008e-13,5.50010297048484e-41,3.211842078108436e-41
2016-06-24,0.999996319748935,3.6802510645056152e-06,3.711482787009732e-16,6.687085517287194e-53,1.0844226154170648e-44
2016-06-27,0.9999999374649652,6.253503452526166e-08,7.214975007819665e-17,1.605506715228988e-65,9.554569635363091e-46
2016-06-28,0.9999999999894698,1.0531267651436019e-11,1.5763735447180175e-17,1.3089147535538776e-85,1.4239790599272344e-48
2016-06-29,0.9995615896475833,0.0004384103524093991,8.735857472166506e-15,1.9988119268014995e-46,1.03894929962566e-42
2016-06-30,0.9999999999555271,4.4469721942885153e-11,3.578388206183353e-15,1.2178754881038403e-86,2.3832954484297924e-43
2016-07-01,0.9999999982522247,1.7477541278156665e-09,2.17966902857947e-14,2.4677817337223405e-84,9.098160610232818e-39
2016-07-04,1.0,5.2889923598218105e-17,9.580538743639649e-17,3.0393082008643924e-114,2.3460644530160303e-46
2016-07-05,0.9999999999994493,1.8938998664091422e-13,3.6103558282267095e-13,2.5743746661476395e-93,9.891828497491096e-40
2016-07-06,0.9999999998263434,1.6036431173406902e-10,1.329172202324676e-11,1.0405809830616873e-81,1.001826742770755e-36
2016-07-07,0.9999999979300007,5.1941912746163235e-12,2.0648039012418902e-09,3.0462961676824516e-93,1.7122644180428182e-32
2016-07-08,0.9999999997594138,1.9945774156605674e-10,4.113011695361165e-11,1.4099381513217838e-81,5.739630265475457e-34
2016-07-11,0.9999999999954063,3.4883451047550128e-12,1.1058454656062712e-12,4.602256801044748e-90,1.7629166069189683e-34
2016-07-12,0.9999999987548271,1.533418764053624e-11,1.229837654583854e-09,1.4389194520988238e-87,3.421946065407859e-29
2016-07-13,0.9999999854636316,6.227004680788932e-11,1.4474099885791064e-08,5.366057804212068e-90,1.003701445957128e-25
2016-07-14,0.9999992376587797,9.132801106676633e-21,7.623412194841931e-07,1.7486597216431443e-154,2.574899801666371e-27
2016-07-15,0.9999542191967526,8.3950194349884e-14,4.5780803162149044e-05,4.250991394751881e-112,1.1541126658185518e-24
2016-07-18,0.999999923420652,6.5281281402549965e-16,7.657934648028083e-08,1.0946409644437067e-124,3.482673750283089e-24
2016-07-19,4.521391585845072e-65,1.0,8.69042462763144e-88,9.812447816777957e-49,1.3876085184636072e-97
2016-07-20,1.0996950780603036e-38,1.0,1.1979264814135232e-51,8.960540667241739e-38,1.215600327843877e-63
2016-07-21,4.9037155204924404e-46,0.9999999999999574,5.367494946983624e-58,4.188381068185859e-14,1.4621795010196356e-68
2016-07-22,1.0900475670114411e-42,0.9999999999998792,5.239659766084484e-54,1.2133255116747277e-13,6.9304812283817884e-65
2016-07-25,8.206265490375183e-97,1.0,4.37392736668932e-139,9.455362731260872e-75,1.1131734496377748e-146
2016-07-26,0.9999809646148822,3.843498407655673e-07,1.86510352761284e-05,1.0987140992490692e-66,2.840092570963903e-18
2016-07-27,0.9999974833027118,6.882785922705342e-08,2.447869428293081e-06,3.869450478407937e-67,5.1406880318286474e-18
2016-07-28,0.9999961083007652,3.1364377790636574e-14,3.890761876829811e-06,7.495281454690496e-119,9.373281149477028e-10
2016-07-29,0.9999971884230147,8.867459763890272e-10,2.8022667579177643e-06,9.235838827664251e-92,8.423482052854669e-09
2016-08-01,0.9999963105268774,1.6174536934996455e-15,3.6778947995959947e-06,2.385288727429039e-126,1.1578321918082626e-08
2016-08-02,0.9999975676269154,4.558660509084917e-16,2.4257208340974053e-06,2.463194081869095e-132,6.6522487668714046e-09
2016-08-03,0.9999983860029524,6.202707927374562e-12,1.613786894978824e-06,9.503493234952239e-105,2.0394896475700313e-10
2016-08-04,0.9998690492840503,2.215196196110301e-06,0.00012873271130817612,1.2053889493987597e-62,2.808444389399776e-09
2016-08-05,0.9999939111331164,7.275522546061956e-13,6.08580446794949e-06,2.2267331121771338e-102,3.0616865923009968e-09
2016-08-08,0.9999908328802117,1.1505844359911071e-06,8.012598469870973e-06,9.002110991051033e-68,3.936883020107803e-09
2016-08-09,0.9999127030911115,6.515223566994106e-09,8.72837786431361e-05,4.71884058474976e-80,6.615020372905949e-09
2016-08-10,0.9989346959526235,6.418355317061067e-08,0.0010652307698544388,3.636145610818578e-75,9.093969300637336e-09
2016-08-11,0.9999252504883722,6.191807084627347e-10,7.470720872968744e-05,3.023173097631701e-100,4.168371655605883e-08
2016-08-12,0.9996451268800192,1.7854619312496407e-07,0.0003546700729360501,1.2205759735889293e-83,2.4500849979894284e-08
2016-08-15,0.9957960077908586,1.896927839703262e-18,0.004203992193022944,5.105816835805917e-141,1.6118127227007437e-11
2016-08-16,0.8107490389498964,6.182133743512612e-14,0.18925096012843418,7.03368314708794e-120,9.216059766119299e-10
2016-08-17,0.9850961900830209,4.982492853440183e-18,0.01490380844585289,3.4965083578972494e-147,1.4711263266874089e-09
2016-08-18,0.09010686353410798,7.404839274245184e-15,0.9098931338289765,9.850924976080947e-120,2.6369090550911422e-09
2016-08-19,0.9997947840755005,5.875341867660487e-25,0.00020520534289280613,3.6701186689413075e-201,1.0581606930862867e-08
2016-08-22,0.9956783530754229,2.811379113878415e-14,0.0043216173471279234,5.2937426416538857e-132,2.957741958395391e-08
2016-08-23,0.9790515239292773,2.694992680572356e-13,0.020948381667773092,1.3568705434594643e-120,9.440267925613648e-08
2016-08-24,0.9967707586305566,1.7099103703121172e-16,0.003228157507771064,3.4661947360009656e-137,1.0838616707102034e-06
2016-08-25,0.970030669359903,9.322815467729875e-11,0.029876250381360752,2.390868457704139e-103,9.308016550872335e-05
2016-08-26,0.9862213219441535,3.6600409855310606e-09,0.010912073692242338,1.0325868387474804e-82,0.0028666007035621985
2016-08-29,0.9753711011749676,1.1060408280232494e-07,0.023453596617358585,3.046786686089042e-72,0.001175191603591195
2016-08-30,0.9140292523299063,4.7624321531857824e-11,0.0022500994086697957,1.3631383335178752e-91,0.08372064821380062
2016-08-31,0.004345881230075799,5.009717566271895e-17,1.1978081934436936e-06,1.259697777775796e-131,0.9956529209617297
2016-09-01,0.031186410732145526,6.235215612953221e-13,1.2673691262129085e-05,7.851750276005883e-117,0.9688009155759674
2016-09-02,0.005562863627347617,1.7636344231611464e-12,3.414091962640377e-07,1.3984383286582739e-111,0.9944367949616932
2016-09-05,0.1935364403359644,4.363518773761517e-15,1.070571682493758e-05,7.407021469675629e-134,0.8064528539472048
2016-09-06,0.06256680301468517,7.427501433850053e-13,8.334738570309312e-06,6.558755233306875e-117,0.9374248622460014
2016-09-07,0.002470803468545084,8.198014356078494e-09,4.345946521235854e-06,5.9660431887380565e-83,0.997524842386921
2016-09-08,0.013621719308129807,5.480414307726702e-10,8.813314575203929e-06,2.9562250669084445e-83,0.9863694668292535
2016-09-09,0.015514583945871336,4.1611706882648495e-10,0.00013144760447731855,1.9055582347959075e-83,0.9843539680335353
2016-09-12,0.02107764913616079,2.9871514495752636e-08,0.00231337518882695,3.041966488135375e-73,0.9766089458034983
2016-09-13,0.00020797673538974404,3.5590747386205946e-10,3.8457868381376045e-05,9.253785039549709e-87,0.9997535650403213
2016-09-14,2.280671279334626e-05,2.716993497406472e-14,6.246978946519038e-07,4.961705703158215e-108,0.9999765685892841
2016-09-15,2.5058547423813918e-06,1.0747806315652942e-10,2.623437412627508e-06,7.951906650403098e-95,0.9999948706003675
2016-09-16,0.0002884052097593227,1.0803101761029166e-08,2.266888743296296e-06,2.4841158257619843e-76,0.999709317098397
2016-09-19,1.4752691514787622e-06,2.6034310037257203e-10,1.2819214018204013e-07,1.756660493481432e-86,0.9999983962783644
2016-09-20,4.4465281357915855e-07,3.5303225616302426e-13,5.186756347682054e-08,1.3744940030963726e-104,0.9999995034792686
2016-09-21,1.1075065403905434e-05,9.518521746578376e-10,3.529132220303362e-07,6.533122623791972e-84,0.9999885710695237
2016-09-22,7.207340130094378e-05,3.566873217214878e-07,3.497193260172292e-07,1.426729734859606e-67,0.9999272201920513
2016-09-23,2.1938072829407805e-06,2.5197277940294633e-15,2.095670426032699e-09,4.313438635449459e-125,0.9999978040970441
2016-09-26,7.130263227566071e-07,4.9053842397955645e-11,2.899974785933554e-10,1.5610292103747128e-93,0.9999992866346248
2016-09-27,6.41241007851875e-38,1.0,1.908772972281246e-50,3.622321273804119e-41,3.431286230496382e-37
2016-09-28,2.3916564862988958e-25,1.0,1.4726229769380728e-34,1.6441867314534105e-31,2.3976045150075084e-22
2016-09-29,1.3984061330931942e-24,1.0,2.063537680143814e-33,2.997714412294182e-31,1.2971761954249114e-20
2016-09-30,6.990049492250851e-22,0.9999999982588044,7.1118561558164136e-31,1.7411948355267856e-09,1.815542490456461e-19
2016-10-03,3.365578951379976e-24,0.9999999999681428,3.146249412899663e-33,3.185786575208331e-11,5.226378586597818e-22
2016-10-04,1.1234519498642124e-28,0.9999999535509556,2.0687350396559605e-38,4.644904486279725e-08,2.5402897764047536e-26
2016-10-05,3.632404935786521e-18,1.0,4.7854610186051274e-26,2.1853030998262064e-24,2.977215921571626e-16
2016-10-06,4.01408974703216e-23,1.0,1.7231198974643487e-31,1.247653874770651e-16,7.535909454534303e-19
2016-10-07,2.106379521605761e-23,1.0,2.3983313419166156e-31,3.221794696359757e-21,1.8467404711099696e-19
2016-10-10,1.6579365117027811e-22,1.0,2.345285063111136e-30,1.3843341286827746e-17,6.098311415351926e-19
2016-10-11,3.235135877261568e-23,0.9999999999999893,1.264607400863565e-31,1.1643718583775798e-14,7.704843435898011e-20
2016-10-12,8.848972840615341e-24,0.999999997991285,4.821368073729739e-33,2.0087146409171785e-09,1.5531894016715535e-21
2016-10-13,2.9395477541641725e-20,1.0,3.0001814789176595e-28,5.355672744289752e-19,1.1375999134727538e-17
2016-10-14,4.776193491711366e-19,0.9999999999999716,4.3815383088057446e-27,2.8073270805354184e-14,4.242053703909361e-16
2016-10-17,1.4168379451755658e-25,0.9999999999997904,2.408178729230467e-35,2.0994942444197386e-13,3.696001917030347e-23
2016-10-18,9.806638752539066e-23,0.999999999999627,2.811416192158698e-32,3.7163211291533e-13,1.0393586655189308e-20
2016-10-19,1.214459244886268e-28,0.9999999999985931,2.2482739571591625e-39,1.406491970305971e-12,9.057459913641483e-27
2016-10-20,1.3039663473186312e-20,0.999999999728395,2.5031296264916748e-30,2.716057586466852e-10,6.435205280796039e-21
2016-10-21,3.89816754465156e-25,0.9999996307013681,4.8823834431912494e-37,3.6929863131195383e-07,5.6389709493682346e-27
2016-10-24,6.527714890767538e-22,1.0,1.1189829566767381e-32,3.6441943684032635e-31,1.596348469599527e-20
2016-10-25,3.0485266828252194e-17,1.0,2.000110971693649e-27,9.5997960843637e-29,3.33996354584019e-16
2016-10-26,6.249286177807366e-22,1.0,4.6026381164635403e-32,6.666838097086736e-24,2.7360181618215856e-19
2016-10-27,1.2336294728265096e-27,1.0,1.4124840273440035e-38,1.048472505616488e-21,9.479977218640342e-25
2016-10-28,1.7476905532585545e-24,1.0,4.933326457243638e-35,2.0915578513143777e-22,1.0380729200218165e-22
2016-10-31,2.051594639974429e-24,0.9999999998260485,1.7342788584514045e-34,1.7395215277062675e-10,1.6026146466292906e-23
2016-11-01,1.1454373562954063e-19,0.9999999999999787,2.1666139730000983e-29,2.2403128255170644e-14,1.0117877895342618e-17
2016-11-02,6.308307724258935e-26,0.9999999999996874,3.2596371934997833e-36,3.1117837114892193e-13,1.6080175055597942e-23
2016-11-03,2.3275339557350018e-26,0.9999999999972395,2.3425394274532973e-37,2.7587913726197492e-12,3.288824627172952e-25
2016-11-04,2.3141608684463967e-24,0.9999999999996234,7.05685643367815e-35,3.778357188446583e-13,2.4518875683361464e-22
2016-11-07,7.283457967208978e-28,0.99999999998089,1.1826191861399866e-39,1.910978738408099e-11,3.2461414727444922e-24
2016-11-08,1.4589385291823063e-32,0.9999999999996376,6.270199016676737e-44,3.622648603196369e-13,1.2144515440623012e-28
2016-11-09,1.9611996091636876e-22,1.0,2.27070099418472e-32,3.551781576821721e-22,3.9782894950384737e-19
2016-11-10,4.842017298876378e-35,0.9999999999981917,3.764479798163516e-46,1.8082535795715784e-12,2.1347366789683308e-30
2016-11-11,8.073569433181076e-24,1.0,2.7517885206553747e-35,1.1272209405572859e-15,2.6296062558680436e-23
2016-11-14,8.667310634928664e-23,1.0,7.094494786632342e-34,5.329588757077997e-20,8.669622376525988e-21
2016-11-15,9.786841212290543e-31,1.0,1.7078870855994057e-43,3.9332228324546215e-23,8.650476804416442e-29
2016-11-16,8.646882537363033e-25,1.0,4.815900428101456e-37,7.036284560004003e-16,1.2667130357526955e-24
2016-11-17,2.108991569698445e-23,0.9999999999999964,3.1282855463327074e-35,2.5088565505071048e-15,3.666705835106839e-23
2016-11-18,3.479690313304155e-25,0.9999999905891208,8.559578520962499e-38,9.410879913226815e-09,2.64180104438204e-26
2016-11-21,1.740373186295552e-24,0.9999998748136611,1.0836233667018236e-38,1.2518633736863223e-07,1.3838127941476651e-27
2016-11-22,5.728206261625074e-30,0.999920160385197,7.453973226597927e-45,7.983961480248967e-05,7.023236328914345e-36
2016-11-23,2.1228543240021214e-27,0.9999427977574101,1.1415012879949852e-42,5.7202242590244685e-05,1.2240945774536416e-37
2016-11-24,2.3498602568576833e-20,0.999999999998888,9.510787688654625e-34,1.1133629030629643e-12,2.8259101806719074e-30
2016-11-25,2.7928822222235004e-27,0.999999377851461,4.163536958231303e-42,6.221485398355936e-07,1.511389372796516e-37
2016-11-28,2.9071944259698476e-25,0.9999999787000535,1.2550622632688421e-39,2.129994617841763e-08,1.5347438532740498e-34
2016-11-29,7.889262979323981e-22,0.9999999999905356,2.6674808858030386e-35,9.46424088687264e-12,4.2940818907780815e-31
2016-11-30,5.638394972303504e-26,0.9999999991947117,3.6299746078609402e-40,8.052876754302976e-10,3.58055373989497e-35
2016-12-01,5.777150407049804e-18,1.0,5.794366037702779e-30,4.939160657832674e-23,6.568367483611378e-26
2016-12-02,1.5314961554818268e-18,0.999999999999929,9.635770820688044e-30,7.050833061940194e-14,4.903740471210889e-27
2016-12-05,2.0641422316795397e-17,1.0,5.141726057778542e-28,1.261104006116372e-19,4.877828857179194e-26
2016-12-06,4.9147740427695415e-27,0.9999999999998188,1.73601948266963e-39,1.821620047119764e-13,1.2854179876514512e-37
2016-12-07,3.9267616595467567e-22,0.9999999999999751,4.267824861742413e-34,2.5100710947103408e-14,2.483481273100235e-32
2016-12-08,2.685438828924177e-17,1.0,5.6300707705467e-29,1.127817570959833e-18,2.009137584043074e-27
2016-12-09,2.6594725370906847e-24,0.9999926183826705,1.5226659865463666e-36,7.3816173300034395e-06,1.076609604739055e-34
2016-12-12,1.0981063772513498e-18,1.0,1.0553281255473873e-31,5.059702541220413e-16,1.9185280280046438e-30
2016-12-13,6.305382301446377e-21,0.9999999052554829,6.548186124047501e-34,9.474451553408534e-08,4.3104891168656355e-33
2016-12-14,3.055880654772669e-23,0.9999999997387548,1.1510328877402448e-36,2.612450861553253e-10,1.9581172443749773e-35
2016-12-15,6.990152040431152e-24,0.9999999992182609,1.554797612527184e-36,7.817396630285189e-10,1.9786350523819013e-35
2016-12-16,4.3686877668227074e-20,0.9999999992601971,1.4299626876537343e-32,7.398016828620403e-10,1.5220209603136952e-35
2016-12-19,1.9957333557139653e-26,0.9999892373206655,4.318593572462748e-40,1.0762679333911201e-05,1.1692166657360167e-41
2016-12-20,5.242047225376467e-18,1.0,3.953426241397431e-30,8.306105709187282e-16,1.7653122015497664e-33
2016-12-21,3.4785699237434385e-20,0.9999999999961133,9.084081163246949e-32,3.887507033787338e-12,4.0759494219523165e-35
2016-12-22,9.129443122720467e-26,0.999999994653507,6.590677525217059e-39,5.346493229710664e-09,4.614387943719086e-41
2016-12-23,1.636311650048971e-19,0.9999999999997904,4.76857976019567e-32,2.0875502079927763e-13,4.6817217130469633e-35
2016-12-26,1.78568282144915e-22,0.9999996918411802,2.9517386154187607e-35,3.0815881975060897e-07,8.023605594199547e-38
2016-12-27,1.1322597948868902e-23,0.9999999999793303,1.3816420222202604e-36,2.067121469802202e-11,2.248286208950944e-39
2016-12-28,2.1214262068196785e-17,1.0,2.4024247783611635e-29,3.6174815055958065e-16,9.556794048117094e-34
2016-12-29,7.864833824385752e-20,0.9999996756251346,2.3130579918020159e-32,3.243748658423093e-07,1.2168210151950814e-36
2016-12-30,2.077978059684844e-20,0.9999999994314877,2.409610981541217e-33,5.685109751618037e-10,2.9793485213533394e-37
2017-01-02,5.084980613254485e-18,0.9999999999986713,2.2249496296904328e-31,1.3289093707333431e-12,5.128144316673414e-34
2017-01-03,1.1737899843315254e-21,0.9999999855563112,1.7149890305389735e-35,1.4443689665276563e-08,8.259344905643966e-38
2017-01-04,1.5082867397419352e-22,0.99999950516945,2.6168082541700765e-36,4.948305503439242e-07,3.023702222107499e-39
2017-01-05,2.4437615707321455e-25,0.9999989406038663,1.8741297840378412e-39,1.0593961326934628e-06,1.6428731540682374e-43
2017-01-06,5.026878417188359e-26,0.9976171057853044,4.757820819585919e-40,0.0023828942146949944,2.8784548709897957e-44
2017-01-09,9.786638605462566e-23,0.9999997665511083,1.0638834447923565e-36,2.3344889235452436e-07,1.7341376170104067e-40
2017-01-10,3.202528409948283e-22,0.9999999052980764,3.169622642832231e-36,9.470192378113731e-08,1.2839072433529684e-39
2017-01-11,1.8107416293469416e-19,0.9999999940321409,2.1791635907787104e-33,5.96786060625836e-09,2.2037026913906666e-37
2017-01-12,1.6544545041355218e-21,0.9999999999996447,8.793101286806721e-35,3.536256983708463e-13,6.498218581890914e-39
2017-01-13,2.996364868811583e-20,0.9999999998586784,3.0247405803058324e-33,1.4132181512023727e-10,6.535052304181215e-38
2017-01-16,9.223150020037324e-17,1.0,6.081945278455527e-28,6.553804040230713e-18,1.228546753982127e-36
2017-01-17,5.82690176548298e-16,0.9999999999999858,3.1830835819675194e-27,1.2476932373551677e-14,1.7812563745826412e-35
2017-01-18,4.4900766442438e-23,0.9999999999999964,2.2501042012951787e-35,2.7060591291359226e-15,1.0822724866096313e-43
2017-01-19,1.6372964829706783e-18,0.9999999997926086,6.985324614340432e-30,2.0739206062716285e-10,7.355897062814526e-39
2017-01-20,9.201042793352912e-18,1.0,1.4095693061063652e-34,1.8093517961892891e-65,3.529264145156223e-44
2017-01-23,0.9999890750067731,1.0924809083560494e-05,1.8414481006283325e-10,4.0749632393948625e-63,1.254882135312218e-21
2017-01-24,0.9999910288021636,8.970861076323007e-06,3.36758991450482e-10,1.8860662801032207e-66,1.5052034768783153e-20
2017-01-25,7.29415425551541e-38,0.9999993956453267,8.673211070015077e-56,6.043546723145159e-07,3.363037630064493e-62
2017-01-26,4.557597364729855e-21,0.999995734840808,6.460483147625473e-34,4.265159192507685e-06,8.374306856846602e-42
2017-01-27,6.827236960558902e-20,0.9999999999999325,1.7039981423007397e-33,6.69457355287451e-14,1.4383692766046638e-39
2017-01-30,9.583491389057444e-21,0.9999999999985469,4.274994249258268e-34,1.4521247405589472e-12,5.086117995995839e-41
2017-01-31,3.848669766459453e-18,0.9999999999999574,2.797754001537279e-30,4.4167136171643064e-14,6.666838682194805e-38
2017-02-01,8.016925176878005e-23,0.9999999999556692,1.0074726111529598e-36,4.433203559598668e-11,2.8891234712235776e-43
2017-02-02,2.0653768703837816e-22,0.9999999691935888,1.2867389099498984e-36,3.0806411243827824e-08,2.2954852143854884e-42
2017-02-03,1.6257414398464398e-18,0.9999999916002409,6.223769661940025e-32,8.399760475716785e-09,2.489109745905164e-38
2017-02-06,8.294319336832525e-17,0.9999999997271551,1.4390191620112613e-30,2.728442580355602e-10,8.519522947041743e-37
2017-02-07,3.5909897638209064e-19,0.9999987981146862,1.8316749080416327e-34,1.2018853127953423e-06,3.859335200329863e-40
2017-02-08,1.2294077655615212e-25,0.9986844334117807,1.9959138541481655e-42,0.0013155665882189308,1.1137246141961894e-47
2017-02-09,5.070627139873427e-26,0.999778067285239,2.2301290707394836e-42,0.00022193271476092264,6.821599631752131e-48
2017-02-10,3.3297984510523485e-25,0.9989328032879538,7.243886968295611e-41,0.0010671967120460667,8.679715579374348e-47
2017-02-13,1.1342907227600637e-22,0.999937188397011,1.6351125394870714e-39,6.281160298860937e-05,2.545199466202826e-45
2017-02-14,1.2960686196851176e-22,1.0,1.3706520549398637e-38,2.6909820253816726e-16,7.976975018111101e-44
2017-02-15,4.382231374322137e-17,1.0,6.195925859071507e-32,1.3446256849348245e-18,3.464822575929646e-38
2017-02-16,5.530696292009719e-19,0.9999999999995985,7.866056225266814e-34,4.0000593983562247e-13,3.553249089457514e-40
2017-02-17,3.382569215154455e-22,0.9999999994323687,7.652497279916765e-37,5.676309557455832e-10,9.99116140291109e-44
2017-02-20,3.099765988077902e-21,1.0,1.6387977693453716e-33,1.1122249641175363e-25,9.583051598778506e-41
2017-02-21,1.1692578119980205e-20,1.0,6.639058187759779e-34,5.923001995566749e-20,1.5396791389218092e-39
2017-02-22,7.525994055356609e-19,1.0,1.1065994273115596e-30,6.105670755118293e-25,1.366045784938934e-37
2017-02-23,5.45578078414756e-17,1.0,4.909511475202456e-29,1.648121730951756e-22,8.440747336664334e-37
2017-02-24,9.018150088561709e-24,1.0,2.7822704384313106e-37,1.1682835563918885e-22,3.0881018203720803e-44
2017-02-27,9.36443380062413e-19,0.9999999999994458,3.9259003079038256e-31,5.527002180426584e-13,1.4144474066535156e-36
2017-02-28,6.022548342437368e-26,0.9999999925396494,3.288277471398721e-39,7.460349189795502e-09,2.815360016907476e-44
2017-03-01,1.1017003550679363e-24,0.9961093098743756,3.1552578064650393e-37,0.0038906901256248257,4.867808888895721e-43
2017-03-02,2.5754347913730812e-17,0.9999999999986109,2.0159851296966448e-29,1.3887036802805718e-12,7.012893687872008e-36
2017-03-03,1.7652808297073837e-24,0.9999999999999503,2.6211364562628545e-38,4.989885860635295e-14,5.621534351772404e-42
2017-03-06,4.413469733734207e-21,1.0,4.453999924560775e-32,5.5980087137958184e-31,1.131654343062044e-37
2017-03-07,2.5902628075117268e-18,1.0,1.01367094533519e-28,4.997049536484872e-24,8.846088524207992e-35
2017-03-08,2.6070845720688433e-20,1.0,7.380630785440362e-31,2.4294519159659895e-23,9.765954134364551e-37
2017-03-09,1.675145174793482e-23,1.0,3.188818993415938e-33,1.912919036050426e-24,4.403874841615249e-40
2017-03-10,4.580233674151537e-24,1.0,3.883502782815027e-30,7.31153732474991e-32,8.55933135285746e-38
2017-03-13,4.464234961770608e-26,1.0,6.989596176226683e-32,1.62955972232749e-17,9.320124803755825e-40
2017-03-14,1.8967060644888936e-21,1.0,5.681985574505172e-28,6.3259321644916475e-18,7.860152756776305e-36
2017-03-15,1.2941641166840793e-23,1.0,3.020026782220819e-31,4.372497565421576e-18,2.953111810833153e-38
2017-03-16,3.902025822065082e-18,1.0,1.5895844085351403e-24,4.354221077800015e-23,9.190280035599011e-33
2017-03-17,7.798904118323543e-18,1.0,2.1025824837661597e-23,1.160088335599306e-16,4.6018804501518677e-32
2017-03-20,2.474530037425364e-25,0.9999999999999893,3.242082531601459e-33,1.0640173440691622e-14,6.69754210944495e-40
2017-03-21,3.689032139905571e-24,0.9999999418706177,2.258861995253332e-31,5.812938287756054e-08,7.26000261913279e-39
2017-03-22,1.113339575568487e-25,0.9999999694063253,1.073820570966507e-33,3.0593676112396546e-08,4.874407948442827e-41
2017-03-23,1.0586559647290447e-24,0.9999421454593426,1.1310180324230837e-32,5.785454065814899e-05,3.294798623461777e-40
2017-03-24,2.0420902581924996e-24,0.9999999998554081,2.2306198654490695e-31,1.4459260274638273e-10,8.889419485631047e-40
2017-03-27,1.2805991375186416e-20,0.9999999809171582,8.594241616006284e-27,1.908284213048284e-08,2.6276659703334224e-36
2017-03-28,1.5205721172067572e-24,0.9999987648243945,1.6054862542002193e-31,1.2351756046345802e-06,5.1612049226354144e-40
2017-03-29,5.041123331220838e-22,0.999999999533518,1.9690085980011753e-28,4.664819406590987e-10,1.2602560135005037e-37
2017-03-30,1.1213538312704918e-20,0.999999895245706,3.15360273740538e-27,1.0475429308797447e-07,4.6593221033843145e-36
2017-03-31,4.98402156558439e-19,0.9999999999881943,2.0397046969499196e-25,1.1806960850221645e-11,6.669210702026199e-35
2017-04-03,2.4521752792572176e-24,0.9999999987343493,7.881697517096497e-33,1.26565077697763e-09,4.621197783142214e-41
2017-04-04,4.5922424801732025e-26,0.9999672210562308,1.3821355295935372e-33,3.277894376833411e-05,6.8200305376845785e-43
2017-04-05,1.9106209879175298e-19,0.9999999979198968,2.868013597930089e-26,2.0801037890093193e-09,2.0343750208032036e-36
2017-04-06,4.986754669760994e-24,0.9999999999953602,4.97157022835878e-32,4.639678561241619e-12,8.037404027058463e-42
2017-04-07,1.9904636649006335e-21,0.9999985169338609,7.976990251369623e-30,1.4830661392484616e-06,2.809239317757639e-40
2017-04-10,2.283593800517188e-21,0.9997052265061224,2.4186423756558694e-30,0.00029477349387817633,1.213636909355633e-41
2017-04-11,9.424477526429967e-54,0.033914177928263185,5.668388756343123e-69,0.9660858220717377,5.571194190485784e-77
2017-04-12,4.315090314830406e-53,0.000270820155291074,1.0427935566451591e-66,0.9997291798447081,8.890706446860372e-75
2017-04-13,3.165951860608218e-55,3.091192207061715e-05,2.88185528707865e-69,0.9999690880779292,4.7352480706318846e-77
2017-04-14,8.522156666725435e-48,0.004974690990134351,2.832467266332093e-61,0.995025309009865,3.538424757601348e-68
2017-04-17,1.140065591909655e-47,0.001129711539065147,4.92662958028832e-61,0.998870288460934,2.6413525335986997e-68
2017-04-18,6.949525891731608e-42,0.05305355310974737,9.404114172335484e-54,0.946946446890253,7.919078732236058e-64
2017-04-19,2.437985355786984e-43,0.011241459774828787,4.113488866854802e-55,0.9887585402251705,1.928503376333676e-65
2017-04-20,1.3005322839462972e-39,0.08000235626172686,3.402331728659782e-51,0.9199976437382729,3.519128407192676e-61
2017-04-21,1.6610694196629022e-39,0.024226547841182798,1.3464441862021026e-50,0.9757734521588172,1.610249733197914e-62
2017-04-24,1.86852417072552e-41,0.6132704828241716,1.8610457332248996e-52,0.38672951717582915,2.81699396602537e-64
2017-04-25,2.6014324854142845e-55,0.0024815314779808757,1.17753615362888e-68,0.9975184685220184,3.93542675699015e-79
2017-04-26,4.0247354485959656e-49,0.0025657284491481065,2.8820447374837712e-61,0.9974342715508524,6.469618999529046e-73
2017-04-27,5.5046557525848456e-45,0.01097629990890705,1.688009312155685e-56,0.9890237000910936,2.7028990255978878e-68
2017-04-28,2.4048418366764785e-45,0.006459518025512054,7.159034236770507e-57,0.9935404819744879,1.0383959385634294e-68
2017-05-01,1.678518178173961e-53,0.00044392337593431274,1.4878387142477214e-66,0.9995560766240656,1.623504785923933e-77
2017-05-02,1.3118517312596922e-47,0.0005118676281306181,1.2068955649539097e-59,0.999488132371869,2.1160358614177287e-71
2017-05-03,2.169242871137334e-50,0.0005872218479200859,8.446081473342865e-63,0.9994127781520799,2.9382566781961595e-74
2017-05-04,4.0582939286188787e-50,0.0011636518813261767,4.7422417941111195e-62,0.9988363481186734,7.470365531486692e-74
2017-05-05,1.3518160967134357e-42,0.02071289324199549,1.349767747715448e-53,0.9792871067580046,1.6945439782624426e-66
2017-05-08,3.5757065380927764e-49,0.002351978810188198,7.077735446783416e-61,0.9976480211898126,1.4724271945888716e-74
2017-05-09,8.72573656625768e-48,9.500048120862905e-05,6.773092578405816e-60,0.9999049995187909,4.858907152662455e-76
2017-05-10,7.222405507632244e-46,0.001358050421785653,6.117205460452558e-58,0.9986419495782142,6.018677440305994e-74
2017-05-11,1.0258281258514066e-46,0.0002991580932681066,1.4438382263482927e-58,0.9997008419067319,7.755943883260893e-75
2017-05-12,1.1665074691309682e-53,2.092339126373051e-05,3.7728974659733724e-67,0.9999790766087354,6.560396189829203e-83
2017-05-15,8.04528062047151e-47,8.309044663864175e-05,1.997085962552473e-60,0.9999169095533617,6.017577983418582e-79
2017-05-16,2.0411738585517622e-51,1.5071376311300265e-05,2.1668906215167304e-65,0.9999849286236889,1.8489753169680468e-84
2017-05-17,7.775003545081393e-47,1.9318698376066064e-05,2.9777612540788847e-60,0.9999806813016242,1.037836958690836e-78
2017-05-18,9.886964210827118e-56,5.659955538162331e-06,1.542633047754439e-70,0.9999943400444613,1.74534604168614e-88
2017-05-19,1.9164666883800007e-43,0.0008135124598673259,3.215543760576233e-57,0.9991864875401328,7.629773342207322e-76
2017-05-22,5.856049823068976e-45,4.358049903921998e-05,7.504809821036455e-58,0.9999564195009606,1.0663022552217895e-77
2017-05-23,1.9458500718142187e-50,2.691138349188943e-05,1.9979705278839987e-64,0.9999730886165089,1.4801928870721027e-83
2017-05-24,5.220650914277714e-52,1.9063647212666714e-05,3.7724183125610257e-66,0.9999809363527875,2.7735989646261075e-85
2017-05-25,3.3549997631095303e-51,2.7733510954938348e-06,6.868416569990566e-66,0.9999972266489044,9.091413268625953e-86
2017-05-26,2.3492667700581583e-46,5.563111894785184e-06,1.0762234369176796e-60,0.9999944368881056,3.722344111924006e-83
2017-05-29,7.688603515575326e-47,3.629825104100808e-06,1.343914513608243e-61,0.9999963701748957,1.3591940341380248e-85
2017-05-30,6.668138525606219e-46,6.04061157659624e-06,1.3393394616547722e-60,0.9999939593884242,3.034958618352229e-84
2017-05-31,7.65337944130688e-43,1.301735928244994e-05,2.1756314909447542e-57,0.9999869826407167,3.28575202806023e-81
2017-06-01,4.3902431271961e-50,6.932280488998752e-06,7.502337188083455e-66,0.9999930677195112,2.8155221838590885e-88
2017-06-02,2.321194038226988e-46,1.837286320206847e-05,2.695911654978732e-62,0.9999816271367975,4.414362913304208e-86
2017-06-05,9.850584950631798e-51,2.713473998171043e-06,3.726507308514069e-67,0.9999972865260016,1.925168486827897e-91
2017-06-06,1.8753590200226287e-47,5.242435525823469e-06,1.5280864652683237e-63,0.999994757564474,2.0268236192413927e-87
2017-06-07,4.094277640446761e-49,1.8904185650292727e-05,2.8476709151762097e-65,0.9999810958143494,9.351043512464305e-90
2017-06-08,5.489988204910129e-45,1.9661068523941133e-05,5.4929317300487216e-61,0.9999803389314769,3.8914983658470195e-86
2017-06-09,1.459399816811305e-59,1.8088599939444532e-06,5.349188168421712e-78,0.9999981911400067,1.229207531036094e-101
2017-06-12,9.065183122486805e-55,1.7026470369769083e-06,5.075353003681412e-72,0.9999982973529633,1.7552059198755963e-95
2017-06-13,9.2700747640722e-52,3.18154835899324e-05,1.4549915955889966e-68,0.9999681845164102,1.7088709987947627e-92
2017-06-14,2.229028414371364e-44,3.115601009560723e-05,1.168529085827281e-60,0.9999688439899038,4.036553764969901e-85
2017-06-15,2.636209282947114e-49,2.7831728546620163e-05,3.933090619249126e-66,0.9999721682714533,4.525528957691366e-90
2017-06-16,2.458814829456538e-52,2.3119049492865406e-06,4.430343158391117e-70,0.9999976880950506,7.1490609247050165e-93
2017-06-19,4.98985348352961e-52,1.3190768268487139e-06,8.286220237566191e-70,0.9999986809231731,9.481801869128809e-93
2017-06-20,3.3420639863536825e-51,2.2730006942795614e-06,4.879660198989978e-69,0.9999977269993061,1.1131592561515724e-92
2017-06-21,5.635210862257046e-45,1.5642844493991257e-05,7.462216457861311e-63,0.9999843571555052,3.480120578552196e-86
2017-06-22,1.2863489895930286e-42,2.841760557015048e-05,2.779719853201227e-59,0.9999715823944296,3.041904728519637e-83
2017-06-23,2.1032483111163347e-43,0.00012288664062759172,1.3602395614747872e-59,0.9998771133593722,1.629830825468034e-84
2017-06-26,9.451784363018346e-44,7.136552497842144e-05,1.2562080094768044e-59,0.9999286344750224,6.924069066784056e-86
2017-06-27,1.2309885436104105e-53,0.0002455947460647491,8.032241861846402e-72,0.9997544052539352,3.350614648642604e-96
2017-06-28,6.046793054049719e-52,5.373858654514608e-05,6.916686312354603e-70,0.9999462614134551,2.3917369261547602e-94
2017-06-29,1.5010709714658577e-47,4.898763975549135e-05,1.7658797655228544e-64,0.9999510123602448,9.24356274423857e-90
2017-06-30,8.995583861510897e-47,1.3595106619564066e-05,2.541792738371007e-63,0.9999864048933802,7.2345243970068635e-90
2017-07-03,1.3685200748489915e-53,5.860317632731308e-05,2.3242028731575448e-71,0.999941396823673,3.910462781820531e-97
2017-07-04,7.279226177395836e-47,1.4315783025951229e-05,7.051152058819648e-64,0.9999856842169743,4.84587595027802e-90
2017-07-05,1.1237338471400578e-55,2.1531497247628753e-06,8.452487757823652e-74,0.9999978468502756,2.9533767317892664e-99
2017-07-06,4.7170593201954e-54,8.55185364976742e-07,1.0685456699143433e-71,0.9999991448146355,2.2354507074045932e-97
2017-07-07,6.011897122519122e-53,2.405087078699608e-06,1.7502339344880577e-70,0.9999975949129215,9.73823817945733e-97
2017-07-10,8.685553922035582e-43,0.0018275744928580476,2.8788916900519634e-59,0.9981724255071427,4.0617951369392485e-86
2017-07-11,2.1229783823785662e-44,0.00018069747313240926,5.236795131208911e-61,0.9998193025268682,2.462826200876046e-88
2017-07-12,2.7300990352145556e-48,2.5933253929804064e-05,1.1533695216990897e-65,0.9999740667460694,2.4179457791011013e-92
2017-07-13,2.0607437284255583e-33,0.9999999997919744,2.1184845372477874e-52,2.0802445407126734e-10,2.182825918971823e-81
2017-07-14,2.728600779626468e-16,0.9999999999964224,5.438640648736795e-29,3.5766277782401785e-12,2.3246241705695783e-62
2017-07-17,5.253559932885789e-22,0.999837136539074,4.962994183414854e-36,0.00016286346092457026,2.3162422785787247e-68
2017-07-18,5.216883523560852e-15,0.9999999999999893,3.055959720536854e-29,3.811736381535433e-15,1.8162869643926917e-64
2017-07-19,3.591850914235248e-21,0.9999999998734452,2.8120809228577178e-37,1.2655521996579531e-10,1.914386439331713e-71
2017-07-20,1.5209153586920233e-28,1.0,1.2201822098433367e-51,2.869144304980865e-60,1.3805305563252866e-78
2017-07-21,0.999994483823263,5.516039903352599e-06,1.3683194148940437e-10,6.700922801379851e-62,2.081339966622327e-40
2017-07-24,0.9997864010580321,0.00021359805926009185,8.827093839192228e-10,3.578643857039734e-57,1.3528573005222183e-35
2017-07-25,0.9999999999968843,1.4791932181920335e-12,1.634976247674692e-12,2.7398865283214007e-96,1.8545624823616393e-41
2017-07-26,0.9999999993744453,6.245919000490382e-10,9.616705621183995e-13,2.817093010950795e-79,5.112205135074625e-41
2017-07-27,0.9999999947588769,5.2252462895893e-09,1.5878453512983353e-11,2.6865625175899007e-73,5.551131491708702e-39
2017-07-28,0.9999999879687814,1.2025895917610226e-08,5.323770414248836e-12,2.0364901242130187e-72,2.5792537978372863e-39
2017-07-31,0.9999999999915374,5.657780227898742e-25,8.459381789154228e-12,2.5224437268035934e-173,1.0375011680563811e-38
2017-08-01,0.9999999998400817,7.917547007216091e-19,1.5991794145355967e-10,1.500116318028414e-152,2.7282068348041165e-28
2017-08-02,0.999999999476028,4.157355271895265e-16,5.239709635179189e-10,4.960389360867424e-132,8.613226572567826e-28
2017-08-03,0.9999999997364668,7.800415510093316e-19,2.635331852314836e-10,2.1669651171492965e-151,8.613610905828017e-28
2017-08-04,0.999999996724025,6.816796754538004e-21,3.2759755766090523e-09,6.724473374393965e-173,4.3141723787830434e-24
2017-08-07,0.9480320500758871,1.6944175848369603e-20,0.051967949924114354,2.8550640935737146e-169,6.8847371334209775e-18
2017-08-08,0.14214731110470247,3.3132791708285615e-11,0.8578526888621623,2.2225685138524898e-103,3.7401396086493496e-15
2017-08-09,0.9981932589316515,3.013639766370783e-22,0.0018067410683468412,2.2629308082691877e-174,3.531661200223103e-18
2017-08-10,0.998917738573908,1.3753678716634376e-22,0.001082261426090744,1.849923259279956e-170,4.413072455810711e-18
2017-08-11,0.998469021841388,1.8036505584856562e-13,0.0015309781584303104,5.546719061402219e-122,2.0900974586247343e-16
2017-08-14,0.968043513359762,1.2281159506418151e-08,0.03195647435836647,1.641134491303426e-85,7.113300299845882e-13
2017-08-15,0.9297060102137258,3.4539428527119396e-09,0.07029398633009366,9.218592275333259e-85,2.2393133743965495e-12
2017-08-16,0.8921811786386008,1.6242686291329583e-09,0.10781881973670673,5.301330975757538e-78,4.2219527900909357e-13
2017-08-17,0.34643552410236905,1.4791100359344894e-10,0.6535644757497148,5.2287367577208684e-89,6.755654671832037e-15
2017-08-18,0.6759781692915656,5.133316071397912e-07,0.3240213173765024,2.8148436763992232e-68,3.2571064418356704e-13
2017-08-21,0.031679697206916414,1.1596736069538935e-09,0.9683203016327472,7.196559557204314e-84,6.638106653935077e-13
2017-08-22,0.00019349693756204916,2.8472215228634065e-16,0.9998065030609501,2.693638641809087e-126,1.4879421011035294e-12
2017-08-23,0.0002580216415120964,5.840979359724787e-12,0.9997419783506112,2.0279787594330564e-103,2.037341179114372e-12
2017-08-24,2.8853214689432056e-06,3.7097972462450067e-19,0.9999971146785166,4.452378659670837e-139,1.5252680151655358e-14
2017-08-25,2.5196211319067405e-08,3.511231072376542e-13,0.9999999748034337,2.718226925940326e-101,3.023218915642303e-15
2017-08-28,2.2828323994184084e-07,4.0381630302882006e-14,0.9999997717167174,1.8427125405968407e-112,1.436800183718014e-15
2017-08-29,0.0178798539609089,2.4704985416118848e-26,0.982120146036763,2.4701010513328814e-216,2.326472649001975e-12
2017-08-30,0.7553095525298491,5.1029388017033095e-26,0.24469044746687196,1.8780954937311957e-223,3.278370022827401e-12
2017-08-31,0.37108093349555693,4.485181401826222e-17,0.6289190655290406,8.185323408183477e-158,9.754007786686428e-10
2017-09-01,0.2256329145937443,3.6286894282135157e-16,0.7743670248528668,2.01309797108969e-150,6.055339028956499e-08
2017-09-04,0.12151279760275113,9.34094726865828e-24,0.8784872023885026,6.096151697085684e-198,8.746336344691044e-12
2017-09-05,0.06119322859061608,1.3828904630709812e-14,0.9388067459622829,4.718500780013528e-118,2.544708572717232e-08
2017-09-06,0.06581052262730537,2.352782122456426e-14,0.9341894655425801,4.935141173021551e-114,1.1830092094819572e-08
2017-09-07,0.06321171542136536,2.058571699071879e-09,0.9367882313883357,5.011102624215384e-82,5.113172851549735e-08
2017-09-08,0.01094695467026197,2.6129982446992004e-14,0.9890530449833298,1.656875363503111e-110,3.4638137043385804e-10
2017-09-11,0.000510175570957475,1.2430232385107827e-16,0.9994898243773764,1.1482719029457545e-112,5.1666663410100115e-11
2017-09-12,0.000129760524435774,4.891433519230973e-10,0.999870238983248,4.2334621124611947e-72,3.171402768624672e-12
2017-09-13,1.3084952793311276e-05,3.927226405579353e-17,0.9999869150469419,1.837974069551469e-119,2.6300435662121283e-13
2017-09-14,0.00014260221139228562,1.5318072019338328e-10,0.999857397634035,8.292990344740597e-77,1.3907564540857247e-12
2017-09-15,3.4574364454308443e-06,2.4335933574704302e-11,0.9999965425391522,1.0268454028506551e-78,6.762272880260986e-14
2017-09-18,5.851344323334395e-05,3.960098914333287e-15,0.9999414865553897,4.542867501593733e-105,1.3718059595612731e-12
2017-09-19,4.596585084892427e-06,3.089976703200096e-14,0.9999954034148771,1.4209794498891324e-101,7.690024755427239e-15
2017-09-20,0.0006010010604162681,2.23734340289298e-15,0.9993989988153194,6.359439413608132e-123,1.242623621258833e-10
2017-09-21,0.000636452908641436,1.1030323012592412e-15,0.9993635463907179,2.275969093477976e-126,7.006384325735681e-10
2017-09-22,0.00020545032049743608,1.385267471358952e-13,0.999794545047009,4.590271060243084e-116,4.6323548995425835e-09
2017-09-25,8.45514346569547e-05,4.223896299097572e-15,0.9999154365474231,2.077684828580473e-121,1.2017914353905486e-08
2017-09-26,0.00019073786643907014,5.1864447335549406e-11,0.999809261298048,6.384649889097352e-98,7.836469026653533e-10
2017-09-27,0.00015690667610983433,1.2284654458397482e-08,0.9998430806403825,1.606983899462015e-73,3.9885188464639926e-10
2017-09-28,1.1497571657774622e-06,6.208106972879053e-14,0.9999988502421077,8.93075880723095e-106,6.642833324078543e-13
2017-09-29,3.318925592314508e-07,5.3020793149289214e-17,0.9999996681069856,1.6437756082486826e-123,4.553596990497548e-13
2017-10-02,7.109142664215451e-07,1.2521195442039622e-16,0.999999289085491,3.3502910572514127e-122,2.4256406440354494e-13
2017-10-03,1.0362921185894275e-06,1.1576805959349827e-10,0.9999989635912817,1.3565726961966153e-88,8.329339264170501e-13
2017-10-04,8.627617949926676e-07,4.174590834426942e-10,0.9999991368200684,8.00874740910934e-84,6.791868153337858e-13
2017-10-05,2.971064159176602e-07,1.6287202184024906e-10,0.9999997027306884,9.473024433904491e-78,2.3644250080213048e-14
2017-10-06,1.772514373731302e-08,1.0828157135280914e-12,0.9999999822737707,9.386064663403121e-91,1.0108816783291526e-15
2017-10-09,9.417171806078932e-10,3.820631633979832e-15,0.9999999990582786,2.8148908820862166e-103,2.9247164273442004e-18
2017-10-10,5.232031926197929e-09,3.761243705723867e-15,0.9999999947679648,1.2475396983328584e-104,4.26406388064601e-17
2017-10-11,2.8785099372008795e-08,1.8967136058326745e-11,0.9999999711959338,5.371187004333488e-89,1.4612839888722904e-15
2017-10-12,9.69130106018945e-11,6.96499250223876e-15,0.9999999999030784,1.706898275497762e-108,6.658039296860655e-18
2017-10-13,4.5070542831501394e-08,2.054905859794973e-17,0.9999999549294546,2.272792459736503e-137,2.267680941613519e-15
2017-10-16,3.2579328519877697e-08,6.148986505541674e-11,0.9999999673591736,1.815070001472702e-92,6.555356919521177e-15
2017-10-17,1.7661782566532216e-08,2.957494207206809e-13,0.9999999823379221,3.80987599503e-106,1.2613454783283633e-16
2017-10-18,1.0102391825692469e-09,1.8626227285597805e-19,0.999999998989761,1.2092315137883304e-145,1.530203028457762e-17
2017-10-19,2.4187111647351036e-09,1.6072406658156582e-10,0.9999999974205629,3.672134375044393e-87,1.2057640901334774e-16
2017-10-20,3.927144169118816e-11,3.845136522540244e-09,0.9999999961155908,6.1051445202512784e-71,4.554216151641797e-18
2017-10-23,1.2526767880768099e-11,9.671921907991811e-14,0.9999999999873772,9.01026436055575e-98,1.404650874183888e-19
2017-10-24,8.667008494905395e-14,1.6587073859259874e-15,0.9999999999999112,6.618987811713794e-107,1.6786326956783325e-21
2017-10-25,6.271622029119761e-15,7.415010981785195e-17,0.9999999999999929,2.4088569712015455e-117,7.505735403120991e-22
2017-10-26,3.2813825294390013e-16,2.645797772409734e-19,1.0,1.8621767193649844e-134,3.889815683793228e-24
2017-10-27,3.4739820128447047e-15,1.148588889670751e-14,0.9999999999999858,2.5412521467468274e-108,1.8704037658760166e-24
2017-10-30,1.2606638557903233e-12,6.515511273724131e-15,0.9999999999987317,7.863538591740144e-114,3.5743548454089395e-22
2017-10-31,3.261424343907235e-13,7.415644526845155e-12,0.9999999999922586,6.403090851718627e-92,1.3339947260339387e-22
2017-11-01,7.409898942373627e-15,4.232753137922813e-14,0.9999999999999503,3.0997943393268577e-108,1.8547438108184212e-22
2017-11-02,4.334097109462365e-15,9.793570830864059e-13,0.9999999999990159,9.083177092789385e-92,4.405464599359083e-23
2017-11-03,3.6806375571446e-12,1.2035155085463489e-16,0.9999999999963194,5.259895186418921e-129,6.822517854675402e-20
2017-11-06,1.689457398245704e-14,1.327993243806241e-18,0.9999999999999822,5.712277173657789e-152,1.9545138809427994e-23
2017-11-07,2.838358595093034e-15,1.1339884731063938e-17,0.9999999999999964,1.9513415036461445e-145,1.3489445446257376e-23
2017-11-08,6.482625256507268e-19,1.8818875896213218e-26,1.0,1.5889407037119842e-201,2.707716462792243e-27
2017-11-09,2.2559688928365393e-17,5.379810743395148e-22,1.0,1.690833825751611e-178,2.209664517931291e-27
2017-11-10,1.244402532358567e-19,6.817259992039385e-20,1.0,3.4484659981204263e-144,4.190292297607012e-27
2017-11-13,5.717289934684784e-19,2.1241494253612945e-15,0.9999999999999964,1.4271845528908345e-115,7.331969577218778e-27
2017-11-14,4.2888815261133257e-16,2.3304306455954363e-16,1.0,3.508734994446743e-121,5.920222413901719e-26
2017-11-15,4.7895518208205774e-15,3.469635006807487e-10,0.9999999996530313,7.161098277572494e-72,1.3898504796583572e-25
2017-11-16,1.632555355943921e-13,1.4247382413052204e-11,0.9999999999855902,1.5454108972075888e-82,3.302670546853443e-25
2017-11-17,8.41870179269973e-14,5.341285321653272e-16,0.9999999999999147,9.453672062263823e-108,1.7700645308863782e-25
2017-11-20,1.0336538093841642e-12,5.85729482931825e-14,0.9999999999989093,4.262957894505542e-97,5.579271910069171e-25
2017-11-21,3.431213700663882e-11,2.1543208774843747e-15,0.9999999999656843,5.383444767263275e-110,5.712784939844042e-22
2017-11-22,1.63813106331684e-11,1.3947848311104035e-11,0.9999999999696705,5.282286526937637e-89,1.2985703869952816e-21
2017-11-23,9.056173055772093e-11,4.514163602109578e-12,0.9999999999049258,2.2740175664463954e-95,1.5583256416887176e-21
2017-11-24,1.6940623626731537e-10,1.6158868891094256e-20,0.9999999998305924,4.174366124829458e-149,7.789545967813768e-19
2017-11-27,4.828542650412521e-09,1.354493734278557e-17,0.9999999951714571,1.4478443494678846e-135,1.0334460175964691e-16
2017-11-28,3.5450152703251432e-09,3.6142284564129254e-16,0.999999996454985,3.1292760370297158e-124,1.7740849791391934e-17
2017-11-29,1.5051660003664175e-09,1.0102301948357763e-13,0.999999998494733,2.4596465071169846e-109,1.0606748794435291e-16
2017-11-30,5.316326558422089e-10,6.815550437839348e-15,0.9999999994683613,1.504141021483329e-115,1.7215475679499777e-16
2017-12-01,7.602070338953662e-09,1.980661222406432e-09,0.999999990417269,4.3502405447726704e-73,3.8260031469861893e-17
2017-12-04,6.67250802443087e-09,3.933763203373245e-08,0.9999999539898613,1.2540946289830092e-67,1.8352405968400717e-17
2017-12-05,6.514190499040696e-09,8.218770045365382e-09,0.9999999852670386,1.592675280380014e-70,1.24212996349049e-17
2017-12-06,1.969970400916703e-10,1.497279344530026e-10,0.9999999996532729,1.9398019160821518e-89,1.7358480742975544e-15
2017-12-07,3.7140832589699265e-11,7.762705173957918e-09,0.9999999922001521,1.3570486736414918e-79,2.8085564020185253e-16
2017-12-08,2.723054321579263e-10,2.4891135240303015e-11,0.9999999997028048,1.2624058209530974e-90,3.102370078709218e-17
2017-12-11,8.171249992093542e-11,7.63716503819365e-13,0.9999999999175238,1.1176895610767142e-102,2.7377631182646916e-17
2017-12-12,3.670823291973572e-09,3.173950769049408e-11,0.9999999962974364,2.58683120782744e-91,1.5499161700527635e-16
2017-12-13,6.158321238956869e-09,6.729833537268335e-30,0.9999999938416764,7.313661241782624e-196,2.0390613909156592e-17
2017-12-14,3.5385965089405435e-09,1.4804887195264645e-19,0.9999999964611561,2.644809416195856e-143,2.4794115390048567e-13
2017-12-15,7.392921424906164e-11,5.613843858640426e-09,0.9999999943118638,2.0306017265945014e-88,3.614056643891633e-13
2017-12-18,9.392709251359193e-10,2.7369658826152316e-20,0.9999999990607265,2.000991420276533e-157,3.0281551512668558e-15
2017-12-19,5.299344115627109e-08,1.5184286521893118e-15,0.9999999470065589,2.5793245966054944e-130,4.762386203546053e-18
2017-12-20,1.6327258089173462e-08,7.709264864434322e-16,0.9999999836727406,2.1098141797020294e-139,3.417444324776977e-19
2017-12-21,4.7640963651248e-10,2.3769422421824508e-17,0.9999999995235918,1.0098826931031802e-132,6.818182507546044e-22
2017-12-22,2.204904492755917e-71,1.0,9.278734497548533e-79,2.0378187053859403e-54,5.241513921484026e-93
2017-12-25,5.69616885360851e-41,1.0,3.1827294379338185e-38,2.1815206871840168e-41,5.796067975588222e-55
2017-12-26,8.559306465603717e-43,1.0,1.5582582644313334e-40,6.187142684158283e-34,7.914023548084724e-57
2017-12-27,1.3343004415381567e-50,1.0,3.2991883931930047e-49,5.270568895498547e-26,3.018466264514237e-65
2017-12-28,1.6327802153935422e-54,0.99999997957233,1.3601752027527398e-54,2.042766847313721e-08,3.34707873511775e-70
2017-12-29,4.5109890953917024e-48,0.9999999264939481,1.670199241620224e-48,7.35060511128238e-08,1.3526062657439518e-63
2018-01-01,1.6879118571590532e-42,0.999999929621654,5.866982090875109e-43,7.03783454423608e-08,6.803665338539075e-58
2018-01-02,1.338266599259594e-49,0.9999985621642187,1.9524126848730945e-51,1.437835780503563e-06,4.2537395505443125e-65
2018-01-03,1.9984989002697355e-43,0.9999998990118806,5.73833509042957e-44,1.0098811951831686e-07,1.0433101397734913e-58
2018-01-04,7.78402418812135e-44,0.9999974514730748,2.4286977337510132e-45,2.5485269236541277e-06,1.237518031919975e-59
2018-01-05,5.3865744669650324e-43,0.9999999996355022,2.2859098721470073e-43,3.644988960387266e-10,5.001397323333525e-59
2018-01-08,1.8932502589519882e-50,0.9999996713620092,7.423543567919783e-52,3.286379899886727e-07,1.6366125311605777e-66
2018-01-09,2.061918009624216e-46,0.9999999669525798,5.937203641447052e-48,3.3047418989466135e-08,2.003653478271071e-62
2018-01-10,5.583034263864839e-51,0.9999999929373367,3.5715358228866687e-53,7.062664350112683e-09,1.7078646304897964e-67
2018-01-11,1.806918230422313e-50,0.9999999959609127,4.749181462150615e-52,4.0390884092486335e-09,7.634817875845017e-67
2018-01-12,5.13281402968304e-53,0.9999999577976277,2.2457235638675585e-55,4.220237311809863e-08,5.673270396492245e-70
2018-01-15,6.1848702516409734e-52,0.9997912627697727,4.908419138786876e-56,0.00020873723022583985,5.55459056116538e-70
2018-01-16,3.030171174105561e-50,0.997895780921341,1.5820939404589587e-55,0.0021042190786580294,9.384545126644593e-70
2018-01-17,3.201780172977964e-45,0.9386720581779734,4.5993314944375237e-51,0.06132794182202821,4.293138514283809e-66
2018-01-18,1.7400283136341432e-46,0.9796808223177139,3.1157579314727737e-55,0.020319177682285132,1.339148868783699e-70
2018-01-19,2.930380659301462e-50,0.1559505012378747,1.5831300400766271e-59,0.8440494987621247,1.863967579057761e-74
2018-01-22,2.869863922748931e-42,0.8273340042223111,1.0646080585076224e-50,0.17266599577768954,1.0148391634364229e-66
2018-01-23,6.895963700067914e-46,0.6429716395643463,6.802242203708476e-55,0.3570283604356519,1.9731167680928573e-70
2018-01-24,1.4415859294106687e-40,0.42885555740081854,2.5168300715004596e-49,0.5711444425991818,9.963129215588616e-66
2018-01-25,1.0235233055063088e-27,0.9999999999999964,3.086182383537836e-35,4.341126652563849e-15,2.68290455177509e-53
2018-01-26,3.822855687917919e-29,0.9999999804725237,6.543228309871863e-35,1.9527477905901687e-08,2.2327512877843487e-53
2018-01-29,8.597431707421899e-21,0.9999999999871712,9.249636033132837e-27,1.2829876385837e-11,1.566099110170053e-45
2018-01-30,3.870086731191497e-18,1.0,1.2611852057218526e-22,7.175049944248715e-19,1.4163495443578658e-39
2018-01-31,2.1504851263410408e-20,1.0,6.999640203121966e-26,1.8353053448767938e-19,6.047010270507904e-42
2018-02-01,1.729485339952229e-21,1.0,4.455584385139784e-27,8.261089651900739e-19,4.10032360252382e-43
2018-02-02,5.719224472104654e-23,0.9999999999999929,5.455269673162112e-29,6.6031480134037135e-15,1.904105885368662e-44
2018-02-05,6.682803714347012e-23,0.999999999999913,6.791994023880206e-29,8.665523616067444e-14,3.0057150363919396e-44
2018-02-06,1.1463401019623442e-19,1.0,8.584546278390148e-25,9.711447941676204e-16,7.494660139224223e-42
2018-02-07,1.202329911032597e-21,1.0,5.261474599519396e-27,1.7631061271472462e-16,3.364370278399183e-43
2018-02-08,1.906657877331193e-26,0.9999999956346528,2.3176156425981964e-32,4.365348614934881e-09,1.9861659340182818e-48
2018-02-09,1.0939871716874604e-27,0.9999999920553151,1.6267988803719571e-34,7.944683990900796e-09,3.0638544208800026e-49
2018-02-12,5.6651263206902505e-27,0.999999990329048,1.7366935546653507e-33,9.67095300929843e-09,8.838107116997168e-49
2018-02-13,1.1697478378145115e-25,0.9999999965538358,2.1800005392609773e-32,3.4461639977538072e-09,1.5694752721626274e-47
2018-02-14,2.4943781954859885e-24,0.9999999991817674,7.971023776284742e-31,8.182316883064819e-10,2.2064204300667332e-45
2018-02-15,1.6562854611734285e-19,0.9999999999999858,2.5822535983077853e-25,1.5010184128344052e-14,6.818862003750192e-40
2018-02-16,2.412538607304287e-26,0.9999999998818758,4.766845661077971e-34,1.1812260550056848e-10,1.1878063135375511e-48
2018-02-19,1.3261825160679907e-24,0.9999999999978009,8.04684152088756e-31,2.197399533294546e-12,9.1447406883865e-48
2018-02-20,7.551194050360538e-25,1.0,5.110558935356384e-31,5.251178075327944e-18,8.062746528903398e-44
2018-02-21,6.863765193125787e-22,1.0,2.5092230511512795e-27,7.025147684717445e-17,2.1820717993333817e-41
2018-02-22,1.3661829605817312e-21,1.0,4.0325486645623414e-27,6.03380242655275e-16,5.438962436801938e-41
2018-02-23,6.89825571066898e-22,1.0,1.169857011218493e-27,1.6719167387629326e-16,5.043380759849879e-41
2018-02-26,2.2748478534485453e-17,1.0,3.435365800518538e-22,1.8922205077124085e-24,5.1986958089778264e-34
2018-02-27,5.9395733396756076e-18,0.9999999999999147,1.7670285207974273e-23,8.680013851210211e-14,1.8723165538268492e-35
2018-02-28,6.84350263019506e-20,0.9999999999987956,7.944164351785633e-26,1.205583347734418e-12,1.350168800588551e-38
2018-03-01,4.3931989902044087e-20,0.9999999999999893,4.909693214885071e-26,1.093247932177786e-14,9.534035342773882e-39
2018-03-02,7.78191967883745e-26,0.9999997377002277,2.6758942523646286e-33,2.6229977173686464e-07,5.3291327789233805e-45
2018-03-05,1.7706995937982356e-23,0.9999943213013632,5.443558261228174e-31,5.678698638017399e-06,2.4133457664178587e-43
2018-03-06,6.511255798043689e-24,1.0,1.8386348145503255e-30,1.062765230477737e-20,4.0382331241335017e-41
2018-03-07,1.349889205442232e-21,0.9999999999835758,2.6722603688374043e-27,1.642245553950816e-11,5.8522831583947795e-40
2018-03-08,9.787485740349104e-27,0.9999999997285407,1.367400374277835e-32,2.714600675116241e-10,8.694693394195201e-52
2018-03-09,8.757031524674523e-25,0.9999999999961275,6.000268103059179e-30,3.874180973744931e-12,1.209083572188517e-49
2018-03-12,6.324749787770756e-24,1.0,7.792918824295284e-31,3.5076551115601274e-19,1.6847379278542097e-54
2018-03-13,7.708086140018074e-19,1.0,2.811047595922845e-25,6.870182235013886e-25,1.117237458496731e-46
2018-03-14,4.224274208436559e-19,0.9999999999985505,3.49614085641842e-26,1.4503204710919798e-12,7.915580201278276e-51
2018-03-15,1.4172486421470746e-27,0.9999999999317275,1.3619198754457982e-36,6.827128727210305e-11,5.526886792006762e-63
2018-03-16,1.9684568922838278e-20,1.0,3.0332777907139264e-28,1.4933514475659747e-18,5.447004783356213e-55
2018-03-19,1.5501061029456016e-22,0.9999999993267714,3.9660384243397e-30,6.732300789962735e-10,2.600437054254886e-57
2018-03-20,5.837064221945875e-19,0.9999999992012611,9.946271477239548e-27,7.987398724664903e-10,2.5084620740475215e-54
2018-03-21,6.961990996921237e-28,0.9999971564611022,3.678930561512197e-37,2.8435388984094437e-06,3.3059791544931965e-64
2018-03-22,4.826133487315389e-25,0.9999999999998401,3.6515569695561627e-34,1.5890676590867163e-13,4.251539851439276e-60
2018-03-23,1.3431266003640986e-20,0.9999999997653681,8.904851572588968e-29,2.34632531051423e-10,2.004084222820419e-55
2018-03-26,1.943262984120837e-20,0.9999999949792873,1.0115544716879611e-28,5.020711297705899e-09,1.12576331762811e-54
2018-03-27,5.762057761353856e-18,0.9999999999911857,5.67470238792227e-26,8.81384502279116e-12,3.668255909609279e-52
2018-03-28,1.3288312020035215e-19,0.9999999999999893,4.763652379128497e-28,1.0930279229164693e-14,7.54846733343939e-54
2018-03-29,1.4312640828505857e-16,0.9999999999927027,4.274663395434096e-24,7.296884992030512e-12,9.002958609687339e-52
2018-03-30,3.276878445053388e-24,0.9999936196722503,3.510779402509154e-33,6.380327749771925e-06,3.4200220806047915e-60
2018-04-02,2.395252887732767e-22,0.9999999395342432,8.111964285386151e-31,6.046575761686023e-08,1.9053777940976896e-56
2018-04-03,2.5318075913724666e-16,1.0,5.61526518005851e-24,2.270800516769145e-16,1.6747903643404476e-50
2018-04-04,4.556010692075901e-26,0.9999999999979465,1.5778396342667702e-35,2.0517914251320012e-12,7.371647664441439e-61
2018-04-05,3.0985827967149987e-18,1.0,1.6127626429800872e-26,9.873628790256034e-17,1.7649748125254825e-51
2018-04-06,6.1352999866378906e-27,0.9999999999992433,2.5818309606025446e-36,7.553226816420918e-13,6.074473097440482e-61
2018-04-09,3.0337092300283383e-21,0.999999999994742,7.811626380346314e-30,5.259745309389356e-12,3.7812384948439425e-55
2018-04-10,5.470709057983784e-26,0.9999719543546892,6.366841947520073e-35,2.8045645311839175e-05,1.549587116443616e-58
2018-04-11,2.302401929882144e-20,0.9999999999728182,1.1451219650023906e-28,2.718284868552691e-11,3.059424515382608e-53
2018-04-12,8.136576630000479e-19,0.9999999462875181,1.0361200697970756e-26,5.371248092405414e-08,1.914058942209435e-52
2018-04-13,6.3686970657157e-28,0.9999856430204677,2.5508514483414103e-37,1.4356979530927708e-05,1.090700711288765e-62
2018-04-16,2.9766517416100886e-25,0.9999974666043743,2.8728377316038264e-34,2.5333956243301446e-06,3.9686752519488562e-59
2018-04-17,3.092479795459914e-22,0.9999999999951328,2.207498911250994e-30,4.867402363976157e-12,9.91480204569807e-56
2018-04-18,9.920520221031668e-22,1.0,3.206856013234572e-30,5.776526813989445e-20,7.726447666902209e-53
2018-04-19,7.451738030422859e-20,1.0,4.263469289269186e-28,2.2929596668146374e-24,5.555731669376161e-51
2018-04-20,3.004015697100139e-15,0.9999999999999964,4.9476751264973145e-23,9.80636403755459e-25,2.293481856055478e-46
2018-04-23,8.7822889243816e-07,0.9999991217711061,6.465901672508825e-16,2.021587224142049e-73,1.9452689100382462e-42
2018-04-24,0.999996855108584,2.080330281524925e-09,3.142811085196593e-06,8.742177726130495e-87,8.0503986252027e-33
2018-04-25,0.9999212723647852,5.347478891006815e-10,7.872710046771434e-05,1.0466023802978805e-88,2.5930712073062686e-32
2018-04-26,0.9999434852615806,1.8389597756844358e-12,5.651473658214377e-05,2.2355486884551775e-104,9.837905130720846e-31
2018-04-27,0.9997467307008965,1.2600120989571738e-06,0.0002520092870055367,3.322356201772063e-72,1.1295844408289927e-30
2018-04-30,0.9804366294171349,3.8208178950885445e-11,0.019563370544655657,3.230859763502509e-102,7.010966524255459e-31
2018-05-01,0.9982185196671258,4.086419962140212e-09,0.0017814762464548723,1.0957466787372424e-84,2.3833094485677652e-30
2018-05-02,0.9992772090055616,8.620893640077882e-09,0.0007227823735451841,1.3174874955230605e-82,5.982068351563922e-30
2018-05-03,0.9991952829451061,2.339114316431219e-08,0.0008046936637516025,2.0385981531106193e-79,1.480860391432445e-29
2018-05-04,0.999096807493041,1.0347559312642032e-16,0.0009031925069576867,2.3701350769258496e-128,1.8681066826311036e-34
2018-05-07,0.9972799217933436,3.406907102216464e-11,0.0027200781725860933,1.153575282741738e-94,4.219516001530833e-32
2018-05-08,0.9904453698806193,3.2640602120352374e-12,0.009554630116116927,4.176401185163521e-96,4.795539632137506e-33
2018-05-09,0.9384353826303223,4.459148395645007e-14,0.06156461736963375,3.4584026861728626e-112,4.398839341290096e-35
2018-05-10,0.33441024185846374,1.5172003100806198e-10,0.6655897579898146,3.30424968132713e-91,4.085351639147084e-36
2018-05-11,0.2744458140028254,1.0646933653617313e-10,0.7255541858907042,2.417021866509e-97,1.4691613838810607e-37
2018-05-14,0.07271799392570306,4.4947752688808607e-20,0.9272820060742974,2.6765630433772413e-149,4.12223356188513e-33
2018-05-15,0.0005342731217994328,5.0361727223593254e-18,0.9994657268782018,3.1504492976780847e-136,3.0142608120408305e-36
2018-05-16,3.690182473982279e-05,2.2354478779785508e-18,0.9999630981752617,3.080076176082188e-135,5.158495878180066e-36
2018-05-17,0.0017488830454842194,8.612375873287601e-17,0.9982511169545141,2.900869274817803e-133,1.7891192881621636e-32
2018-05-18,0.002038684406101352,2.3217059804040636e-11,0.9979613155706801,1.513173827856259e-98,7.591109117623325e-32
2018-05-21,0.031196488097422974,3.309927279178863e-11,0.9688035118694774,4.015439192306838e-102,9.883733311977606e-30
2018-05-22,0.00222688772126297,8.652460422548151e-10,0.9977731114134893,1.1369579689515746e-83,1.1190612234281085e-27
2018-05-23,0.0011820605834481936,7.610436242095098e-10,0.9988179386555097,7.574188431041711e-84,5.383914405265918e-28
2018-05-24,0.025389173298376998,2.6749228876019984e-11,0.974610826674873,1.9447782351256833e-94,2.352409863001002e-25
2018-05-25,0.03943252744569758,2.467374885201099e-09,0.9605674700869277,3.902693320120322e-85,2.1078472645541452e-23
2018-05-28,0.05521821036028572,6.094435568282067e-10,0.9447817890302714,2.1310035932000334e-88,1.378492483309093e-23
2018-05-29,0.04085913013742485,1.6973050250232857e-07,0.9591407001320724,9.191077612110817e-74,7.113670136633644e-24
2018-05-30,0.01559265493127379,4.846796813131273e-08,0.9844072966007598,2.5167763979129894e-76,7.612706736868484e-24
2018-05-31,0.05471330365145411,1.251564266980194e-09,0.9452866950969818,8.432212490317153e-80,7.297881419226926e-23
2018-06-01,0.0669388871951953,6.082698494522665e-09,0.9330611067221075,1.8591144107780817e-76,1.0360820584529076e-23
2018-06-04,0.09003892874305112,7.803602943664872e-10,0.9099610704765897,5.6596725812897946e-83,1.1704773272732749e-23
2018-06-05,0.02141883659044759,1.5413427341818636e-09,0.9785811618682114,1.1907698805273118e-76,2.0739317416444774e-24
2018-06-06,0.035986792145760164,2.277765132397911e-06,0.9640109300891083,6.73372201293962e-63,1.9406860431321374e-23
2018-06-07,0.012076215841923388,6.307875513303972e-09,0.9879237778502014,2.006610605626866e-79,4.4352644170061575e-24
2018-06-08,0.023396717920723828,5.4291585328142474e-08,0.9766032277876895,6.726919826263572e-77,2.7077566709726384e-23
2018-06-11,0.05107248881047127,2.5162001132932843e-07,0.948927259569519,4.239705120109184e-73,4.314099788749981e-23
2018-06-12,0.00341346407270082,4.406821900658191e-21,0.9965865359272991,4.065330375432644e-156,9.165584639560237e-23
2018-06-13,0.01894881518533013,5.51883804887056e-16,0.9810511848146711,1.4104931516408215e-138,2.565221888060309e-22
2018-06-14,0.00876255312716756,3.8576278019681934e-19,0.9912374468728312,1.1461854430387586e-167,8.600855163646812e-18
2018-06-15,0.0075746762937764795,9.486345786679756e-16,0.9924253237062217,2.7680550935224175e-154,6.295160377703548e-16
2018-06-18,6.0933587435798416e-24,1.0,3.4897850121338354e-29,5.100408811735025e-96,2.5440666663026665e-40
2018-06-19,2.2294822422043964e-16,1.0,2.9919516333285094e-16,1.313689287292664e-59,2.0530163109898357e-28
2018-06-20,1.1657788321231689e-18,1.0,7.175891159214812e-19,3.2970287143098173e-62,1.8757151435590247e-31
2018-06-21,1.3706963639613768e-21,1.0,2.133021622003704e-22,1.3644917659363295e-27,1.1600571952753167e-35
2018-06-22,6.233338052202996e-23,1.0,5.6348481049076685e-24,2.6981271029804618e-21,1.4185561608479103e-36
2018-06-25,1.598375516475411e-19,1.0,5.804544419061038e-20,1.3383175290778407e-16,2.0976207107958085e-33
2018-06-26,8.1250450563083865e-25,0.9999999999999964,4.2043592703408614e-26,4.289830533594178e-15,2.3541851507999206e-39
2018-06-27,8.89153005557358e-22,0.9999999999995666,1.3491480658377906e-22,4.3466211306772246e-13,3.068851618486881e-36
2018-06-28,7.503639469702196e-20,0.9999999999999929,6.443472701950214e-21,7.852414969580283e-15,1.2820490335745823e-34
2018-06-29,1.0900359748380081e-21,0.9999999989237978,4.3582140915205386e-23,1.0762018442811704e-09,5.391307949625858e-37
2018-07-02,6.953817236439292e-18,0.9999999999994351,2.0302813498417712e-18,5.649424998016784e-13,6.966403534449696e-33
2018-07-03,5.334491846807038e-23,0.9999998763985373,7.476450796907022e-24,1.2360146374984122e-07,1.160272854652493e-37
2018-07-04,1.9553090714605325e-25,0.9999999999990372,6.637658988930902e-27,9.636280002035515e-13,1.149865387370861e-40
2018-07-05,1.1030581750117896e-18,1.0,2.1138177034301343e-19,1.5204157532068495e-15,4.4211701147408464e-33
2018-07-06,7.689322529156664e-18,1.0,3.7640267697659274e-18,9.613704822543768e-17,3.402414418480879e-30
2018-07-09,5.121008003322592e-19,1.0,1.757604460083577e-19,4.496507253078171e-21,5.53732706399505e-30
2018-07-10,3.977455433916381e-20,1.0,3.741495866683383e-19,4.858604572867093e-27,6.622393560360121e-28
2018-07-11,1.9562468844782555e-26,1.0,2.529840265427802e-27,7.226055237171902e-24,4.496885551174459e-36
2018-07-12,2.5049267257360765e-18,1.0,3.35863119136751e-21,7.073138853365612e-28,1.1064748576248344e-31
2018-07-13,2.9532442758680437e-24,1.0,1.277058891901509e-28,1.0434704434698239e-20,2.0198711430616376e-37
2018-07-16,2.1232360667250147e-20,1.0,1.8224899693018702e-24,3.9506319236576435e-23,2.1858784288654992e-34
2018-07-17,1.6448391337686655e-24,1.0,4.7207720482510196e-29,2.403878778717862e-16,4.3149492083483736e-37
2018-07-18,1.242591893769546e-19,0.9999999999999964,1.4628775366888947e-23,3.0649878497116174e-15,2.0049975227596487e-32
2018-07-19,7.945426546671316e-25,0.9999999999992149,1.722224326510128e-29,7.858469024396256e-13,1.858611280229647e-38
2018-07-20,3.180837976413415e-24,0.9999999991081303,2.2408970719362995e-29,8.918695659014863e-10,9.375946912867277e-38
2018-07-23,3.438784714729665e-26,0.9999999984004404,5.377157374235638e-32,1.5995598207944059e-09,3.9490888574082594e-38
2018-07-24,1.0786211523242799e-19,1.0,7.752031221899958e-25,7.858343060096238e-17,2.7803016697064804e-31
2018-07-25,7.497517920909744e-25,0.9999999970485725,1.7475146423561866e-30,2.9514289218940874e-09,9.436298128432977e-36
2018-07-26,1.425066813490079e-22,0.9999999901579848,7.997156736574571e-28,9.842014276260993e-09,1.7679868529090063e-33
2018-07-27,1.1975624796404972e-24,0.9999999999660041,9.265963990622469e-31,3.399442017948769e-11,3.0243701440739523e-34
2018-07-30,7.928486568767867e-21,0.9999999999977334,1.7715115856973316e-26,2.267396142305146e-12,2.575635491996612e-30
2018-07-31,4.091852046816546e-27,0.999999999997712,2.389436023913919e-33,2.2874104346379964e-12,1.8227199776453993e-34
2018-08-01,9.735956407733239e-22,0.9999999999992468,1.7517413402459674e-27,7.53251547466006e-13,5.724221771474436e-28
2018-08-02,3.196004048297547e-28,0.9999999999389146,3.3127305475037905e-35,6.108393881648267e-11,7.966683042088083e-34
2018-08-03,2.3166369736458668e-30,0.9999999987308961,2.9440115256630134e-38,1.2691027641430313e-09,1.1264080975409086e-34
2018-08-06,5.330201861910034e-27,1.0,1.0680207790653289e-34,1.159204678142366e-15,3.903557877418873e-32
2018-08-07,3.050334196987516e-31,0.9999999987413908,7.919147685665897e-41,1.2586093063057513e-09,5.793831053607832e-37
2018-08-08,4.410202045654763e-28,0.9999999999997016,1.430304536490084e-36,2.9747407330055024e-13,3.120739783020813e-33
2018-08-09,2.0178722533982955e-29,0.9999999998750333,1.2024039508545654e-37,1.2496641808429877e-10,6.910302622715323e-36
2018-08-10,1.13111070983743e-23,0.9999999999842935,6.279282534730966e-32,1.5707685794634934e-11,3.6067120426769547e-31
2018-08-13,1.783925397498401e-25,0.9999999999675033,3.3432526482145657e-34,3.2496450162284354e-11,6.18657397595524e-35
2018-08-14,1.854116607588269e-27,0.99999999998807,3.3104194169175893e-37,1.1929096316282656e-11,2.3984512630044763e-38
2018-08-15,1.9137844494028344e-25,1.0,1.0123055681636174e-33,3.981974318197412e-19,1.6005242886364758e-33
2018-08-16,7.011831032693713e-29,0.9999998233064402,8.849082140247298e-38,1.766935613256187e-07,6.533756250399111e-40
2018-08-17,3.7220379507805135e-27,0.9999999999848619,1.9202295359056328e-36,1.5137145789650086e-11,3.982027786676092e-39
2018-08-20,1.3564101756599086e-25,0.9999999989893844,1.6035662407275993e-34,1.0106169041663164e-09,1.8991263306072406e-38
2018-08-21,4.174288952614202e-28,0.9999999985249346,1.9570393599754924e-37,1.4750671628776608e-09,2.4209010850362373e-40
2018-08-22,1.4942778132781531e-26,0.9999999999990514,5.07651007668593e-36,9.499199881896902e-13,1.6860382934655206e-38
2018-08-23,1.535230724735735e-19,1.0,3.2567240101091597e-28,3.966725659501721e-17,1.8974926299371198e-32
2018-08-24,5.8487544196344705e-21,0.9999999999995381,2.1964144180276e-29,4.618721963455364e-13,3.979385809725597e-34
2018-08-27,2.6497165855528003e-19,0.999999999965766,9.947253304930477e-28,3.423387087886669e-11,3.821561703810001e-31
2018-08-28,1.286641925459215e-25,0.999999999999968,2.2867515854964428e-36,3.0821592755626724e-14,1.4204759416822728e-37
2018-08-29,1.9139217030588307e-20,0.9999999987386605,2.8182328686856988e-30,1.261339735147586e-09,5.584969017523235e-33
2018-08-30,4.707222371296361e-26,0.999999246090761,2.5407665907512676e-36,7.539092383389238e-07,2.4868644416242264e-38
2018-08-31,2.010935265355235e-26,0.999999999977117,3.0779378724061245e-36,2.2884124067006507e-11,1.9898759497972686e-39
2018-09-03,3.614803268612174e-20,1.0,6.946185319762357e-30,1.2051653309231145e-15,3.0040477403244377e-32
2018-09-04,3.6347564106009085e-29,0.999999999999968,1.223333136827611e-39,3.16845683145752e-14,2.2673680526729628e-42
2018-09-05,1.207073919071695e-23,1.0,5.55923305849994e-34,9.162363522551501e-18,7.56084426222094e-36
2018-09-06,2.3013890224698375e-19,0.9999999999583888,7.273721604093656e-32,4.161195711394925e-11,3.1956084829628765e-39
2018-09-07,1.155672467897117e-21,0.9999981718140822,3.837740796804499e-33,1.8281859184447565e-06,6.094163128786151e-42
2018-09-10,9.729168998315698e-22,0.9999999999493383,4.963289087564515e-33,5.0660433947203745e-11,6.430993224386277e-41
2018-09-11,3.856497133429099e-24,0.9999998932950745,1.4454119910953397e-35,1.0670492589221318e-07,4.535007071217827e-44
2018-09-12,2.3519281070968902e-27,0.9999867533012918,3.845101556774023e-40,1.3246698707870787e-05,2.10150126149914e-47
2018-09-13,3.907150107847993e-19,0.9999999999999787,1.5772608350313435e-31,2.0282060334481326e-14,4.1226968477949185e-40
2018-09-14,1.462912319105122e-26,0.9999999823105129,4.580687861960854e-40,1.7689486883801774e-08,5.769905917114491e-48
2018-09-17,1.1056975198771836e-25,0.9891437768414375,7.363230383471903e-39,0.010856223158562975,5.781274391057422e-47
2018-09-18,8.622911266607456e-24,1.0,1.0993946930989484e-44,1.1049793930899357e-62,1.5423025069881924e-50
2018-09-19,0.9991203883471054,0.0008796116488339101,4.060611800191784e-12,8.677023570982804e-60,1.7350158921474419e-19
2018-09-20,0.9999627142958419,3.728566805034606e-05,3.61064211854822e-11,1.2866676303835023e-62,2.0525551046743412e-19
2018-09-21,0.9991315933613372,0.0008684066097649868,2.8896542529305335e-11,2.4762406414155954e-54,2.74771187433581e-19
2018-09-24,0.9999434854575017,5.6514519516938815e-05,2.2982266488758784e-11,3.049951943276923e-64,6.133201144866357e-19
2018-09-25,0.9997087693781056,0.00029123058049220884,4.14038555313965e-11,1.2531604997974327e-59,2.0441976825658423e-18
2018-09-26,0.999985884570654,1.4113461170521637e-05,1.9681742176721496e-09,7.19460370727851e-70,5.159522439488143e-19
2018-09-27,0.9999991000744827,8.987035150290533e-07,1.222003702873592e-09,5.143451953817558e-76,4.955717406457669e-19
2018-09-28,1.0,5.693012227755056e-21,1.4123517701672525e-17,2.441809348044935e-157,7.059812069747818e-19
2018-10-01,0.9999999995856328,4.143655665424539e-10,1.2326935689092023e-17,3.057945599720379e-95,4.581318281425882e-20
2018-10-02,1.0,4.002678099858997e-17,2.296564566475534e-18,1.969333837088046e-140,2.4072910392285677e-20
2018-10-03,0.9999999999997229,2.784146754343937e-13,6.526854878353548e-18,5.94647455870697e-115,1.3589459740463188e-19
2018-10-04,0.999999999999936,2.4228155546425045e-17,6.544426044065795e-14,2.4674611012824085e-142,1.864532042769029e-17
2018-10-05,0.9999999999719478,2.4372713237602966e-11,2.919257482410532e-12,4.843110115977022e-95,7.590186381964924e-13
2018-10-08,0.9999999507181284,4.928073269356404e-08,2.8924697285903284e-13,1.3422520006735946e-75,8.493531706662987e-13
2018-10-09,0.9999993804189097,6.19578439872985e-07,8.093301325906778e-13,2.3425012499213987e-70,1.8400709642973645e-12
2018-10-10,0.9999999999990052,1.1830216408074344e-14,1.8752585176028187e-16,1.2067029025321948e-118,9.831403099437835e-13
2018-10-11,0.9999999482156219,5.16074143377836e-08,2.1614889066302884e-14,3.0769614037458167e-80,1.769404601686339e-10
2018-10-12,5.884392383347896e-60,1.0,1.7277865772928475e-87,2.677162663074761e-21,1.393661520302993e-77
2018-10-15,1.052687274222995e-38,1.0,1.8595230936299706e-58,4.1209224029554427e-16,8.214399688691994e-51
2018-10-16,3.0297139751651136e-35,1.0,1.6232373054578963e-54,1.0669482320609792e-15,8.607507116122727e-47
2018-10-17,8.398453192441108e-46,0.015916585192763264,9.82065963111728e-66,0.9840834148072352,8.991344580727334e-58
2018-10-18,1.7674370312338824e-49,0.00021628621371424427,1.1550753289973738e-69,0.9997837137862864,6.574379717912686e-62
2018-10-19,1.0546050129243949e-45,0.004231539769913864,7.934288130171994e-66,0.9957684602300875,9.134173105557616e-58
2018-10-22,1.1333398967002991e-50,0.008670074295269323,7.724483492922351e-72,0.9913299257047297,4.3664024945559124e-63
2018-10-23,2.7546468390683743e-45,0.004444400443975837,1.9502285790470348e-65,0.9955555995560241,8.82809592256307e-58
2018-10-24,1.5113975657729883e-42,0.006583384180157273,7.3870203887078955e-62,0.9934166158198435,1.725955920511342e-54
2018-10-25,7.441096643953416e-52,0.07324918437017144,1.0069987174459525e-72,0.9267508156298271,1.9073442660120923e-64
2018-10-26,4.0950644355109095e-52,5.302797793702212e-06,2.7864903277666245e-74,0.9999946972022062,4.0727540564641306e-67
2018-10-29,5.0230058897777694e-43,0.001044111771529684,1.9135400563999277e-64,0.9989558882284703,1.7533306157877578e-57
2018-10-30,4.0968629755009107e-48,0.0002701185252143722,5.06572339749298e-70,0.9997298814747856,3.3272993568550514e-62
2018-10-31,2.2806089787159965e-47,0.00020781928768495212,4.778280458637089e-69,0.9997921807123152,2.0026375125510998e-61
2018-11-01,9.898229714678743e-45,0.0011842066763886022,1.2120813691697373e-66,0.9988157933236111,3.7332266527186797e-59
2018-11-02,6.507475016984602e-47,0.0002608234348739626,3.070051190478827e-69,0.9997391765651255,6.8012035759250785e-62
2018-11-05,1.1234711022600383e-56,1.8646428719168884e-05,7.174097520274525e-81,0.9999813535712808,7.153969208292286e-73
2018-11-06,4.229641600912103e-46,0.00022821049447476337,1.7680096685228454e-69,0.9997717895055246,8.737541958566967e-63
2018-11-07,1.3780480467688977e-44,2.9431652593289376e-07,3.5274790848684013e-71,0.999999705683474,8.260259683781956e-65
2018-11-08,4.4312857282788405e-60,3.1073820738937527e-07,6.468253835800991e-90,0.9999996892617918,1.1095825154071454e-81
2018-11-09,1.7227673171864058e-57,4.142302263938558e-08,2.5587873085499616e-86,0.9999999585769777,1.0945926579803133e-78
2018-11-12,1.3716885165207345e-49,1.868009369201386e-07,4.329316662903388e-78,0.9999998131990623,3.767669733170717e-71
2018-11-13,2.0774961589894863e-48,8.32652994616651e-07,8.133584596889925e-77,0.9999991673470048,4.0801594259187167e-70
2018-11-14,5.1462654164905864e-51,2.1635493680220386e-06,1.7569585804713708e-79,0.9999978364506311,7.936076586292936e-73
2018-11-15,2.0787709029349993e-50,8.385363417116956e-08,1.3888507684435145e-78,0.9999999161463665,2.9176593350509234e-72
2018-11-16,1.833381611779904e-47,2.207879555980463e-07,3.8465433271772754e-76,0.9999997792120444,6.46655088229415e-70
2018-11-19,2.981938755206151e-51,2.7830399742231923e-08,1.0442303590389975e-80,0.9999999721696001,2.003876014388246e-74
2018-11-20,4.205907610020016e-54,6.467087954100826e-06,9.926970959926749e-85,0.9999935329120473,5.477232606569564e-78
2018-11-21,2.0206062180493647e-57,3.072262989372104e-08,4.016337845218406e-88,0.9999999692773707,1.263206255664821e-80
2018-11-22,2.3921699090133713e-51,3.1145114433344873e-07,3.094504174502484e-81,0.9999996885488566,1.786834870489056e-74
2018-11-23,1.434568291570482e-44,8.027405158822756e-07,2.3908441338463332e-73,0.9999991972594848,2.276974919398736e-67
2018-11-26,2.966958302978106e-50,7.17632547974783e-08,1.4173876757139227e-79,0.999999928236745,1.1751062872411758e-73
2018-11-27,3.5580477898571386e-53,2.121535583759262e-08,1.6226332952394466e-84,0.9999999787846436,2.450781231468282e-78
2018-11-28,2.2004332401120318e-45,1.4515539332901785e-07,9.432812697098901e-76,0.9999998548446064,7.190327295888119e-71
2018-11-29,4.728258631841222e-54,7.001990891926784e-09,2.4628294585415757e-85,0.999999992998009,8.258283733068123e-80
2018-11-30,2.3641983950240598e-51,5.591278403941786e-09,1.408392528958913e-82,0.9999999944087214,1.3895501035553598e-77
2018-12-03,4.640621695862142e-58,2.0474136866508034e-09,1.3206843047791556e-91,0.9999999979525871,1.911990490060459e-86
2018-12-04,2.2390243011246628e-48,5.291691164990248e-08,3.092870357588089e-81,0.9999999470830879,5.479452260066783e-77
2018-12-05,1.8888348346493174e-48,4.8416765431929114e-09,1.1127733910297585e-80,0.9999999951583227,5.75131450668915e-76
2018-12-06,3.809845949711114e-46,3.3351123389965295e-08,5.435266417513882e-78,0.999999966648876,1.2980994838042255e-73
2018-12-07,7.822927333599479e-54,2.106000896782758e-08,3.760764918861061e-87,0.9999999789399914,6.117552960908848e-82
2018-12-10,1.7488221952715226e-52,3.041805268046394e-09,2.770991148170841e-85,0.999999996958195,2.27962795998767e-80
2018-12-11,2.2935345872156277e-56,1.2116931115118782e-08,4.797892281462087e-88,0.9999999878830687,7.597666070070866e-84
2018-12-12,4.426395422992517e-45,1.1121249737967022e-06,3.969215571556693e-76,0.9999988878750268,1.0016506378232298e-73
2018-12-13,1.2414282329339043e-59,2.1103101983557492e-08,1.0380068999163537e-92,0.9999999788968987,1.856738299531744e-88
2018-12-14,4.651633844435223e-50,2.0849354498353837e-08,2.0167439350342495e-81,0.999999979150646,2.752880692225669e-78
2018-12-17,1.0654748033403427e-46,1.6617816224364927e-07,3.933293096761926e-77,0.9999998338218385,2.0930728961206456e-74
2018-12-18,4.072931577968537e-55,1.3050341071775982e-06,1.2113680478357311e-86,0.9999986949658932,1.452544060080488e-82
2018-12-19,6.731432918130813e-52,2.673679663343881e-07,6.681206066771185e-84,0.9999997326320342,2.6296838619475034e-79
2018-12-20,1.0490969016787958e-56,4.1074179844750645e-07,7.077581515927734e-90,0.9999995892582012,1.266366447652729e-85
2018-12-21,5.517540219655013e-48,0.00019109207989551245,2.1254539099717854e-71,0.999808907920104,3.749199878744405e-76
2018-12-24,3.423908355826756e-40,0.003927911005961157,4.687889246458689e-62,0.996072088994039,4.818657301101525e-68
2018-12-25,4.609958752585347e-49,0.0004976359789951196,7.709086765710109e-72,0.9995023640210053,9.672782576010987e-80
2018-12-26,1.1610018679955038e-40,0.0029785485053812804,1.3986114599986382e-62,0.9970214514946171,3.7207357955435426e-71
2018-12-27,5.973691955714116e-57,1.0166436055249351e-06,9.755511616098347e-91,0.9999989833563933,1.6608544118271896e-98
2018-12-28,1.0050461571568807e-47,2.618979585851692e-05,2.130300416399327e-79,0.9999738102041401,8.56208625764058e-93
2018-12-31,2.9810988422782817e-41,4.679195285445621e-05,2.1436583829676276e-71,0.9999532080471472,1.9066682173418578e-85
2019-01-01,3.3394413635522907e-41,1.0008593752186254e-05,2.3657315422851343e-72,0.999989991406249,3.883053757260803e-86
2019-01-02,8.17570764190393e-53,1.0431834920600564e-05,1.8410637791756735e-74,0.9999895681650791,4.666013494402923e-94
2019-01-03,1.3315638826008042e-46,3.5449108535983246e-05,2.6076833318186336e-67,0.9999645508914641,2.8536716726452795e-86
2019-01-04,2.4160933996682954e-44,5.829511305569598e-06,2.4551296538314792e-64,0.9999941704886942,8.876251639076944e-84
2019-01-07,4.2957601416950384e-45,2.1433096996717945e-05,2.1298943410425035e-65,0.9999785669030036,3.812005328789609e-84
2019-01-08,2.5313034428295817e-46,8.076477717235952e-05,3.1276333052489286e-67,0.9999192352228278,7.584774290308457e-86
2019-01-09,1.0978554370081377e-54,4.5860001623752136e-05,3.463697409188979e-77,0.9999541399983768,1.5395784236567495e-94
2019-01-10,1.0842685202300695e-55,3.161406871629143e-05,8.71357445168158e-78,0.999968385931284,1.4893006420337127e-94
2019-01-11,3.8144115252787604e-48,0.00027931985138796185,8.505428820573724e-70,0.999720680148612,2.6782573921791305e-87
2019-01-14,8.447056417791926e-31,0.9999999999999183,9.859041527168277e-54,8.186467740936134e-14,9.164225216184693e-70
2019-01-15,5.340991466810276e-26,0.9984019225200716,2.2794839037359594e-45,0.0015980774799277345,4.009989460893711e-62
2019-01-16,7.291646002870937e-23,0.9999999999999396,2.3047071633455303e-41,5.940428814199332e-14,6.740710614738485e-58
2019-01-17,1.6818164151881846e-21,1.0,3.3803347546658347e-39,2.7747621604774183e-22,2.706607883933996e-52
2019-01-18,3.3295027281630027e-20,1.0,1.2407092142094887e-38,1.2494182568667984e-19,1.1982600191051012e-52
2019-01-21,6.3072368655784335e-21,1.0,6.169002037253992e-41,2.661824481538996e-20,2.5802443240932353e-53
2019-01-22,9.437486876271926e-21,1.0,3.4348345815891005e-41,7.379764989450204e-22,4.671286615400227e-53
2019-01-23,1.7598644333490006e-25,0.9999999999999716,2.6280840918618355e-46,2.784602015577959e-14,2.47393185605209e-57
2019-01-24,1.186475192194533e-20,0.9999999999971365,1.1137741272041461e-39,2.8640996924322002e-12,2.294282628221041e-50
2019-01-25,4.546652351846342e-22,0.9999999996736797,2.123647774989542e-40,3.263185487487465e-10,8.868571889058556e-51
2019-01-28,3.2816097169188126e-25,0.9999999999987814,2.833652984736719e-45,1.2171920357331373e-12,5.968183469138352e-55
2019-01-29,9.327542566098505e-22,0.999999999996902,1.7653744531340612e-40,3.099553271196523e-12,1.6927412434670259e-50
2019-01-30,2.132819526927595e-21,0.9999999999901767,6.3863868427052046e-40,9.823317548850706e-12,5.9168173116304556e-49
2019-01-31,1.710803817416036e-20,0.9999999996526903,3.10073995923964e-38,3.473098578483873e-10,3.6096070659478646e-47
2019-02-01,9.653872010857735e-20,1.0,1.2716613835072742e-36,6.823943608056073e-16,1.6705462947057732e-45
2019-02-04,4.6887614119913903e-20,0.9999999999947349,9.74216566960672e-37,5.265549490636795e-12,1.9451701530535012e-45
2019-02-05,4.0581518283552927e-20,0.999999997734971,3.4711497973394076e-36,2.265028591044228e-09,4.19658631257396e-45
2019-02-06,5.164641122517707e-28,0.9795728044266692,1.194904987463142e-45,0.020427195573330757,6.228696129351995e-54
2019-02-07,2.054255499579141e-24,0.999999431556306,1.3893131077588282e-41,5.684436951425826e-07,3.500823206234038e-50
2019-02-08,4.1022298143998305e-26,0.9999999999081979,3.041933229327279e-43,9.180156869185284e-11,7.39189680689832e-51
2019-02-11,1.6428573213111872e-23,0.9998417618483826,1.4422894991660867e-40,0.00015823815161883687,7.345692387683112e-48
2019-02-12,7.194701992474533e-23,0.9999999961513559,1.3755064762507422e-39,3.8486451164392655e-09,9.635337456926262e-46
2019-02-13,1.5927647781175107e-19,0.9999999999989022,4.739902298434481e-36,1.0972221514113196e-12,5.909301740020319e-43
2019-02-14,1.0576847101704166e-26,0.999949486189135,3.448005213935242e-45,5.051381086608149e-05,8.765380256179891e-52
2019-02-15,2.726948695616674e-22,0.9999932944671711,1.374093759028398e-39,6.705532828666547e-06,6.579844516427688e-47
2019-02-18,7.285830044370044e-25,0.999999946118821,8.377882445293825e-43,5.388118051615545e-08,3.21771373912863e-49
2019-02-19,3.428684406977597e-24,0.9999875853959387,3.990102119702909e-42,1.2414604062958047e-05,1.9552936456983383e-49
2019-02-20,1.1951630005078016e-21,0.9994441058923361,2.1314142269938124e-39,0.0005558941076634296,8.64942528046516e-47
2019-02-21,1.2295580196427184e-29,0.5396824983518267,1.1064339037150193e-48,0.46031750164817276,2.074729871829364e-55
2019-02-22,5.244108789664507e-25,0.9968186545080037,1.5873545617069176e-43,0.0031813454919958333,3.97733666496384e-50
2019-02-25,1.8297276033874875e-23,0.9999976441186438,1.7059346601394145e-42,2.3558813556372407e-06,6.729632826859644e-49
2019-02-26,1.4517592128856822e-20,0.9999976674239894,4.7510521274288935e-39,2.3325760104592637e-06,4.512156936023532e-46
2019-02-27,8.647083830916388e-27,0.997413564104654,2.3234770851006154e-46,0.002586435895346989,1.9085792574521643e-52
2019-02-28,1.5392419270096497e-19,0.9999999999841371,5.193790253505332e-38,1.5861547904915937e-11,5.657635048365609e-44
2019-03-01,1.264393907177897e-16,0.9999999999999041,1.383094141669248e-34,9.73463861416092e-14,4.2605827161762666e-41
2019-03-04,1.0371719234832847e-17,0.9999999999998046,4.112962657354188e-35,1.9677587358190742e-13,5.2393514111127746e-42
2019-03-05,3.605211693237962e-24,0.9999999441544867,1.0558727116768063e-42,5.5845514006372745e-08,6.069851391677943e-49
2019-03-06,2.2180595894105556e-19,0.9999999999988134,1.4190677638769789e-36,1.186344542691584e-12,2.828806262200371e-43
2019-03-07,1.702854386439785e-26,0.9999999962898869,4.085428889298824e-45,3.7101114352844877e-09,6.793890518831837e-50
2019-03-08,3.2828782317545604e-18,1.0,2.4284059662792717e-36,7.639737385061548e-20,1.020230523873038e-40
2019-03-11,1.596280797194629e-20,0.9999999999999964,8.935778395227363e-39,2.7372602225810422e-15,3.853559273461571e-43
2019-03-12,6.54231676411503e-24,0.9999999999981561,3.3800479322945656e-43,1.8421789631004814e-12,2.0104626235239537e-47
2019-03-13,1.7653080162961604e-51,0.9996146971545425,6.062834464947537e-76,0.0003853028454574786,8.063884755744239e-78
2019-03-14,1.063306328686714e-39,0.9985368891482016,1.9790575071926598e-61,0.0014631108517997916,9.02753816233912e-64
2019-03-15,8.0774009708623e-40,0.07632191564987827,1.3178543523757888e-60,0.9236780843501216,4.5901380697778117e-63
2019-03-18,1.790055354786633e-46,0.004570506459230579,5.2638960970509875e-68,0.9954294935407685,3.242197254721481e-70
2019-03-19,6.6632326825363636e-49,5.55233620472287e-05,1.6195128703276807e-70,0.9999444766379524,6.254087233702996e-73
2019-03-20,1.2056289502992252e-43,0.002146903431587633,5.354934214155703e-65,0.9978530965684118,5.446259401802999e-67
2019-03-21,5.070795640141485e-43,0.0005842862524060083,3.750276313361299e-64,0.9994157137475947,2.8231959965903407e-66
2019-03-22,6.942660969173983e-44,0.0006782154942688652,5.6709256259861635e-65,0.9993217845057312,4.263100092095483e-67
2019-03-25,2.2064572878261937e-51,2.7829415610741298e-05,1.51190306094358e-73,0.9999721705843885,3.637388486453729e-75
2019-03-26,1.5760754459111137e-47,2.1556073938306092e-05,4.035988369671574e-69,0.9999784439260613,4.283371203165359e-71
2019-03-27,1.4150239246980026e-43,0.0001224875684146722,4.1725156817714415e-65,0.9998775124315857,3.650220716130574e-68
2019-03-28,1.4546812429123044e-55,0.00010036556108248789,1.0565571308023107e-79,0.9998996344389173,2.904944476782677e-81
2019-03-29,1.1830496293707365e-51,1.7580003294017173e-05,8.428863674367069e-75,0.9999824199967063,8.137115845794828e-76
2019-04-01,4.977942189432065e-56,6.930487621300013e-05,3.545351774181094e-80,0.9999306951237877,4.930329461014882e-81
2019-04-02,2.0974716474026157e-50,0.00010861201020591533,1.3802075612376682e-73,0.9998913879897937,3.500265323838778e-75
2019-04-03,8.608329012111906e-46,3.6827999192054995e-05,1.6658503463019988e-68,0.9999631720008081,1.9527595667863062e-70
2019-04-04,1.1504920314302373e-52,0.002807114801801195,3.2210042322294087e-77,0.9971928851982002,1.133144066927483e-77
2019-04-05,9.19573373634716e-48,0.0004552737654174885,3.845595852165822e-72,0.9995447262345819,1.0687318216644761e-72
2019-04-08,8.263557846999745e-57,0.00012168635113090427,5.875053199722101e-82,0.9998783136488694,2.2166372607410595e-82
2019-04-09,7.672706833705657e-45,0.010730994461957051,1.3046434086594586e-69,0.9892690055380414,4.039550495627261e-71
2019-04-10,1.2103217407572212e-43,0.0005685807187972937,1.5514550072847593e-67,0.9994314192812033,1.9205355013749988e-69
2019-04-11,4.099508944949236e-50,7.871498578351835e-06,1.6730646999088297e-74,0.9999921285014225,3.5926671564246343e-78
2019-04-12,2.6378860819998586e-47,6.44664454891683e-06,2.133273939469102e-71,0.9999935533554519,9.842295920894955e-76
2019-04-15,1.7222845717906432e-57,6.458210493376579e-06,2.3924989323505403e-82,0.9999935417895073,1.0566940319229553e-86
2019-04-16,1.643941951960881e-154,1.0,1.9858541020408414e-231,1.0838453527951615e-94,3.5017556477820355e-225
2019-04-17,0.999999998865853,1.134068839129176e-09,7.987887247735744e-14,1.6144572450005394e-82,2.8216343206205194e-26
2019-04-18,0.9997316982279683,0.0002683017692137623,2.816314888335449e-12,8.607063398355176e-55,3.4871214982188307e-25
2019-04-19,0.9999999390064344,6.099328385184554e-08,2.8277604380435807e-13,4.391372540662342e-81,9.11422533428424e-25
2019-04-22,0.9999150228859521,8.497711396775041e-05,7.88010011005634e-14,3.188024822192555e-60,1.1928295237580644e-26
2019-04-23,0.9999960580536144,3.941946255401087e-06,1.3139640718026105e-13,9.200039113466163e-67,9.130419496495062e-27
2019-04-24,1.0,7.861367408362242e-16,1.706622593202934e-16,2.730480394274059e-130,1.0387101179784776e-22
2019-04-25,0.9999999999999076,1.6302130719390105e-19,9.244168060888653e-14,1.73333575724551e-145,8.615589480410394e-23
2019-04-26,0.9999999999999716,1.0967934246986704e-14,1.5704590901609616e-14,1.2864309188159263e-118,6.85670343809217e-24
2019-04-29,0.9999999999932818,6.668294118301571e-12,4.967001793742526e-14,5.403041262151009e-100,3.1874745775996924e-24
2019-04-30,0.9999999999964508,3.129677521541329e-12,4.199856769499e-13,1.709766412015925e-102,5.052646748014238e-23
2019-05-01,0.9999999987180779,1.2681720327832631e-09,1.3751576775108864e-11,3.6356908323382633e-88,1.9300680244058708e-19
2019-05-02,0.9999999999660183,7.04239479700934e-13,3.327698209082015e-11,3.908849964232969e-103,2.339657249140226e-17
2019-05-03,0.9999999872073603,1.2774532222503169e-08,1.8106917529325666e-11,7.878929510257898e-79,3.112903428651303e-16
2019-05-06,0.9999999627022127,3.724218145645685e-08,5.5604244303225725e-11,2.710401156559967e-74,1.7622718205158885e-16
2019-05-07,0.9999999999575806,6.37394327136832e-13,4.1782458345205715e-11,8.712385906988928e-104,2.647733931673532e-16
2019-05-08,0.9999999997511573,1.7949590412716937e-10,6.934568630490826e-11,4.182227665203114e-88,1.3047825735318726e-16
2019-05-09,0.9999999991406519,8.448496055491722e-10,1.4179752739106672e-11,5.256307601940558e-88,3.191537389127651e-13
2019-05-10,0.9999999942269753,5.724189127580903e-09,4.789898198409362e-11,7.424161489707057e-85,9.360874491569384e-13
2019-05-13,0.9999995607135373,4.391546966525672e-07,1.2832920399020323e-10,6.96450597908842e-72,3.437016183107996e-12
2019-05-14,0.9999999914839002,8.472490825583603e-09,4.0497036757517934e-11,1.7207896229455214e-80,3.1116848600413994e-12
2019-05-15,0.9999999995978435,2.0093308755036305e-13,3.9634849035656207e-10,8.453684747002776e-107,5.605909339085665e-12
2019-05-16,0.9999999977725764,3.9563294560905246e-11,2.115723399874231e-09,2.599707984089405e-85,7.213635470132025e-11
2019-05-17,0.9999988163988901,1.182627769221456e-06,9.16213587015077e-10,4.528510679831507e-63,5.712825954098312e-11
2019-05-20,0.9999999981204866,7.53265599367866e-11,1.7888343425897602e-09,6.166420463201111e-86,1.5353821527664054e-11
2019-05-21,0.9999999785425049,2.052424406885833e-08,9.291874344446284e-10,1.0393322284223312e-76,4.062255908036501e-12
2019-05-22,0.999991957729711,4.275364579598529e-12,8.04136193949521e-06,8.43221936584578e-106,9.04074582792426e-10
2019-05-23,0.9996043175143643,1.2643611942797377e-13,0.000395682229526763,2.4460818736258855e-120,2.559815553785795e-10
2019-05-24,0.9313878700342167,3.820456310653256e-10,0.06861208532083177,2.793789590830973e-102,4.426290488778375e-08
2019-05-27,0.9994292246491896,1.299121010422675e-16,0.0005707437203065229,3.0088059131220396e-141,3.1630503374899956e-08
2019-05-28,0.9997993931915239,9.236061433532435e-11,0.00020060153875067923,1.5239913424053566e-108,5.177363018513714e-09
2019-05-29,0.9987216245008327,1.0597835344912582e-09,0.001278324873617929,4.915907305653516e-94,4.956576545174182e-08
2019-05-30,0.9012219083179681,1.576210453375747e-08,0.09877793350389205,6.0571470553562495e-83,1.4241603470650315e-07
2019-05-31,0.9994542854889567,6.83570927310662e-21,0.00016662016694711743,2.553880916708797e-170,0.00037909434409727385
2019-06-03,0.9999320270638873,2.4703380707090714e-16,5.9923218373752304e-05,1.2458204754604065e-149,8.049717739846744e-06
2019-06-04,0.9999736412763007,3.742751137180786e-12,2.0564976963777088e-05,3.2357813246436067e-121,5.7937429935622525e-06
2019-06-05,0.999969295014198,2.7836384108784897e-12,5.738613816627174e-06,7.874956328263433e-119,2.496636920087023e-05
2019-06-06,0.9997069992618716,1.6402592567026533e-13,7.657877194842464e-05,4.438126381852679e-128,0.00021642196601691607
2019-06-07,0.9955063071888046,1.3876667186662884e-06,0.0025132401631877263,1.330912416996268e-63,0.001979064981287737
2019-06-10,0.9731944610694236,2.339465829951905e-10,0.017147189808756524,7.209445000806234e-88,0.009658348887872039
2019-06-11,0.9837931452528789,0.00014893540469925663,0.004252745969111453,1.7517588249410892e-53,0.011805173373309361
2019-06-12,0.9876989188603896,4.912477999884579e-06,0.006684058350832468,6.283792784331345e-61,0.005612110310777857
2019-06-13,0.9880324304708342,5.176985923488762e-10,0.0005101812557665165,7.642956073572535e-84,0.011457387755702297
2019-06-14,0.9792081310352653,3.2263890342016947e-12,6.0200001057728855e-05,7.173769829042522e-99,0.020731668960449576
2019-06-17,0.861408482668441,2.332007032845203e-08,1.2696305820773668e-05,3.3896548837664388e-77,0.13857879770566878
2019-06-18,0.9182687515424465,1.0672270176090036e-07,1.699146204246852e-05,1.4894408326056053e-72,0.08171415027280969
2019-06-19,0.6127543017565927,8.594232132277803e-10,0.00013578535302788723,8.747104834907992e-93,0.38710991203095485
2019-06-20,0.5374997725765124,1.0951273580875276e-10,0.00021879461644191885,5.975544675963107e-98,0.4622814326975344
2019-06-21,0.2403322836984015,6.862337535797148e-09,0.00026192950293963443,4.25726394678247e-89,0.7594057799363211
2019-06-24,0.1559448075559216,6.362993337230913e-10,4.799827317091569e-05,3.325978765709883e-96,0.844007193534607
2019-06-25,0.45288424286687823,3.7650313828195375e-06,6.416972358680864e-05,1.0505099379534678e-72,0.5470478223781526
2019-06-26,0.10087760890986394,2.1006772495291548e-07,3.380526259626106e-05,1.56503702071338e-73,0.8990883757598138
2019-06-27,0.22592328743933526,4.929911554746891e-10,0.003930287160432951,7.133454244612562e-97,0.7701464249072417
2019-06-28,0.7319511911292301,2.653961830286115e-10,3.0201444207025036e-05,2.9092112513527423e-108,0.2680186071611678
2019-07-01,0.2508988611844255,9.215608925983073e-12,7.668754101763576e-06,1.2451388174856472e-118,0.7490934700522561
2019-07-02,0.5932511618123469,3.9475876022194645e-24,3.713824910101183e-05,2.248900428200647e-204,0.4067116999385534
2019-07-03,0.7957226154204166,4.3582348091885995e-15,0.00823270879006964,1.6291790865822992e-156,0.1960446757895101
2019-07-04,0.48820191658890705,1.0995242761680172e-13,0.1622942583061078,1.1245383964766422e-143,0.34950382510487465
2019-07-05,1.3658159268862189e-65,1.0,9.155063239282125e-82,9.986498488960106e-54,4.78152078643247e-74
2019-07-08,2.2235867062253215e-46,1.0,1.2952874064505198e-53,1.9806666262180475e-38,1.4402677745836721e-47
2019-07-09,4.569595879938085e-43,1.0,9.858620164529647e-50,3.1856076367783875e-19,4.188172604634187e-44
2019-07-10,4.294052312233436e-45,0.999999138759351,1.5702866663028105e-52,8.612406492421045e-07,4.406432821049411e-46
2019-07-11,1.1687357608327553e-37,0.9995665260026748,2.4751961941180934e-45,0.0004334739973237458,4.5805020324332465e-40
2019-07-12,8.391228163238608e-41,0.9916299250598074,2.939034571013323e-48,0.00837007494019374,6.209590137442687e-43
2019-07-15,2.9170235480626517e-40,0.999401315923503,3.1703220140841573e-47,0.0005986840764978107,3.313040579960038e-42
2019-07-16,1.4797054097354504e-43,0.9991431120947666,7.023821704416056e-51,0.000856887905234201,1.200146666324192e-45
2019-07-17,4.878681765668146e-41,0.991210876343422,3.2208200581965715e-47,0.008789123656579037,2.5185524358171043e-43
2019-07-18,2.867634953196852e-40,0.9537252409536804,1.2180265456232922e-47,0.046274759046320516,2.891082336221606e-42
2019-07-19,1.282623249417127e-51,0.803004228258025,1.5200561518172166e-61,0.1969957717419751,1.9720965753712943e-54
2019-07-22,8.607847054949827e-48,0.8877295686140106,3.760413717367533e-57,0.11227043138599042,4.275864763344574e-50
2019-07-23,3.8097971177787596e-51,0.8643827898564583,3.682936407516455e-61,0.13561721014354208,7.33652311180064e-54
2019-07-24,1.359565519929298e-44,0.9220799793070876,1.3837535361271437e-53,0.07792002069291262,3.8256591174688263e-47
2019-07-25,1.765059117493225e-39,0.5392710829513049,3.523124285452985e-48,0.46072891704869523,8.049580750340884e-42
2019-07-26,2.312691607339664e-44,0.1023291005234597,1.1942410016140635e-53,0.8976708994765418,3.7800949795695567e-47
2019-07-29,1.693078513188221e-44,0.8227313563187435,2.170137156869428e-54,0.1772686436812553,8.862455632566495e-48
2019-07-30,2.1197516667918552e-41,0.018229868720802525,1.6679174414919456e-52,0.9817701312791981,6.061008303954471e-46
2019-07-31,7.471805502390666e-55,0.0013139058660431892,9.742954084890323e-70,0.9986860941339564,2.667384967467357e-62
2019-08-01,3.884682309296566e-55,0.0010308867681111933,5.654332619677393e-71,0.9989691132318899,2.138757827109143e-64
2019-08-02,5.701538772608373e-45,0.007273883678044957,8.874521524645425e-60,0.9927261163219541,2.6546531984043714e-54
2019-08-05,1.1698752739859311e-42,0.0011695057733094403,1.6269130859920118e-56,0.998830494226691,2.9779357150820095e-51
2019-08-06,1.1180159823225575e-46,0.00020403545104908782,6.681901091913801e-61,0.9997959645489505,1.1311786762991691e-55
2019-08-07,3.19846923195352e-52,0.0032859577252596366,1.4407238355199264e-67,0.9967140422747394,1.1846661167232456e-60
2019-08-08,4.695810535702172e-42,0.05426918367899448,2.086207694966124e-56,0.9457308163210055,1.8692964214353536e-50
2019-08-09,8.004581200784201e-45,0.0008966851034209602,9.283243367837974e-59,0.9991033148965784,1.256667558715351e-52
2019-08-12,5.704614197128521e-45,0.006100378181963057,1.1563089121046527e-58,0.9938996218180367,1.4637208153740166e-52
2019-08-13,9.432242638243476e-53,0.0026089030425671513,9.665589134655673e-68,0.9973910969574333,4.9700708624176805e-61
2019-08-14,5.341950640855436e-48,0.0016252917347916985,1.0623900255842245e-63,0.9983747082652076,5.334120563295544e-57
2019-08-15,2.226634725755241e-43,0.0026164832067054,4.3963914261685325e-59,0.9973835167932943,1.3541079192497997e-52
2019-08-16,1.0632753095131933e-40,0.056874584875173606,1.3045175592317518e-56,0.9431254151248257,1.5732898144742636e-50
2019-08-19,9.326889226747164e-47,0.0019696266845309306,1.0138014309377718e-63,0.9980303733154698,1.3301581041860677e-57
2019-08-20,5.990297140353364e-47,0.0022839034334027996,5.270040092984541e-64,0.9977160965665974,1.588024883878524e-57
2019-08-21,1.031648656885203e-43,0.011797957986327694,7.328462475275044e-61,0.988202042013673,1.1824330550467412e-54
2019-08-22,8.448897023938093e-46,0.03732628601910205,5.662294803247015e-64,0.9626737139808984,5.387526789429718e-56
2019-08-23,4.152308277904179e-48,0.0012771118159633913,4.862911035847456e-68,0.9987228881840361,1.0006792448821784e-63
2019-08-26,5.574321495031228e-52,0.02726489418302911,3.452564965128276e-72,0.9727351058169719,1.7541898572528116e-67
2019-08-27,6.6472994492696254e-52,0.003805580815264673,6.840326203096629e-72,0.9961944191847338,3.246078657932268e-67
2019-08-28,4.426475947759271e-42,0.410200594694056,4.613793312908603e-61,0.5897994053059449,5.380769604884141e-57
2019-08-29,1.3128326527647128e-55,0.003334270819685198,2.4373571167693876e-76,0.996665729180314,1.5638349190704575e-71
2019-08-30,1.4111620107075933e-53,0.001554576441293479,5.5361370609822015e-74,0.998445423558705,3.263578862839537e-69
2019-09-02,2.285335647955816e-43,0.011999560943388698,1.3285234468260718e-63,0.9880004390566121,3.2298035407567505e-60
2019-09-03,2.245757189510171e-44,0.0006076840661430442,1.90282108698519e-63,0.9993923159338571,1.0673716042222331e-60
2019-09-04,5.105776501249988e-56,0.0013623829429444006,8.080879686076841e-78,0.9986376170570548,2.611791342426441e-74
2019-09-05,1.5642930242037884e-50,0.00038683846191037787,2.2473708313159155e-71,0.9996131615380897,8.608474874891021e-68
2019-09-06,1.5934180352818704e-44,0.00045696569057513596,2.0655115472277938e-63,0.9995430343094241,2.4844132973246973e-61
2019-09-09,5.382857176901455e-50,8.796314069756056e-05,1.5053553184516914e-69,0.9999120368593021,7.2109781534795445e-68
2019-09-10,3.67472005616583e-48,0.00031630280031244665,2.824124557720108e-67,0.9996836971996884,9.142206142446533e-66
2019-09-11,2.8863089934491075e-49,4.5764029796578905e-05,8.66182365400336e-68,0.9999542359702042,1.660277720808986e-67
2019-09-12,2.876072087084802e-52,0.00041055504868576983,5.771268449569015e-72,0.9995894449513142,8.839855304646204e-71
2019-09-13,5.434128639870628e-46,0.00021939233906659108,1.9854053267307723e-64,0.9997806076609335,2.7965604967400912e-64
2019-09-16,1.7471513570542422e-56,4.01934170948866e-05,9.259042808385899e-77,0.999959806582906,6.104537635443565e-76
2019-09-17,1.2105570621626102e-49,3.6048776504005055e-05,3.296800982679739e-69,0.9999639512234967,1.3741247916961825e-68
2019-09-18,1.349185647937621e-54,2.7530683936907687e-05,1.4433038495111494e-74,0.9999724693160623,7.209435403963227e-74
2019-09-19,9.255989572370249e-55,9.918897337203995e-05,1.2100212827905361e-78,0.999900811026628,3.624047791122663e-79
2019-09-20,2.4225582002362023e-55,1.8220345361447424e-07,6.423596775565493e-85,0.9999998177965465,1.4150437101744308e-87
2019-09-23,3.781609003340365e-46,4.081172180123935e-06,1.5231570194283115e-72,0.9999959188278198,4.547843005894485e-77
2019-09-24,6.4105869679395954e-52,0.0005804096680139967,8.449337576629492e-73,0.9994195903319871,4.212264073141314e-94
2019-09-25,1.2932602302383436e-49,0.00024477875206223895,6.020029760469673e-70,0.9997552212479373,1.100746410286282e-93
2019-09-26,7.025792312084999e-53,0.00018782533723163462,1.9835014492381305e-74,0.9998121746627688,5.15990842385606e-98
2019-09-27,2.324488259492756e-42,0.0488551706344105,1.3747725357668667e-63,0.9511448293655903,1.395279498235933e-87
2019-09-30,2.1557032674511585e-47,0.00069120446415443,8.004670943231683e-69,0.9993087955358454,1.4761786911652046e-92
2019-10-01,2.5318666569369163e-40,0.003276047780219124,3.060748869303816e-61,0.9967239522197804,3.725109165549673e-85
2019-10-02,2.9216881611880245e-44,0.0008552032580485468,1.2400431407929572e-65,0.9991447967419523,5.547073932486788e-88
2019-10-03,4.517229635389502e-47,0.00010329200021352055,1.0531572643500312e-68,0.9998967079997867,6.469943028484515e-91
2019-10-04,2.1542385504541993e-46,2.1447602079952053e-05,1.3629161021813736e-67,0.9999785523979203,6.878756291102786e-90
2019-10-07,3.195424307071571e-29,0.9999999981922478,9.578210418090855e-52,1.8077510262425663e-09,3.815509002719345e-73
2019-10-08,2.4108345460170397e-16,1.0,9.384834115804288e-40,1.5036435680019306e-15,4.509263848644845e-58
2019-10-09,9.711281410129402e-15,0.9999999999999893,3.582883618750958e-35,2.4070580198691197e-17,1.702812935321383e-52
2019-10-10,4.134452535498223e-23,0.9999999999752696,1.3261193952431866e-44,2.4729631983732862e-11,1.1364558724400757e-61
2019-10-11,4.377170508305861e-16,1.0,1.3732809169046908e-37,7.56447115624319e-21,5.0631273994845545e-56
2019-10-14,2.9292551390715346e-21,1.0,1.4972710545651607e-42,3.4637231104792335e-18,3.812718170118817e-60
2019-10-15,1.636561939732316e-18,0.9999999999999147,2.051974364844311e-38,8.685993348601068e-14,6.656875964643024e-55
2019-10-16,2.729248721077664e-43,0.9944982145439102,1.1523348202839184e-66,0.00550178545608957,3.73297986107752e-80
2019-10-17,3.6790654781789574e-36,0.9865201916282732,1.091084576636855e-57,0.0134798083717271,1.2437833902709044e-71
2019-10-18,1.417639326545145e-49,0.0024618103115554195,8.310342959729978e-72,0.9975381896884441,1.4639020013033475e-84
2019-10-21,2.7865198172261875e-44,0.0010123640143052933,2.579061961057361e-65,0.9989876359856947,1.78600668075605e-78
2019-10-22,1.7397469789936077e-43,0.0009800340570611504,1.0470303692888092e-62,0.9990199659429385,3.0440328451596685e-76
2019-10-23,6.460027512533309e-54,1.2724627452357041e-05,8.97303372236195e-75,0.9999872753725474,3.033672759832285e-87
2019-10-24,2.9646361092464636e-46,0.00020503281396197224,4.104462585427302e-66,0.9997949671860389,3.152063840637488e-79
2019-10-25,7.395727533297148e-46,5.330241845629421e-05,1.2348108640874235e-65,0.9999466975815431,8.866522805323571e-79
2019-10-28,1.5631155658972209e-43,0.0002812651589149104,4.300063878973991e-63,0.9997187348410852,2.3347359857432537e-76
2019-10-29,2.6125971024813345e-41,7.257130553237796e-05,7.935225956734974e-61,0.9999274286944684,3.646061809271861e-74
2019-10-30,2.8321752725370044e-58,5.7657565388459385e-05,1.7674945854323504e-80,0.9999423424346111,2.326937184071859e-93
2019-10-31,1.3757948719101115e-54,1.4405285523100414e-06,1.9688548257973262e-75,0.9999985594714477,7.727350705445579e-89
2019-11-01,1.3436334297537702e-55,1.0728609662686435e-06,1.58426029902914e-76,0.9999989271390337,1.5036801545985885e-89
2019-11-04,6.899967851481132e-49,0.3436293749464479,1.3606940548447037e-69,0.6563706250535513,1.8555992140019573e-80
2019-11-05,1.372488701435069e-46,0.007448053828763149,1.8185805920030123e-67,0.9925519461712373,3.164102847222847e-79
2019-11-06,7.278139560101234e-40,0.03979479654876573,3.7256330924154977e-60,0.9602052034512337,1.0071103050366581e-72
2019-11-07,3.8205849514022125e-47,0.005706280205209996,4.030855837209655e-68,0.9942937197947906,9.476465243175585e-80
2019-11-08,9.260255935615097e-45,0.0007091479755247075,5.679082544655018e-66,0.9992908520244757,1.3195817271435323e-77
2019-11-11,1.5320029869865792e-52,1.6110688674351792e-06,1.6285624410710809e-74,0.9999983889311325,3.7462119953127625e-86
2019-11-12,7.817450715851367e-53,4.200086678829413e-06,1.7722769558699056e-75,0.9999957999133205,1.2483508961022604e-86
2019-11-13,4.760661775989322e-45,0.00010299625440219082,6.269704656437347e-67,0.9998970037455981,1.0470133124171727e-78
2019-11-14,5.498822903673015e-48,4.6358088279994486e-06,1.8368152216509057e-69,0.9999953641911719,1.733656761909064e-81
2019-11-15,9.197940595940398e-53,3.0370146262015415e-06,1.3892784912945532e-74,0.9999969629853739,2.639624529862275e-86
2019-11-18,1.6041950081688851e-44,3.9326454595540515e-05,5.523087109407281e-66,0.9999606735454044,4.3524574945568235e-78
2019-11-19,2.304642469947518e-51,1.8279273173807032e-06,1.1215167335970208e-73,0.9999981720726829,1.7330736739825067e-85
2019-11-20,5.475743814383946e-56,8.695045284402638e-07,1.8666065161209084e-79,0.9999991304954717,5.031871218898147e-91
2019-11-21,3.7958080935247206e-51,1.965793022730296e-06,8.447825445134816e-74,0.9999980342069769,6.466716307316529e-86
2019-11-22,1.908030242420503e-46,9.374016427893883e-05,3.154211854545795e-69,0.9999062598357215,1.0396005557743988e-80
2019-11-25,5.693456013193519e-53,2.29152678950461e-06,1.417720715667993e-76,0.9999977084732113,1.1745777207754343e-87
2019-11-26,4.911182045773466e-46,7.055983082273487e-06,1.213887558651995e-68,0.9999929440169183,1.9976570255778748e-80
2019-11-27,4.338478731626265e-50,3.803475995784781e-06,7.21688666799265e-73,0.9999961965240035,1.8393968765847752e-84
2019-11-28,2.4585109311200166e-50,5.420023934147235e-06,6.680359362179262e-73,0.999994579976066,2.7985139355200137e-84
2019-11-29,2.283114347159135e-44,4.484502038499921e-05,5.194562464826936e-67,0.9999551549796156,5.607041909081875e-78
2019-12-02,5.120774462042059e-50,2.9148276980310754e-05,1.5900660269769287e-74,0.9999708517230204,2.5184808229373266e-84
2019-12-03,6.667347729184879e-51,9.310503558574705e-06,2.568982684181157e-75,0.9999906894964407,4.022628753240669e-85
2019-12-04,9.325031987268911e-55,6.10165278129681e-05,7.856765216866422e-80,0.9999389834721868,1.941074833588032e-89
2019-12-05,2.3621278593475367e-51,1.3131818826345658e-05,1.7315816586677495e-75,0.9999868681811734,8.743791159684115e-86
2019-12-06,1.3529438581168748e-51,1.8827587715836915e-06,1.4670199546217436e-75,0.9999981172412284,6.22743091239626e-86
2019-12-09,3.676471313682061e-55,1.8183321627441998e-06,2.8279395984864057e-79,0.9999981816678372,7.802911564604132e-90
2019-12-10,9.350379751888151e-49,9.46311512795676e-06,6.804802597134848e-72,0.9999905368848718,1.4256048133973237e-83
2019-12-11,7.659039978351371e-57,5.706019790042639e-07,3.227564545839379e-81,0.9999994293980212,6.318416302399539e-92
2019-12-12,1.2157040076147743e-55,1.565892265826323e-07,1.341796700544572e-79,0.9999998434107737,1.366335263138635e-90
2019-12-13,2.3186609297902537e-50,6.411848003223244e-07,9.783300577489925e-74,0.9999993588152,3.178287986813548e-85
2019-12-16,1.7246824355902155e-54,6.099227695863881e-07,1.9831293347936762e-78,0.9999993900772303,1.4011204994350874e-89
2019-12-17,6.99936194537163e-49,1.2324830835016154e-06,3.951293062663797e-72,0.9999987675169165,9.422315545164712e-84
2019-12-18,8.108975323190739e-48,8.202149428673249e-07,9.565616913230454e-71,0.9999991797850576,6.874367786650066e-83
2019-12-19,2.4728225717167508e-54,4.5471230454879505e-07,2.2933186273802878e-78,0.9999995452876952,1.503053097142701e-89
2019-12-20,6.73611479099215e-58,1.7229034256722087e-07,2.929004993128285e-82,0.9999998277096578,2.309634709085934e-93
2019-12-23,3.5367977008996893e-51,1.8995129620907507e-06,4.2223575696437524e-75,0.9999981004870382,4.250796503017809e-86
2019-12-24,5.018100317323504e-56,1.8015098662184203e-05,1.5522140805745129e-80,0.9999819849013375,4.894641039388318e-91
2019-12-25,3.929347506756364e-51,1.1123210871496625e-06,3.1847791573308118e-74,0.9999988876789128,1.2055636646737076e-85
2019-12-26,1.5292468056221512e-47,1.0420516950132166e-06,5.680255727893554e-70,0.9999989579483046,8.321708953103521e-82
2019-12-27,9.630340420380348e-49,1.0229875619852684e-06,1.7685200831611296e-71,0.9999989770124379,2.7379981861289506e-83
2019-12-30,4.470007626484033e-51,2.267606851024325e-06,1.7181065581489397e-73,0.999997732393149,3.7702865314623754e-85
2019-12-31,7.929215105586735e-44,1.4887413299899274e-05,6.583572515003851e-64,0.9999851125867002,1.6136036863633007e-80
2020-01-01,2.3906385623898947e-58,3.1714556595764947e-06,7.630324919915563e-82,0.9999968285443404,1.401398889351697e-96
2020-01-02,1.435473476282467e-45,7.627884968569427e-05,1.827940236374198e-67,0.9999237211503136,3.12507885986323e-83
2020-01-03,3.2673391042474566e-45,9.803237459147893e-06,6.434558205866813e-66,0.9999901967625406,4.178854192309348e-83
2020-01-06,1.2272029209963891e-50,3.484315052071255e-05,2.0973631089847077e-73,0.9999651568494792,5.778541700611737e-89
2020-01-07,6.460113273907298e-55,1.3529483970677645e-05,4.115365274750077e-77,0.9999864705160287,1.0169611321018035e-95
2020-01-08,3.9255003908474256e-55,4.3841001815095765e-06,2.0771640610300837e-77,0.9999956158998186,6.467261169103224e-96
2020-01-09,2.933347880909568e-42,0.022384198882084178,5.665369131769062e-63,0.9776158011179151,4.0074926617959105e-82
2020-01-10,1.0089608989844827e-53,0.00023172244239041343,1.5501147897273866e-75,0.9997682775576099,4.024698758834421e-93
2020-01-13,8.538074291633217e-44,0.0012196998779154904,1.8356140280861984e-64,0.9987803001220843,7.49256635404906e-83
2020-01-14,1.0456301690259751e-47,0.0006633100755771199,2.323992245476954e-69,0.999336689924423,3.1281864689040995e-87
2020-01-15,2.0993171150793252e-47,0.0012382743174685668,3.8572179398405757e-69,0.998761725682532,7.244715450402262e-87
2020-01-16,1.5496720510516556e-44,0.005770730230421381,1.0782389204118654e-65,0.9942292697695783,1.183539284578266e-82
2020-01-17,1.78916110248254e-54,1.3697859324424902e-05,2.384539822385026e-76,0.999986302140675,5.41500995015116e-93
2020-01-20,1.362328351876484e-50,1.981199092054153e-05,8.273323892318004e-72,0.9999801880090786,4.191606723695923e-89
2020-01-21,2.934655560642083e-43,0.00014170678683388994,2.0452964699667673e-63,0.9998582932131663,1.0029499216185396e-81
2020-01-22,1.103820430504789e-52,0.0011653618182154793,6.882070846015574e-74,0.9988346381817854,1.2222469428365524e-91
2020-01-23,2.481698802903198e-44,0.00018528757522149263,3.999237671143969e-64,0.9998147124247793,3.976800896404792e-83
2020-01-24,2.0336876792388234e-41,0.00015374342769840466,2.2285986463209427e-60,0.9998462565723023,1.6579092575881693e-79
2020-01-27,8.668210545338876e-59,2.629119226820769e-05,4.641583101257609e-82,0.9999737088077322,9.398959175777077e-101
2020-01-28,1.118310167145613e-49,2.3051064927369108e-05,2.9811057301642035e-71,0.999976948935072,8.708036888757556e-91
2020-01-29,1.4919996728920729e-55,3.0742476012762042e-06,6.664730150226927e-78,0.999996925752399,2.5303915049679755e-96
2020-01-30,1.9195447649303524e-48,1.219180871972735e-05,1.9514460627597968e-70,0.9999878081912797,2.37933511127519e-89
2020-01-31,4.4412458994613746e-108,1.0,4.360471998587235e-170,3.6604676876261645e-84,4.5049408962581645e-180
2020-02-03,0.9999989854742347,1.0145257655962281e-06,2.2334966115556147e-21,4.5621415310672935e-64,3.9372523102772476e-39
2020-02-04,0.9999998417328283,1.5826717218905358e-07,4.825810593293549e-22,4.85272152043581e-67,4.4841494662265395e-40
2020-02-05,0.9999999138100685,8.61899314810429e-08,7.699158699632258e-23,1.3106355897625913e-66,1.5616502883499748e-40
2020-02-06,0.9999966272473165,3.3727526819435976e-06,3.162350287198884e-23,2.013287683232184e-57,1.0208050379259053e-40
2020-02-07,0.9999998672210441,1.3277895583882848e-07,1.9622540332103503e-26,1.215527923089613e-61,4.638175328327261e-41
2020-02-10,0.9999999993230837,6.769177814626485e-10,6.299396273196372e-18,1.834306572023336e-89,2.9772246712502234e-34
2020-02-11,0.9999999999991047,8.938469419133657e-13,7.678284505018447e-18,1.919985017221292e-108,1.1565990665506011e-33
2020-02-12,0.9999999971918356,2.808163964660069e-09,6.717142104453423e-19,1.4464700026112617e-77,1.7398473226907106e-37
2020-02-13,0.999999950630753,4.936924470166355e-08,5.486819456456132e-18,1.0146037286507991e-78,1.691176174019239e-33
2020-02-14,0.9999999932661225,6.733876961656232e-09,5.1890588000288615e-18,6.443594901845087e-84,6.156165715319438e-34
2020-02-17,0.9999999946966867,5.30331150934621e-09,6.447830776821183e-17,1.8519260458109122e-78,5.110161447808747e-34
2020-02-18,0.999999974162549,2.583743449815467e-08,1.8258269332994885e-14,2.8755166317489156e-73,2.603160426410283e-29
2020-02-19,0.9999999996199378,3.800446067510754e-10,1.7462104758686845e-14,1.2008131569164876e-91,4.102238360916235e-29
2020-02-20,0.9999986497800271,1.3502198647518814e-06,1.0808311119697211e-13,2.020592393383245e-69,2.7434308632351175e-28
2020-02-21,0.999991993808689,8.006191211737495e-06,1.0105091779129322e-13,3.211862065876423e-64,4.552737059939344e-28
2020-02-24,0.9999999980303258,1.9595741957317296e-09,1.0100089163166309e-11,3.265228734955515e-104,1.493327642409569e-20
2020-02-25,0.9999999997883009,7.532392334164431e-11,1.3637251907990224e-10,1.4081731680004648e-115,8.023845622854006e-20
2020-02-26,0.9999999164030305,8.349252824274162e-08,1.0444330183459177e-10,1.7230493963277517e-100,1.3771520567136193e-19
2020-02-27,0.9999999021087808,9.787728644294564e-08,1.3932933565360816e-11,6.782500830656935e-95,1.2904704587307247e-21
2020-02-28,0.9999999996704148,3.24523666717918e-10,5.060712936534446e-12,2.1501570565066094e-104,1.9207505176565037e-22
2020-03-02,0.9999999987913881,1.9157862181143735e-10,1.0170328220886829e-09,1.4251529896960468e-93,2.39735236692772e-18
2020-03-03,0.9999998135024551,1.6548349222977862e-08,1.6994919318261752e-07,2.5372103178184166e-81,1.0866821291360263e-15
2020-03-04,0.9999990002979354,3.043174907538718e-12,9.99698982756474e-07,2.873309488197106e-105,3.760684853510279e-14
2020-03-05,0.999999895278398,4.165220415397055e-08,6.306937429886582e-08,1.6021088702058413e-83,2.2902985506084656e-14
2020-03-06,0.9999999824960427,2.14962275020729e-13,1.7503738339136916e-08,4.2623931787628864e-114,4.5924526864714214e-15
2020-03-09,0.9999997428792231,2.814909337258695e-08,2.2897162520398712e-07,4.1538837246894744e-75,5.919274865512492e-14
2020-03-10,0.9999982150117624,1.0096235208469417e-11,1.7849769428213914e-06,2.9778080311315956e-97,1.1983732538929094e-12
2020-03-11,0.9999992043238638,6.127935586687088e-08,7.343942967957378e-07,4.654006615587572e-75,2.4835674596277117e-12
2020-03-12,0.9985093710360642,0.0014883377964854453,2.2911629276206868e-06,2.4323326292086176e-51,4.521437808648375e-12
2020-03-13,0.9999960954976095,3.6598248332194085e-06,2.445326473556692e-07,1.4294943109959362e-65,1.4490854236002518e-10
2020-03-16,0.99997578278315,2.3801293257088458e-05,4.1568061061045656e-07,2.39132534809232e-59,2.429835827788663e-10
2020-03-17,0.9999998353789643,9.913852373741196e-10,1.6260520345835305e-07,6.980567901460297e-86,1.0244469836640469e-09
2020-03-18,0.999994638010738,2.612667163739544e-16,5.3613655909086e-06,5.951526966812862e-128,6.236706628123526e-10
2020-03-19,0.9999968454697967,9.081566564176691e-09,3.1440636859401566e-06,9.12600605656563e-85,1.3849493856978337e-09
2020-03-20,0.9999996440073419,1.771010865166434e-11,3.5233485778780917e-07,2.7739234556989855e-101,3.6400916621298647e-09
2020-03-23,0.9999877817229729,2.9172425536252343e-07,1.1924099269737734e-05,9.79178438721642e-79,2.453501159758905e-09
2020-03-24,0.9999770956447568,9.081181901320596e-07,2.199224490624141e-05,2.951953913706897e-78,3.992147373254165e-09
2020-03-25,2.772186693865494e-30,1.0,6.102411706249541e-42,6.523910710493006e-18,1.563612237647457e-41
2020-03-26,5.882018933870994e-20,1.0,1.1445135386350971e-28,2.1868579100430316e-22,2.437619288185343e-27
2020-03-27,1.5306496926417597e-16,1.0,1.5167053710268875e-24,2.1581400741681557e-16,4.696326098142485e-24
2020-03-30,1.8787054411550133e-16,1.0,2.600298107768148e-25,1.2204198216378892e-20,5.235254962471678e-25
2020-03-31,9.164244335357244e-21,0.9999999999876472,2.0374362902079075e-30,1.2353741763814371e-11,1.2706835233232288e-28
2020-04-01,3.420517702257375e-24,0.9999999996672102,3.857349545905777e-34,3.3279143569550124e-10,1.4369888913786708e-32
2020-04-02,8.474682632633848e-20,0.9999999999859952,1.0017900170806023e-29,1.400546279525528e-11,1.1055301175439092e-27
2020-04-03,1.75497790205535e-20,0.9999999934585286,2.4833009564771723e-30,6.541471708689166e-09,2.0977826714799985e-28
2020-04-06,5.627512706233301e-19,1.0,6.802184181815286e-29,3.4454839223641543e-16,1.916679865403108e-25
2020-04-07,1.867799787001217e-19,0.9999999999642508,3.374044696150754e-29,3.574927104445378e-11,6.364359726637139e-26
2020-04-08,1.1435974517178382e-17,1.0,1.8010484719280833e-27,2.341437572581121e-17,1.9962225334770297e-23
2020-04-09,6.152145228367155e-17,1.0,3.121552773707512e-26,1.0166544829868851e-17,4.152598063944138e-23
2020-04-10,7.452371439790976e-20,1.0,2.226870696320074e-30,7.667263005086007e-17,1.1795745729916407e-26
2020-04-13,5.713494582173772e-18,0.9999999999451052,5.667635505381239e-28,5.4894558056676346e-11,5.18849731539193e-25
2020-04-14,1.0811945042866396e-17,0.9999999999990514,6.981092821148142e-28,9.472604130667568e-13,8.70793544322577e-25
2020-04-15,2.529362602143018e-27,1.0,1.2935064134017392e-38,1.8879456725442095e-17,2.308690972294769e-35
2020-04-16,4.7894086540688824e-20,1.0,1.5813082874104972e-30,1.9976088103617212e-20,2.7115166428356645e-27
2020-04-17,1.258650795305912e-24,0.9999999999999325,2.9936837072664745e-35,6.868327492131474e-14,1.6669388869166336e-32
2020-04-20,1.684414381847865e-23,0.9999999999992433,7.392823787512601e-34,7.566065896729614e-13,2.355856822413226e-31
2020-04-21,1.970413242098339e-22,1.0,3.082143242450237e-33,8.523821151346805e-20,1.1218362620315172e-29
2020-04-22,1.3799406996239542e-21,0.9999999997457998,1.1866286838348474e-31,2.541999229567727e-10,4.1404809266749106e-29
2020-04-23,1.976149328703604e-27,0.9999983555399069,1.0150948471506825e-38,1.644460093931582e-06,7.73775577875788e-36
2020-04-24,2.862497952074136e-24,0.9999996473730288,8.625436704985993e-35,3.526269718245001e-07,3.0738207711224098e-33
2020-04-27,9.500471156489451e-26,0.9999999874902025,2.626288866849482e-36,1.2509795839617081e-08,2.1898379766036715e-35
2020-04-28,1.5979508816793003e-19,1.0,9.66997277228335e-30,6.442362844135667e-17,1.9140004829385083e-27
2020-04-29,4.739657339377359e-17,1.0,6.0530816734809634e-27,3.3634306483629465e-16,5.274123978668105e-24
2020-04-30,2.6105177223785146e-16,0.9999999999999378,3.5252159925004094e-26,6.23886666825076e-14,1.3516117927907807e-23
2020-05-01,5.824111068303484e-22,0.9999999999990976,9.710703888843283e-33,9.029207136403976e-13,4.585963955560682e-30
2020-05-04,2.799519177892054e-22,0.9999999999999964,9.974232615028325e-34,4.365896443719173e-15,1.674802575940147e-31
2020-05-05,2.0546566217021979e-16,1.0,2.1460717926944902e-28,3.118680663095622e-17,1.9320216718540797e-28
2020-05-06,1.9129574418192778e-25,0.9999999741414175,6.657880380741897e-39,2.5858582863839222e-08,2.1491994421972382e-38
2020-05-07,2.3588146365077897e-17,0.9999999999946709,8.118043057308894e-30,5.327319298043557e-12,6.128366462640211e-31
2020-05-08,2.982960146538097e-18,0.9999999970922566,2.0250457556085927e-30,2.907744619679238e-09,1.1094559624948025e-31
2020-05-11,3.400924896498552e-21,0.9999598907485058,3.18247944660962e-34,4.0109251494628506e-05,2.872330282382752e-34
2020-05-12,8.490258012373924e-25,0.9999999975998115,2.94899287718013e-39,2.4001895400054207e-09,2.146860126131997e-38
2020-05-13,3.554201941518951e-27,0.9994426667566811,3.004817132086663e-42,0.0005573332433191246,4.623476878389249e-41
2020-05-14,5.87878803980808e-21,0.9999999999737845,1.2320942565134205e-35,2.621475976592459e-11,9.320708444723198e-35
2020-05-15,1.1294728958050899e-21,1.0,6.125229094915845e-36,2.5967630393759e-16,1.609721537038642e-34
2020-05-18,1.8501483504720907e-18,1.0,1.4109359791650835e-31,3.413352914820976e-18,2.2590145286438372e-32
2020-05-19,4.8959840910688767e-20,1.0,4.834288240922079e-34,1.3254051111539216e-16,6.547474202570107e-35
2020-05-20,8.681531510506381e-23,1.0,1.1143830086854677e-36,4.68614588188893e-18,3.2330718594620658e-37
2020-05-21,3.8426489467133246e-25,0.9999999999999609,2.0788440039407088e-39,4.00177754960398e-14,1.9912660520627792e-39
2020-05-22,1.1304483192671668e-22,1.0,1.5418013780749373e-35,9.845598362097255e-24,9.137391172752062e-34
2020-05-25,1.4444805792448309e-27,1.0,1.3451234633673695e-41,3.471394905410106e-19,6.773672658422864e-41
2020-05-26,2.9445640218102484e-23,1.0,8.645972050515049e-38,7.222028205576429e-17,6.242619822080945e-37
2020-05-27,2.422082317520847e-22,1.0,5.030118839018788e-37,1.2265659497796595e-18,2.9321080645914365e-36
2020-05-28,7.416306916100488e-20,1.0,1.7256738169665215e-34,1.3337633823786398e-19,1.261073435535296e-34
2020-05-29,4.673572130947243e-24,0.9999999999998472,3.77595194034459e-40,1.5362976699279483e-13,1.6752082509445422e-40
2020-06-01,4.1825289315536983e-26,0.9999999999648743,1.1688894628319464e-41,3.512646472763386e-11,1.6291972677323158e-41
2020-06-02,8.194885445626814e-20,1.0,2.6476296514212293e-34,2.4426793637779875e-18,1.0107797252793537e-35
2020-06-03,4.367000140961649e-21,1.0,1.1656220119056683e-35,1.550497365843765e-15,1.010472460190964e-36
2020-06-04,1.143481347854414e-19,1.0,2.4903689208572306e-39,1.6738932195800006e-81,1.1294955114048319e-38
2020-06-05,0.9999971754828422,2.824484431520681e-06,2.995628669654382e-11,4.800901170997061e-81,2.7709421748330217e-12
2020-06-08,0.9999976786909185,2.3206994233156525e-06,3.054050457520483e-10,1.4603168981718013e-94,3.042557904776603e-10
2020-06-09,0.999998975124057,5.617085215519852e-07,1.7247442965638807e-10,4.464174477218048e-105,4.6299494884085447e-07
2020-06-10,1.368022894766945e-71,1.0,1.4335543603237245e-97,2.7920019335863632e-40,4.0159476748931743e-88
2020-06-11,4.362031542091276e-43,1.0,6.2013652326130345e-58,1.5803486811491086e-22,1.8070173999136794e-50
2020-06-12,5.509290440925478e-53,1.0,1.639431340491122e-70,2.4186515461199852e-20,1.2760377180600935e-62
2020-06-15,3.2753840741511154e-45,0.9999999999965112,1.8234121975682003e-61,3.4883551872913877e-12,1.2433297162087166e-54
2020-06-16,5.5331014287907944e-52,0.9838949404520425,5.02808477841115e-69,0.01610505954795838,1.6434402545018307e-62
2020-06-17,3.5716228602378573e-54,0.7345503525776601,1.8684401505720907e-71,0.2654496474223387,2.782237740949745e-65
2020-06-18,2.6927313597414494e-54,0.8645750729343158,1.1882893392012148e-71,0.13542492706568393,3.861146462237694e-66
2020-06-19,3.266047871606996e-45,0.8701855642142373,4.4226707402645876e-62,0.1298144357857641,9.727846878372112e-58
2020-06-22,2.664767216474242e-44,0.3483681132259988,1.5300835723578895e-60,0.6516318867740019,1.0233072806683591e-55
2020-06-23,2.425528089075068e-52,0.15278692811155425,3.393772847127375e-70,0.847213071888447,5.5364765446195776e-65
2020-06-24,4.010124578490433e-55,0.04145536497394555,2.0383861927693365e-73,0.9585446350260538,9.353971222950154e-68
2020-06-25,1.2293713705300623e-51,0.12469937944314159,2.4370068597115425e-69,0.8753006205568591,4.1484219938709456e-65
2020-06-26,6.243943576315271e-51,0.43789492009377634,1.0346179553433724e-68,0.5621050799062233,1.828019422011889e-64
2020-06-29,1.2267798122246376e-44,0.21671456996399696,1.2216444699008925e-61,0.7832854300360024,3.524988588057769e-59
2020-06-30,8.018935678355042e-52,0.16298256774087752,2.0162350166650507e-69,0.8370174322591216,8.305191549574098e-67
2020-07-01,2.722338088901863e-51,0.03253070359241767,6.864227472205237e-69,0.9674692964075831,2.2924108701116812e-66
2020-07-02,3.7933352372201247e-54,0.1167768023190222,1.0258586297538666e-72,0.8832231976809765,1.5780597624860418e-69
2020-07-03,8.699289201196719e-47,0.12261425324624173,9.381421104644686e-65,0.8773857467537585,3.120557925286152e-62
2020-07-06,8.043007500137015e-46,0.0018807652373684593,3.139435157201854e-64,0.9981192347626311,2.8763968291371304e-62
2020-07-07,3.051671434278659e-46,0.0010958424467047139,1.5143317946203645e-66,0.9989041575532949,2.7422201391109747e-65
2020-07-08,4.8018673345417713e-48,0.0015185782671701628,4.65146496730339e-69,0.9984814217328297,3.147763333972999e-68
2020-07-09,4.297252127614759e-42,0.008530036540522881,9.937545961696296e-63,0.9914699634594771,1.2269294538559788e-62
2020-07-10,1.2836566401892391e-49,0.006201068167986396,1.602556306998575e-71,0.9937989318320134,7.153496660097154e-71
2020-07-13,7.415071282433839e-42,0.22885262105501192,5.677353401624469e-62,0.7711473789449866,5.853373339875412e-62
2020-07-14,1.5072727179309262e-44,0.07391250233170583,1.1404993694282385e-64,0.9260874976682951,2.6126565966678517e-65
2020-07-15,1.1334130012748341e-53,0.22510526128546204,2.593249688467778e-75,0.7748947387145364,1.909600350557369e-75
2020-07-16,1.6173935906957112e-43,0.794850818507209,3.665012613571584e-64,0.20514918149279168,5.47143111555748e-65
2020-07-17,3.7589920031908734e-46,0.03886510661128626,4.772398654563661e-66,0.9611348933887134,2.903477204408352e-67
2020-07-20,1.8649802390089363e-46,0.00271809474101157,3.6715471185722495e-66,0.997281905258988,5.88284331491774e-68
2020-07-21,1.4174272639785494e-53,0.004131726649289627,5.37623459449781e-75,0.9958682733507103,2.8114193449530815e-77
2020-07-22,2.2915021495551594e-50,0.00023272465902254388,4.383148633253578e-71,0.9997672753409774,2.5146645443979774e-74
2020-07-23,1.6023517544784452e-41,0.12874459251300852,4.875386219824837e-61,0.8712554074869924,9.037005435115128e-64
2020-07-24,1.0176365069376198e-53,0.002127517315093698,4.499716749145244e-75,0.9978724826849066,7.666955618372198e-77
2020-07-27,1.7325164954835094e-56,0.0006106880189590164,4.0843344460210915e-78,0.9993893119810413,4.22306352803575e-79
2020-07-28,5.6935468384785195e-50,0.0611292436704297,1.339226811200504e-71,0.9388707563295715,3.851752755698744e-73
2020-07-29,6.697133871456784e-49,0.00048749796125266903,6.656204615852356e-70,0.9995125020387481,5.016743500085927e-72
2020-07-30,9.46901910280926e-44,0.00283283996106775,2.8555438927396017e-64,0.997167160038932,3.3892799158975323e-66
2020-07-31,1.3772388135411598e-46,0.0012174492748807633,1.63955777330714e-67,0.998782550725119,3.9079122641618877e-69
2020-08-03,7.493341388950896e-42,0.011279522078055958,2.803033250859048e-62,0.9887204779219443,3.8128923288562336e-64
2020-08-04,8.740802363628971e-48,0.023206565100792706,6.566467162647297e-69,0.9767934348992068,2.40107272929291e-70
2020-08-05,6.445327553551513e-49,0.002606877726780581,1.0316783732856921e-69,0.9973931222732195,1.435785393084684e-71
2020-08-06,3.721178060305751e-52,0.0005290757690416167,2.471797858653897e-73,0.9994709242309582,3.3110411320053646e-75
2020-08-07,3.893646788171712e-52,0.00033358302030815667,2.7804797332553315e-74,0.9996664169796913,2.1648684078577055e-76
2020-08-10,2.3505374656646434e-45,0.0006531245969769895,1.1308175656523785e-67,0.9993468754030224,1.2491143407281578e-70
2020-08-11,3.7824015778856765e-57,2.474382595774523e-05,4.1260321405331794e-82,0.9999752561740427,1.3367006853651269e-84
2020-08-12,4.109578006747403e-54,3.980754161207254e-06,2.7828262790236376e-78,0.9999960192458388,3.3154726136043068e-81
2020-08-13,4.535903133059431e-45,7.180083606492181e-05,1.0037695289706351e-68,0.9999281991639345,3.018048047481531e-72
2020-08-14,3.828700731956124e-49,8.391409252990752e-06,3.149129733381008e-73,0.9999916085907479,5.634507766005024e-77
2020-08-17,4.9335692965479945e-56,0.00023008126714184405,7.284646554210242e-81,0.9997699187328583,7.055006273633268e-84
2020-08-18,3.325521661424524e-47,0.00017779968253838486,3.21266735732896e-70,0.9998222003174613,2.9983575502463907e-74
2020-08-19,1.0080957448602827e-49,7.446367624508007e-06,1.8427788561780996e-72,0.999992553632375,1.6784756239768088e-76
2020-08-20,3.6139455864284236e-44,4.046692297369388e-05,1.1221823974214594e-66,0.9999595330770265,2.227756020058811e-71
2020-08-21,4.1893665044274615e-46,5.563192871044285e-05,5.796023390359878e-69,0.9999443680712891,8.626983192218206e-74
2020-08-24,4.682972961737829e-58,2.438557544407423e-05,5.812028801239262e-84,0.9999756144245558,3.261412016711086e-87
2020-08-25,4.915626110833336e-55,7.610115379963416e-07,8.581360870036323e-81,0.9999992389884618,1.7130467476101562e-84
2020-08-26,4.1240908411753304e-54,7.525246478876897e-07,2.541170105361904e-79,0.9999992474753518,2.4653250615299788e-83
2020-08-27,8.020681699554554e-47,6.899163973078305e-05,8.611968406275067e-69,0.9999310083602695,2.5818477456466862e-76
2020-08-28,4.7679905306743174e-49,2.8803462915021794e-05,1.0341083280408893e-70,0.9999711965370843,1.3624142715731236e-79
2020-08-31,3.336036380571145e-47,2.034528506837605e-07,1.5891506689384378e-74,0.9999997965471492,2.2760437927841315e-84
2020-09-01,5.529461211079424e-49,1.7682780277158286e-05,3.495616967370197e-69,0.9999823172197232,3.6892499354027043e-90
2020-09-02,4.009094034743708e-52,6.346265671165737e-06,7.497930261573748e-73,0.9999936537343297,1.0410770688962181e-93
2020-09-03,1.287823170450326e-55,6.6109977995827596e-06,7.557377852145165e-77,0.999993389002201,2.2079059739845425e-97
2020-09-04,1.0590974090265912e-54,1.770980377846718e-06,8.517452280994869e-76,0.9999982290196222,2.5829508637866944e-96
2020-09-07,2.282318731046182e-49,9.888027839616635e-05,1.3712444944598002e-69,0.9999011197216034,4.046621932177031e-91
2020-09-08,5.89187604810437e-46,0.0014422019553016585,1.943209611534885e-65,0.9985577980446982,1.631441240012846e-86
2020-09-09,6.116414692115464e-41,0.00186703296010997,6.126231086063817e-60,0.9981329670398896,1.8938131770976746e-81
2020-09-10,3.820426971493316e-51,0.006763390082979896,3.8787158045426935e-72,0.9932366099170211,1.5381867537228065e-93
2020-09-11,4.697440036387253e-44,0.010358888381467278,3.1048347100517115e-64,0.9896411116185333,1.794044699040438e-86
2020-09-14,3.551894798527799e-53,0.001002598414827424,1.3521972497056853e-74,0.9989974015851742,4.7769936759434825e-96
2020-09-15,1.0879078614305446e-45,0.00038420318944988396,2.5316872535336025e-66,0.9996157968105505,3.068869074275481e-88
2020-09-16,1.639508910410551e-56,0.0004228514521657016,1.4005946257316477e-78,0.9995771485478342,6.691720685181062e-100
2020-09-17,3.482696383400454e-45,0.00811151603632055,2.2161991769683323e-66,0.991888483963681,1.470093786279418e-88
2020-09-18,1.2602721202926016e-53,6.446481559498898e-05,1.4798764720329563e-75,0.9999355351844047,2.3624108054858744e-97
2020-09-21,1.837566313118623e-52,7.326516377098768e-05,2.5947569319208396e-74,0.9999267348362273,1.632360488887167e-95
2020-09-22,9.332247122321172e-45,0.012178210993242356,2.681193383535961e-66,0.9878217890067587,2.1049461227304136e-88
2020-09-23,1.3656689741814052e-49,8.023427001401609e-05,3.3280952357525117e-71,0.999919765729986,7.873128058729237e-94
2020-09-24,3.815420841998347e-48,6.377891881718511e-05,2.1906541104145506e-69,0.9999362210811829,6.299475649912076e-93
2020-09-25,2.892886462387114e-49,0.0009772023796592402,5.2470363807519506e-71,0.9990227976203409,1.3758174557853045e-94
2020-09-28,4.912316030098909e-41,0.0033534570511875718,2.7111626652698534e-61,0.9966465429488112,2.0779856755269632e-85
2020-09-29,6.651870279232574e-52,0.00013719693203527553,2.0821041704304297e-73,0.9998628030679655,1.262006535487528e-96
2020-09-30,1.6631697069289407e-46,0.00027154641480490934,4.138516634716029e-67,0.9997284535851965,1.0376194683822608e-90
2020-10-01,3.363578247570147e-41,0.002709304240248632,1.574339524036364e-60,0.99729069575975,6.847855023813467e-85
2020-10-02,5.759782080895011e-45,0.00020127066285503646,1.0285206368577272e-64,0.999798729337145,1.4830136599029293e-88
2020-10-05,6.502363949835612e-51,6.531357936070027e-05,4.555869750386365e-72,0.9999346864206393,1.8244122843377915e-95
2020-10-06,3.905444789233334e-48,1.475989982156138e-05,5.003819896424334e-69,0.999985240100179,2.238031576035141e-92
2020-10-07,1.0418481962578778e-55,1.65496568441729e-05,4.660181579428416e-78,0.9999834503431557,7.447507073479199e-101
2020-10-08,1.3203160292242164e-48,2.3616024285236672e-05,2.717068540070906e-70,0.999976383975715,2.950867202071326e-94
2020-10-09,2.16882567484339e-49,1.61769324005323e-05,5.484314332839429e-71,0.9999838230675999,3.2187642754787306e-95
2020-10-12,1.82753417138882e-43,0.0004217947823332294,1.2183675186754112e-64,0.9995782052176649,1.9678409689998118e-89
2020-10-13,1.0074126076547645e-40,0.005129449174470474,4.845408731497281e-60,0.9948705508255306,3.8713661285297895e-85
2020-10-14,9.418857804973553e-54,4.950812744542707e-05,3.912253008234847e-75,0.999950491872554,6.724979718846131e-99
2020-10-15,4.271177674284064e-54,0.00012630252948293608,6.87141654721094e-75,0.9998736974705169,1.144619475511256e-98
2020-10-16,6.301578513972083e-50,6.465097402192509e-05,2.426734537700289e-70,0.9999353490259774,5.020129320700791e-95
2020-10-19,1.450287665000665e-47,4.133321920206845e-05,1.434890169494824e-67,0.999958666780797,1.9340251885680134e-93
2020-10-20,1.7538525748236657e-50,3.883687072766341e-05,1.055384800085621e-70,0.9999611631292715,1.3532178689378643e-95
2020-10-21,2.9802142065120815e-47,2.3798930857062392e-05,5.3136870166527687e-67,0.9999762010691435,6.85932772097023e-92
2020-10-22,4.897957314839859e-49,1.6620497542174107e-05,1.1657796486293359e-68,0.9999833795024577,4.5776703405975124e-95
2020-10-23,2.243394593629955e-39,0.09118705128936354,1.9747941436785665e-58,0.9088129487106371,2.4966304054237976e-85
2020-10-26,5.4256090458500165e-50,0.00020144211712457385,8.014938340691412e-71,0.9997985578828771,7.683365953149979e-97
2020-10-27,8.290102642579355e-56,1.0672110316430536e-05,1.88826937500228e-77,0.9999893278896836,2.22940957947392e-104
2020-10-28,2.5810060357166257e-51,5.8967672600108076e-05,2.8564695395665887e-72,0.9999410323274,1.460174219814239e-99
2020-10-29,3.4161310686842465e-47,3.516110853439122e-05,8.766723863116278e-68,0.9999648388914663,2.955161018876453e-95
2020-10-30,3.397414390852977e-53,9.502195391453981e-06,1.241905346796985e-74,0.9999904978046086,3.2830376242779196e-101
2020-11-02,8.246263126100244e-49,0.007372986826961833,1.942429054236877e-70,0.9926270131730396,2.5871016282631352e-93
2020-11-03,6.703097794170051e-47,0.05246967146464979,1.3600925570252234e-68,0.9475303285353509,3.982022756628921e-89
2020-11-04,9.104040593363176e-43,0.018226873659890824,2.582584505884139e-63,0.9817731263401105,1.0801839648351192e-83
2020-11-05,3.067319041223693e-38,0.1521857370968433,3.549104202213681e-58,0.8478142629031555,1.9183928546272056e-79
2020-11-06,1.8156313935356663e-48,0.0420965922195823,3.747284037236276e-70,0.9579034077804177,2.70213884972115e-90
2020-11-09,3.3973402533902795e-53,6.561016341662994e-05,1.4330578756773604e-75,0.9999343898365831,1.1389505597129688e-94
2020-11-10,3.2879968737665394e-51,1.4918106824178254e-05,2.3254395136061303e-73,0.9999850818931753,5.365578188488449e-93
2020-11-11,1.7824030214713495e-52,4.789443914003547e-06,8.37506303860776e-75,0.999995210556086,1.450164045126557e-94
2020-11-12,8.648029073569059e-44,6.365636803774796e-05,4.781440235662625e-65,0.9999363436319628,1.2025540650976743e-85
2020-11-13,1.4544031522975682e-51,7.159681950236352e-06,1.983443343301088e-73,0.99999284031805,9.245842084204454e-94
2020-11-16,2.2225795049874495e-46,9.539898757921011e-05,4.811852660951018e-66,0.99990460101242,5.058694680065506e-88
2020-11-17,3.2664539980341664e-43,0.00010009987193802113,2.0467040296816403e-62,0.9998999001280621,5.622483594596198e-85
2020-11-18,7.915554912700572e-47,0.00019505287512724875,1.8538123221470684e-66,0.9998049471248736,1.5791780864330562e-88
2020-11-19,3.391263316109991e-54,1.0389370499742334e-05,7.558013949920965e-75,0.9999896106295006,3.2890808022855367e-96
2020-11-20,5.91669624119335e-48,5.498180987686659e-05,3.652935057693275e-68,0.9999450181901233,9.739438386921799e-90
2020-11-23,8.782040423684209e-52,5.181683225777914e-06,1.42932565908237e-72,0.9999948183167745,4.684062745877548e-94
2020-11-24,7.023364437972144e-35,0.9999992695225725,1.840085031217792e-56,7.30477427064483e-07,3.1519595817176156e-78
2020-11-25,6.646857707552416e-16,1.0,1.2932669767990207e-30,7.631441562421424e-16,6.13700908731911e-55
2020-11-26,4.1025693669340006e-25,0.9999666009448401,1.491794669878533e-40,3.339905516011776e-05,3.3889428030571364e-64
2020-11-27,6.326629397716023e-22,0.9999999964548358,3.7424168941088723e-35,3.5451635112690083e-09,3.751081963563637e-60
2020-11-30,7.628164572711675e-25,0.9999999997873239,1.5980590225649557e-39,2.1267734012173302e-10,5.347462494343926e-64
2020-12-01,6.534034602752687e-24,0.9999999999979892,6.317650171475665e-39,2.0092743129485763e-12,1.0195865390839571e-63
2020-12-02,1.0789395034459024e-20,0.999999999930612,3.649529661292865e-34,6.938664736380183e-11,1.0830486227625355e-60
2020-12-03,1.0344285949961881e-19,0.9999999339868979,1.2167971216132483e-32,6.601310296808074e-08,9.092270242245065e-60
2020-12-04,2.8720128816630737e-19,1.0,7.45539106979068e-33,2.4515464668006986e-16,6.110170920685815e-58
2020-12-07,7.061708615654897e-24,0.9999947099077622,3.5184713781505257e-38,5.290092236717238e-06,6.341565221908683e-63
2020-12-08,7.044746802821004e-27,0.9999896282002675,1.743149961559283e-41,1.0371799731136123e-05,4.3503364892386573e-66
2020-12-09,1.8722347749727026e-22,0.999999896203116,1.0591422720957022e-36,1.0379688471321193e-07,1.4452789120665783e-61
2020-12-10,1.212108033882886e-19,1.0,2.3955625945513944e-32,1.2621680739924069e-16,1.9615043517159917e-58
2020-12-11,8.89517510106212e-18,0.9999999999999751,3.7190334182898974e-30,2.6086661764032348e-14,3.2253747623100334e-56
2020-12-14,1.1943052643254278e-20,0.9999999914344038,3.926497991749733e-32,8.56559685967021e-09,1.8351364745444897e-58
2020-12-15,1.4064388871489894e-16,0.9999999999999929,9.23601678335603e-30,6.567939148827331e-15,5.030743074726709e-54
2020-12-16,2.4278027680072743e-15,0.9999999999999964,7.806775804955266e-28,6.053084119509306e-21,5.974982690845751e-54
2020-12-17,8.413815870234478e-22,0.9999999999993889,4.7627002292793445e-34,6.113723848349966e-13,1.288448532063757e-58
2020-12-18,2.4668450265888215e-26,1.0,3.9636826417353653e-47,1.3696029562997505e-67,9.375542968341113e-71
2020-12-21,0.9999999926454137,2.547562816201665e-15,7.3545823982403085e-09,1.871540121242572e-120,2.8729374048538495e-40
2020-12-22,0.9989614169336919,1.5542475187927928e-14,0.0010385830662922447,8.001302018329987e-133,1.589574597991321e-33
2020-12-23,0.9999875371652956,7.753050703047168e-15,1.246283469763548e-05,1.9337761158923202e-127,3.7445096238640752e-34
2020-12-24,0.9841038536671697,2.8727075774111814e-13,0.015896146332541262,1.5896054485263646e-124,8.778454863072458e-30
2020-12-25,0.9999941431811856,6.906159359489509e-14,5.85681874533153e-06,1.073882008463312e-125,3.3858594061261173e-31
2020-12-28,0.9964144198709166,6.021426637744989e-10,0.0035855795269418445,1.2618612755675667e-103,7.643221896237878e-27
2020-12-29,0.9960645127160243,3.361391602254227e-13,0.003935487283639602,5.066564369670668e-118,1.5544933264577645e-20
2020-12-30,0.9970981917364448,5.825256212451113e-11,0.002901808205301234,2.1594856717805418e-103,5.53163853306517e-20
2020-12-31,0.9976348711918861,3.7230218424250325e-11,0.002365128770884968,9.441855629561246e-97,7.861232293957112e-18
2021-01-01,0.9987344661824137,3.096053803716924e-13,0.0012655338172766332,2.0252548815518096e-106,1.163767930618835e-17
2021-01-04,0.9981808127109948,1.5873206482779973e-08,0.0018191714157974768,2.0049318931010265e-79,5.520274071510722e-16
2021-01-05,0.9991521530881765,6.872906947798542e-06,0.000840974004876333,2.7067842253073066e-59,2.556177769872492e-16
2021-01-06,0.9908558412709886,9.898641787990363e-23,0.009144158729012994,4.265682362230621e-177,1.0313420641013513e-17
2021-01-07,0.9998579216941136,3.96629872764609e-15,0.00014207830587449952,3.976662064145323e-132,6.143392252978744e-15
2021-01-08,0.9992916330744469,2.1460842689102676e-16,0.0007083669255542176,1.6598592941773798e-141,4.0960204605153287e-16
2021-01-11,0.9970000789375039,4.917482232734959e-16,0.002999921062493681,8.374231041688914e-137,7.405698702076804e-16
2021-01-12,0.7402851747062335,2.9302960032423964e-18,0.259714825293739,6.533338953698118e-157,2.821964075856579e-14
2021-01-13,0.9827280977824818,4.995016604402128e-21,0.017271901973800262,1.9733645553904067e-162,2.4371770138864833e-10
2021-01-14,0.5891998615067008,5.6760498859698585e-11,0.4108001370724053,1.0331483828619819e-98,1.3641331229079884e-09
2021-01-15,0.7275171928356055,1.878568792759958e-07,0.2724826158134111,1.4733458397272964e-74,3.494104629998046e-09
2021-01-18,0.31212375871746284,6.258186364611485e-12,0.687876237053614,3.0772895534362204e-106,4.22266633077771e-09
2021-01-19,0.01231334926961497,3.974710220482579e-21,0.9876866505591134,1.2905410195288615e-151,1.7127266521460976e-10
2021-01-20,0.005609868579873538,1.9252510903745374e-11,0.9943901303303075,7.1137660646739e-90,1.0705670100646722e-09
2021-01-21,0.007066358581156571,2.0559173021772227e-10,0.9929336392145303,6.33930343312635e-85,1.9987213849989906e-09
2021-01-22,0.010498829889577873,5.895778515076709e-13,0.9895011618245487,1.2035463395433129e-107,8.285285096706244e-09
2021-01-25,0.03013629014365557,3.092136819501096e-14,0.9698635523605162,2.5261084476553484e-111,1.574957980088033e-07
2021-01-26,0.0082448110559377,8.113916256916425e-10,0.9917551742619225,7.133221107577385e-82,1.38707472108022e-08
2021-01-27,0.03161420419149169,7.41941939945129e-09,0.968384404759287,1.9941000249737222e-79,1.3836298003410206e-06
2021-01-28,0.07199945052998656,8.178844599404212e-09,0.9279953448799925,5.682630559251106e-79,5.196411177526335e-06
2021-01-29,0.12954533147644143,2.111930239573687e-09,0.8702830502484078,5.034210157986649e-88,0.00017161616321943586
2021-02-01,0.005433666788086932,4.674798290564789e-13,0.9945651668057112,2.0428005874555256e-111,1.1664057326847378e-06
2021-02-02,0.0025611193587185654,1.441920010921954e-17,0.9974388196951962,9.384428068025811e-136,6.094608357028926e-08
2021-02-03,0.004284429786041142,8.545886305885118e-15,0.9957153720438806,2.2036119907586436e-118,1.9817006954419876e-07
2021-02-04,0.002739410254435677,1.3306782745360872e-09,0.9972603845307227,4.410290450428701e-86,2.0388416424503852e-07
2021-02-05,0.5664853598253572,8.206684601626053e-22,0.4225294213388905,4.84028955515143e-191,0.010985218835751782
2021-02-08,0.16908996919174812,5.0885451550990394e-15,0.03868224301747599,5.538491448341272e-140,0.7922277877907705
2021-02-09,0.17057794396407555,5.374688524559309e-15,0.815704052701251,3.0314966823776685e-147,0.013718003334666766
2021-02-10,0.4946165807380535,4.957742267678294e-19,0.3376993423203924,1.66044254978605e-178,0.167684076941553
2021-02-11,0.5009167049928197,6.395489214613606e-21,0.4645607126059554,2.1588876634463316e-188,0.03452258240122645
2021-02-12,0.0023700497932053256,5.071999718685021e-25,0.9976283467076951,2.4897072778358696e-204,1.6034990986972592e-06
2021-02-15,0.0016003967403729967,4.783305303171964e-25,0.9983984506087221,2.0787094260054796e-200,1.1526509048716814e-06
2021-02-16,0.0265787285927478,1.6989554030899266e-13,0.973129959450981,2.8560574258655517e-139,0.00029131195610256576
2021-02-17,0.0023847567699301223,2.3336924216810586e-19,0.9975708633994343,2.7104000390535216e-163,4.437983063474933e-05
2021-02-18,0.0012749597677046516,5.666123715297316e-17,0.9987084785072394,4.4064344097160265e-145,1.656172505642438e-05
2021-02-19,0.0011340453993183431,3.7980372443236805e-09,0.9987550634194012,2.5282464480607327e-74,0.00011088738324273846
2021-02-22,0.005163540672382826,8.060582592821648e-14,0.992765640984382,1.9880362657317144e-102,0.002070818343153353
2021-02-23,0.018911301207333708,4.1623601921922324e-08,0.9708759633580123,9.28362803792785e-72,0.010212693811050645
2021-02-24,0.0010260388795034023,2.7608151915919413e-13,0.9987779643123503,1.6064174898928139e-96,0.00019599680787165766
2021-02-25,0.0015115790030361899,2.686603584724883e-10,0.9983603721733347,6.938490378583329e-84,0.00012804855496919803
2021-02-26,4.7321384262588484e-06,1.4567345972601144e-15,0.9999952409702945,3.0159654453085232e-111,2.689127704416605e-08
2021-03-01,0.00011519239879833465,1.536495440370835e-11,0.9998841908959568,8.733402453955643e-95,6.166898798333542e-07
2021-03-02,1.1205096329368882e-06,1.6977818831972389e-18,0.9999988775465785,2.753562513306494e-132,1.9437883856348244e-09
2021-03-03,1.366726309907646e-07,7.847737593773314e-15,0.9999998632598932,2.024544061393003e-102,6.746935151531785e-11
2021-03-04,7.313014475643746e-06,2.5890519156488317e-13,0.9999926834224376,2.2143138321810364e-102,3.5628281851003915e-09
2021-03-05,4.095149802134426e-68,1.0,8.662446711992751e-77,7.36835761238783e-38,2.231333744955798e-79
2021-03-08,9.898290554098149e-49,1.0,1.1651524765123768e-48,8.078552089879753e-31,3.870777588544813e-53
2021-03-09,1.3730330458438485e-41,1.0,9.173440192054331e-42,7.112843075330212e-20,1.7223264852065937e-46
2021-03-10,3.3885140455669e-53,0.9999999998506226,4.263818976767627e-54,1.49377594177262e-10,2.5191522080425162e-58
2021-03-11,1.2505301815191566e-44,0.9999999915093625,1.1095642191117903e-44,8.490637232051606e-09,2.0837228524255793e-50
2021-03-12,4.94548073930734e-50,0.9994756872209575,2.7196851824790755e-52,0.0005243127790441584,9.869918424593794e-58
2021-03-15,7.642465458394414e-46,0.999935595646658,1.6242817809551037e-48,6.44043533421988e-05,1.3772043769357833e-53
2021-03-16,5.368468884624433e-50,0.9998900455050534,2.7345938434117035e-54,0.0001099544949467365,2.0937328531656942e-58
2021-03-17,7.1396007914799964e-43,0.9999926718562366,1.1448115865993036e-46,7.328143764009232e-06,1.1089062957096415e-51
2021-03-18,7.664337395253949e-39,0.998416259824028,2.901157690265652e-42,0.0015837401759735514,3.0056577354150482e-47
2021-03-19,2.864387363267321e-51,0.9971877080173012,2.109891257705822e-56,0.0028122919827001493,1.1789672143241378e-60
2021-03-22,4.1515212279412023e-41,0.9998724760809696,2.964500497962261e-45,0.00012752391902923053,1.17373250564214e-50
2021-03-23,1.200445643647245e-49,0.9994634987921774,4.079394630911138e-54,0.000536501207822607,7.02569445043053e-59
2021-03-24,3.449903017826912e-45,0.9714647656257054,1.3249463852560827e-49,0.028535234374295868,1.3404186469390986e-54
2021-03-25,2.6642035413114682e-43,0.9752872234726563,3.4188147687691466e-47,0.024712776527344164,5.076103314660161e-52
2021-03-26,2.579763116387906e-52,0.4263348968012884,2.220463176127469e-58,0.5736651031987104,1.8708732418435028e-62
2021-03-29,9.481833833228677e-48,0.9858945620998958,1.7766578689555797e-52,0.014105437900103464,2.1193847793385142e-57
2021-03-30,2.3776392693850697e-54,0.3637939431339964,4.4193541956718836e-61,0.6362060568660021,1.8806968511550493e-64
2021-03-31,1.296868570626376e-46,0.032193301153636264,4.048011068313486e-55,0.9678066988463645,7.372860340523855e-59
2021-04-01,1.100358075441592e-50,0.0028910541030884706,1.2478755280419566e-59,0.9971089458969116,1.8617937159554477e-63
2021-04-02,4.04257567088242e-43,0.03262091200375033,9.664064173894225e-52,0.9673790879962488,6.65456635492255e-56
2021-04-05,2.5575480825787605e-53,0.004099116824074216,1.550643644158846e-63,0.9959008831759252,5.249838934003215e-67
2021-04-06,3.023249951777968e-42,0.20566088305507113,2.5371400847955076e-51,0.7943391169449273,1.5749126206794572e-56
2021-04-07,1.581630447550927e-53,0.6139850998561739,3.9695649907268814e-64,0.38601490014382733,2.036820674592702e-68
2021-04-08,1.097072534011021e-45,0.27518326382355257,4.090441522316679e-55,0.7248167361764487,5.183308558513e-60
2021-04-09,1.0216759807364878e-51,0.003950177421825238,1.3159938022167854e-61,0.9960498225781749,2.996584142284703e-66
2021-04-12,1.6220785728561035e-53,0.001916596023751884,4.951130098985896e-64,0.9980834039762482,1.9427705230127273e-68
2021-04-13,1.259144164057003e-54,0.0008541840967707339,1.6653514798466736e-66,0.9991458159032292,1.4690838063347966e-70
2021-04-14,1.7545962568927405e-47,0.0014147655802218477,1.2521838422783579e-58,0.998585234419779,1.6533281906064666e-63
2021-04-15,1.9258211320821252e-53,0.0005050907648313339,3.5361529402777144e-65,0.9994949092351691,3.714123408293411e-69
2021-04-16,1.0171361390676981e-47,0.0014033401389699836,1.5739384004049744e-58,0.9985966598610296,2.7247346999473903e-63
2021-04-19,7.826058901663361e-41,0.04994364198556965,6.195569046674384e-50,0.9500563580144307,3.955646332243051e-55
2021-04-20,4.0454026037877687e-53,0.0007062462386450362,4.36348860678112e-64,0.9992937537613548,2.420325777742182e-68
2021-04-21,3.5333974536321007e-56,0.0015575581989185172,2.5787190212652062e-67,0.9984424418010815,3.5041208381801837e-71
2021-04-22,2.1377629876908745e-53,0.007845749480393887,4.369135369610792e-64,0.9921542505196065,1.0395287307521071e-67
2021-04-23,6.093868149520758e-55,0.001042432503873498,3.582411269449464e-65,0.9989575674961273,1.080583840953395e-69
2021-04-26,6.640327281442054e-50,0.0007716045355329118,1.0034723578287339e-60,0.9992283954644665,3.702381240439448e-66
2021-04-27,3.0127065399776734e-45,0.0009597109278063527,1.687875708611286e-56,0.9990402890721936,1.1849542191212553e-61
2021-04-28,1.592592948843348e-52,0.0004293910574915335,7.096076831530615e-65,0.9995706089425087,1.5372462680879567e-69
2021-04-29,2.146393183341846e-53,0.001716748217575417,4.199110769685627e-66,0.9982832517824254,1.3054399795705502e-70
2021-04-30,2.363779245607285e-46,0.006147882215043252,1.8489397123369484e-57,0.9938521177849559,2.368302110015768e-68
2021-05-03,9.124391958789508e-51,0.00988461424133823,2.0273964707289015e-61,0.990115385758662,4.2450115745076854e-72
2021-05-04,3.910046476738317e-47,0.0025570793693974053,1.8404788289822474e-58,0.9974429206306021,1.066438080615834e-68
2021-05-05,9.476041030468001e-43,0.004779965789529036,2.547516596742534e-53,0.995220034210471,1.1872779229267659e-63
2021-05-06,1.2870121166543782e-53,0.00040995033078663616,1.248044120795287e-65,0.999590049669213,1.7049370499538108e-76
2021-05-07,1.504760436603558e-48,0.00014145308838105995,6.179538021241786e-62,0.9998585469116184,1.2210032877692734e-78
2021-05-10,6.6640673298122885e-44,0.00048668429218574725,4.4181780626487044e-57,0.999513315707814,4.996777876159429e-74
2021-05-11,4.4853566714195344e-45,0.0007819154808632067,4.1534639401136355e-58,0.9992180845191375,6.6161484873506206e-77
2021-05-12,5.120409023093762e-44,0.00036075689241552695,1.3032559861726803e-56,0.9996392431075845,1.817954920085704e-77
2021-05-13,6.673706537523133e-44,0.00020514852534004208,1.2291366055766518e-56,0.9997948514746593,1.0288809626930972e-77
2021-05-14,1.7758136086732398e-47,0.00015566768143128465,7.957773494536849e-61,0.9998443323185682,3.6129726565011e-81
2021-05-17,3.877946891735222e-48,3.7101707121827056e-06,2.878250849699777e-62,0.9999962898292882,7.054434312903978e-89
2021-05-18,1.163439327391004e-43,0.00028123524838486716,2.873272150008563e-57,0.999718764751616,2.2629227338872756e-83
2021-05-19,2.1413260595982003e-45,3.304313570354323e-06,1.5584646955438027e-60,0.9999966956864292,2.631494006095162e-89
2021-05-20,4.668261389392473e-45,1.2108842465926028e-06,4.1616776094253495e-62,0.9999987891157532,1.4714238748101636e-94
2021-05-21,1.7094385372096814e-51,2.611823061255823e-06,9.945781526275325e-67,0.9999973881769384,9.621648143847227e-94
2021-05-24,6.428868075300268e-44,6.132312636519124e-05,1.034474886174142e-58,0.999938676873635,3.27057058995935e-86
2021-05-25,4.9894694416845846e-54,2.7464653454098605e-05,1.0328871308389268e-71,0.9999725353465463,2.830056193313545e-97
2021-05-26,2.734039097969118e-54,5.776978638146042e-05,1.5905815259971028e-72,0.9999422302136182,6.367197015339906e-100
2021-05-27,1.5105293381532848e-51,4.618283082327557e-05,3.014268099262993e-68,0.9999538171691772,3.690221821833323e-99
2021-05-28,1.2012581698230884e-53,1.009932357902466e-05,2.0645466842044794e-70,0.999989900676421,2.4229136701893596e-101
2021-05-31,7.608264220497351e-48,2.2578108916354654e-05,3.2267879087651e-64,0.9999774218910832,2.9645578909195912e-95
2021-06-01,2.719643460130216e-53,0.00011453095333615068,1.1307829930784264e-70,0.9998854690466631,1.6942876104071146e-101
2021-06-02,1.798827721678595e-47,5.020824483876846e-05,6.278539650054715e-64,0.9999497917551617,5.040056900506656e-95
2021-06-03,9.058155619041253e-49,5.284293019293442e-05,2.30847845806348e-65,0.9999471570698074,5.669911398283754e-96
2021-06-04,1.050684503730234e-54,4.798037084323422e-05,2.450263954373542e-72,0.9999520196291569,4.750144275217545e-103
2021-06-07,1.2189173332909698e-39,0.9998616786162177,7.314654047584831e-59,0.00013832138378356787,1.4756180731184403e-92
2021-06-08,4.559453693988095e-21,0.9999997235167504,3.014234617562128e-34,2.764832486654661e-07,1.2564972949811161e-69
2021-06-09,1.2979605278939742e-19,0.9999885705253465,6.648973609302713e-33,1.1429474654830275e-05,6.93065929385606e-68
2021-06-10,1.061619043653313e-23,0.9989691313714457,1.5065425620031429e-37,0.0010308686285553583,3.649281290498225e-72
2021-06-11,8.505296040196082e-60,0.0006995360547343511,2.4774646702604325e-80,0.999300463945265,4.61676926140483e-111
2021-06-14,1.7267138864494685e-49,0.0032339086230199912,4.2569104088465765e-67,0.9967660913769795,1.969647911491428e-96
2021-06-15,8.485444356111263e-54,0.000499095016881818,5.70851924354907e-72,0.9995009049831179,1.4615930071749358e-100
2021-06-16,5.904912399142622e-54,0.0047306455496536354,3.6935258438554844e-72,0.9952693544503458,1.5909446053730562e-99
2021-06-17,2.872780509794958e-43,0.053308682449385705,6.005273230394143e-61,0.9466913175506156,3.600195279507266e-89
2021-06-18,5.749511170662122e-54,0.02892830679113256,3.020232291915009e-73,0.9710716932088669,6.02099190035609e-101
2021-06-21,1.3280916748556213e-53,0.0003687564206656983,1.4026885224908948e-71,0.9996312435793349,1.4978931996197766e-99
2021-06-22,3.962925776893373e-45,0.0004566130580570523,4.4631824109584726e-62,0.9995433869419433,5.943134860969164e-92
2021-06-23,2.3781728204446903e-46,0.0001406328214985579,1.089269855237608e-62,0.9998593671785013,8.208882479157296e-93
2021-06-24,1.4060727609454468e-50,2.3115492239230518e-05,1.834045337015228e-67,0.9999768845077609,3.1447838572463364e-97
2021-06-25,4.186179302722268e-47,8.683334194913973e-05,5.612021773378979e-64,0.9999131666580511,9.78171087845535e-95
2021-06-28,4.449794901943578e-42,0.0009140896157382227,1.9672630403890433e-58,0.9990859103842621,3.5577940390638755e-89
2021-06-29,8.976611526284411e-58,6.315703650609346e-05,8.139298347202434e-77,0.9999368429634942,8.881627585249779e-107
2021-06-30,2.8913095087832283e-53,5.926539845851116e-05,1.9319665165178438e-71,0.9999407346015414,3.4321886689923723e-101
2021-07-01,3.1182283111588715e-44,0.001401452672271052,4.005949760503472e-62,0.9985985473277282,4.335223868739689e-92
2021-07-02,1.567076504980213e-45,4.136117781820783e-05,8.281595383161508e-63,0.9999586388221817,1.6467657953631985e-92
2021-07-05,2.0398601630008562e-42,9.609535030629585e-05,2.5753512707820317e-59,0.9999039046496945,3.8454513143795074e-89
2021-07-06,8.369292842846597e-54,3.52406256304911e-05,1.50602045452597e-72,0.9999647593743689,9.472685765907498e-102
2021-07-07,3.059604745356746e-41,0.047216195249101055,7.388325272957867e-59,0.9527838047508973,4.183220230781977e-87
2021-07-08,1.0598392282636887e-51,0.0003333861139935554,5.744824000181845e-70,0.9996666138860055,2.206460214313334e-98
2021-07-09,4.631816109249328e-45,0.001037228043651422,2.8160801789488483e-62,0.9989627719563491,6.257486439219042e-91
2021-07-12,4.727764108729111e-42,0.0014409693601782664,2.0841007143686166e-59,0.998559030639821,1.2111807663076588e-88
2021-07-13,1.621906824676398e-54,0.0004409890413124624,5.3632878181281945e-74,0.9995590109586869,2.0559921018985533e-102
2021-07-14,4.804833412876894e-53,0.00011584236254246361,9.718351246048792e-72,0.9998841576374583,8.400174803085464e-100
2021-07-15,2.900216097153941e-48,5.755852031740384e-05,6.398293516619104e-66,0.9999424414796833,7.636720130178687e-96
2021-07-16,7.51321014570817e-44,0.00012436802843347755,5.91341758741585e-61,0.9998756319715658,2.330522151444747e-91
2021-07-19,3.181604546167114e-57,6.71306377042263e-05,1.1653015898986533e-76,0.9999328693622954,2.4096460350935887e-105
2021-07-20,5.637810864868227e-45,0.0015835402226737488,6.152323590913528e-63,0.9984164597773261,1.3002853871045428e-92
2021-07-21,4.109458820546296e-52,7.754232314756063e-05,1.4045073700389834e-70,0.9999224576768518,2.2137527817709188e-98
2021-07-22,6.924923562528043e-51,2.8676826918706592e-05,6.132154387390508e-69,0.9999713231730821,1.4011906790356848e-96
2021-07-23,1.828294247516317e-51,7.420158720360035e-05,8.436601183944937e-70,0.9999257984127963,4.5168796238429296e-97
2021-07-26,3.0573132012551368e-43,0.0012809063344942065,5.809958585631664e-61,0.9987190936655054,1.052656306649766e-88
2021-07-27,1.1345581169846568e-55,0.0003507266900173291,7.213593779740919e-75,0.9996492733099819,1.5926379024398156e-102
2021-07-28,2.9931908732609363e-47,0.0007780199754224656,2.01082390180475e-64,0.9992219800245783,1.0883751759498618e-93
2021-07-29,4.485016230829436e-52,0.015171336798778443,2.336317094415113e-69,0.9848286632012216,7.047561964370106e-98
2021-07-30,2.067927348414402e-42,0.04251990186523405,7.617891015228543e-59,0.9574800981347649,4.238292608684302e-88
2021-08-02,6.425542029034721e-43,0.0021025788227624982,6.571415118288889e-59,0.9978974211772372,8.452471010974323e-88
2021-08-03,1.4594286880674497e-51,0.005836494328760833,5.970929225749351e-69,0.9941635056712387,2.455844250959579e-97
2021-08-04,1.6158110014220047e-50,0.0005739102578083706,3.4912408177224065e-68,0.9994260897421918,5.92967996323289e-96
2021-08-05,5.193861903980629e-50,0.0002838577789837931,1.886299442363265e-67,0.999716142221017,2.2995124029203266e-95
2021-08-06,4.878656661878027e-50,9.278635421386527e-05,3.6837975355086956e-67,0.9999072136457868,1.7132521305284248e-95
2021-08-09,1.7266810975471622e-44,0.00018860917121894238,4.4754163541459094e-61,0.9998113908287813,6.613125354001913e-90
2021-08-10,1.5847966603290758e-47,0.00018269858387264562,2.1391472689540244e-64,0.9998173014161272,5.91735291891186e-93
2021-08-11,3.1398205840850195e-49,0.00025063535785485195,2.03238206166307e-66,0.9997493646421459,4.3197446220529705e-95
2021-08-12,4.529694823410012e-44,0.0014441202891644898,6.552406412261555e-61,0.9985558797108359,1.9475076594912215e-89
2021-08-13,4.723862465314488e-49,0.00018626414618271044,3.084451895845609e-66,0.9998137358538168,2.408684030071046e-94
2021-08-16,1.3128334102715346e-51,0.015288747975132575,2.434222475921179e-69,0.9847112520248683,5.131594773440639e-98
2021-08-17,7.598804459612102e-53,0.0011050793620911608,1.795484579574223e-70,0.9988949206379094,3.6465226852885585e-99
2021-08-18,7.072438180775105e-50,0.0009887201197520212,4.70268583360101e-67,0.9990112798802486,2.2697227105493854e-96
2021-08-19,3.4926564502539494e-46,0.0009754120152876119,1.0842852575256434e-62,0.9990245879847122,2.4073039338435146e-92
2021-08-20,1.5382235288639407e-54,0.00022411950363181098,3.5859409686961913e-72,0.9997758804963683,1.5418181670517593e-101
2021-08-23,2.197005314631483e-46,0.004777255879210075,1.9635254101665423e-63,0.9952227441207906,1.4000794210623807e-91
2021-08-24,6.892197543650126e-52,0.00015209944192152,2.3655415936001437e-69,0.9998479005580788,5.711266566753302e-97
2021-08-25,9.289977976313556e-46,0.0003197108699951113,9.415960873597101e-63,0.9996802891300047,1.2874452912391064e-90
2021-08-26,2.108703878806726e-56,0.00041968925165932646,1.438144632310769e-75,0.9995803107483411,4.380903518891264e-102
2021-08-27,5.0172512053242534e-48,0.0028007212360998328,5.303508818846734e-66,0.9971992787639005,4.554594674487917e-93
2021-08-30,4.9889199766509355e-57,1.558399104339537e-05,6.694104964423759e-76,0.9999844160089565,3.897200090329977e-102
2021-08-31,4.3820066787805465e-52,2.7470351957823996e-05,3.258857851511047e-70,0.9999725296480417,1.1759275755311504e-96
2021-09-01,9.559208075428418e-56,0.0002246963740281212,5.743561636877119e-75,0.9997753036259728,6.830283665892266e-101
2021-09-02,1.7149400871175065e-49,0.00017457835916832867,7.266092292158302e-68,0.9998254216408325,1.156593791627385e-94
2021-09-03,1.2852431860143935e-44,0.00018085299413955205,6.192364363938405e-62,0.9998191470058603,1.266111197201252e-89
2021-09-06,1.559983338233924e-56,4.526078219144097e-05,1.7446618665909734e-75,0.9999547392178089,3.0102516946463226e-103
2021-09-07,1.2188989350098634e-45,0.0015280708935271237,3.5691121974644485e-63,0.9984719291064726,5.0227038156304796e-92
2021-09-08,3.1519320386988934e-48,2.3739498575560632e-05,2.002094816194706e-65,0.9999762605014244,1.562456425251751e-95
2021-09-09,6.1977060874723276e-49,4.374725970566838e-05,1.822969596273618e-66,0.9999562527402935,1.412589646232341e-96
2021-09-10,8.063120038753089e-47,0.00015510903982714704,2.8650730010572645e-64,0.9998448909601736,1.867599306888631e-94
2021-09-13,3.39570437750893e-52,1.574447167060187e-05,2.165601748893325e-70,0.9999842555283289,2.7550928249875344e-100
2021-09-14,4.122733331098216e-46,9.885535972279866e-05,2.2888107965463405e-63,0.9999011446402767,8.121360484507784e-93
2021-09-15,3.0597386485835024e-44,0.00016705302088938708,5.5583179316922476e-61,0.9998329469791097,6.892970220024466e-91
2021-09-16,2.5247430663400106e-43,0.0009594369612811317,4.5909406214593254e-60,0.9990405630387182,8.88461766774388e-90
2021-09-17,2.5403368069094254e-53,3.206797425216676e-05,1.6521143410463562e-71,0.9999679320257477,1.8816434892269725e-100
2021-09-20,4.663623784833738e-46,0.00026946146110070745,2.0267174581167385e-63,0.9997305385388995,3.997946239475487e-93
2021-09-21,3.348089316457146e-54,0.00017587743097557167,1.3605460857851015e-72,0.9998241225690238,1.7468217749193952e-101
2021-09-22,7.131118779190834e-49,7.642782346370951e-05,1.9756283103558708e-66,0.9999235721765359,6.884723144958513e-96
2021-09-23,3.983626388859059e-56,0.00023434908972423348,3.078583248707017e-75,0.9997656509102757,1.155504079836659e-103
2021-09-24,7.429054137972922e-52,0.0005956862284320897,2.1198866951201497e-70,0.9994043137715674,7.348543731693923e-99
2021-09-27,1.3200272430329823e-46,0.00039165516349124873,2.7544369109419893e-64,0.9996083448365096,1.330154608447113e-93
2021-09-28,6.0079376870074205e-43,0.00014335437183690672,8.238199405225382e-60,0.999856645628163,2.5970374872618272e-89
2021-09-29,2.376309386698499e-57,6.187391156526371e-05,8.892240502169698e-77,0.9999381260884339,3.0739849066550747e-106
2021-09-30,3.044600335241024e-48,0.0001386857766206277,3.0290506847617e-66,0.9998613142233798,1.7055251515390823e-95
2021-10-01,3.802557475510016e-46,6.30271370554012e-05,2.1983909386420926e-63,0.9999369728629454,2.2330234905318396e-93
2021-10-04,8.291931658151258e-42,0.00020083403475616105,1.365432592220569e-58,0.999799165965243,5.68065240922612e-89
2021-10-05,6.062815370668081e-47,2.1092548404927915e-05,3.1434115776540465e-64,0.9999789074515948,5.659153294378397e-94
2021-10-06,3.7389220341663193e-56,1.1570429813014652e-05,1.3617390503569683e-74,0.999988429570187,1.0015647499772528e-104
2021-10-07,3.2617573934195965e-54,1.1473065177633329e-05,3.237825801703397e-72,0.9999885269348215,2.1562291048042113e-102
2021-10-08,1.0129493282741926e-45,0.0006963965616034243,5.114801409272e-63,0.999303603438397,1.964484603574432e-93
2021-10-11,1.2626503522576126e-51,0.00041856203944108303,2.3836525883127377e-69,0.9995814379605588,3.2821354000200256e-100
2021-10-12,2.4067294022463446e-41,0.011501357075982873,3.490839251572036e-58,0.9884986429240169,6.512964736881319e-90
2021-10-13,2.993998739893432e-40,0.0012005668455471615,2.453554083212386e-56,0.9987994331544533,4.0728059424968735e-88
2021-10-14,3.46271231205963e-38,0.038898449301129505,1.2198402028265228e-53,0.9611015506988695,9.824393408931836e-86
2021-10-15,6.645088666745748e-51,0.0014721715758542436,3.4356731601828563e-68,0.9985278284241456,3.674521097155904e-99
2021-10-18,4.767643060067678e-44,0.0013711164062091348,1.4617565506725812e-60,0.9986288835937905,5.298697162416127e-91
2021-10-19,1.7481023446406443e-43,0.003181792019064188,3.1950481716368845e-60,0.9968182079809362,2.45639688212632e-90
2021-10-20,1.9800343703756375e-55,0.0006296093314772731,9.191728666994097e-75,0.9993703906685232,9.989735286843164e-103
2021-10-21,4.000992504180534e-52,6.50232615490953e-05,2.2316580059170982e-70,0.999934976738451,1.2321693202561519e-98
2021-10-22,5.2137493453439865e-52,0.00018743360901264718,1.1115210268239965e-70,0.9998125663909877,1.1065835742325113e-98
2021-10-25,5.170992071268612e-50,8.787526151196881e-05,4.4054884395510765e-68,0.9999121247384889,1.0689870245374457e-96
2021-10-26,7.983913212181449e-42,0.0012093914704366549,3.3759066443216694e-59,0.998790608529563,3.8432857798177153e-88
2021-10-27,6.935945579491493e-44,3.701451950544868e-05,6.924018172470397e-61,0.9999629854804941,6.470947034993789e-90
2021-10-28,7.770989457987443e-51,0.0006705355701116899,8.877652099726437e-70,0.9993294644298883,3.2683726425376574e-97
2021-10-29,2.7997436036065926e-46,0.0009759237528585414,3.329678675788317e-64,0.9990240762471416,2.5616630858618387e-92
2021-11-01,4.637133989387097e-52,0.0003980274048837507,7.855236254213836e-71,0.9996019725951156,3.273903833349137e-98
2021-11-02,2.2761786926576e-50,0.0003541555773508942,5.661520048313339e-69,0.9996458444226498,6.284798694748576e-96
2021-11-03,4.1197865576590227e-53,0.001100584838291532,2.8525464374871423e-72,0.9988994151617085,2.0790305289613787e-99
2021-11-04,7.305071195351267e-46,0.0021505663807240573,5.850957412499331e-63,0.9978494336192751,1.8938924826237688e-91
2021-11-05,1.429063897170547e-45,0.00014529709771205678,3.8106664493853694e-62,0.9998547029022872,1.1827076201313825e-90
2021-11-08,1.9378416444429837e-42,0.000712286857758172,5.027054616572123e-59,0.999287713142242,4.434542444140902e-87
2021-11-09,8.191758605635817e-41,0.0038931337956094273,1.2491418052563475e-57,0.9961068662043899,2.606279307180609e-85
2021-11-10,5.357078815816347e-53,0.0031308324732692598,2.515190982550977e-72,0.9968691675267315,3.148089076728978e-98
2021-11-11,2.6439705605192436e-40,0.9928375351672286,6.958916274420767e-58,0.007162464832772519,3.439428531940116e-85
2021-11-12,3.229131935270687e-50,0.2527036758332632,1.704260352807589e-69,0.7472963241667353,2.1587428891821644e-95
2021-11-15,1.3001163466474794e-46,0.022798418674718785,1.0895502724669322e-64,0.9772015813252819,3.708595873306439e-92
2021-11-16,2.2262083929075145e-44,0.02531637683788238,2.0310853799157905e-61,0.9746836231621167,1.3013101340342704e-89
2021-11-17,2.866189740217563e-51,0.15320557539687538,2.2871932433906606e-69,0.846794424603126,1.9621081595095255e-97
2021-11-18,8.190654775787482e-52,0.0004786076344991829,2.0042296507639255e-69,0.9995213923655012,1.1535092487664446e-97
2021-11-19,2.6945309381190314e-50,0.0002722851764317776,9.51631535241546e-68,0.999727714823568,4.537771885309828e-96
2021-11-22,1.2225326090366699e-52,0.00022128618052592175,1.582340935972764e-70,0.9997787138194744,1.8030824544849623e-98
2021-11-23,5.840614081231401e-42,0.009267880005347558,4.186558017155974e-59,0.9907321199946523,1.008982198847694e-87
2021-11-24,3.95404639702655e-52,8.261212142587824e-05,4.2987821082755986e-70,0.9999173878785749,5.612793740259896e-99
