date,0,1,2,3
2015-03-26,0.005831761158939445,2.112931167619318e-07,0.994168027547945,4.632662577087902e-88
2015-03-27,0.010696247849605996,0.0001355561829879581,0.9891681959674049,3.446691111033788e-62
2015-03-30,0.02073677049602753,2.0386741495971155e-05,0.9792428427624749,5.893255345105585e-69
2015-03-31,0.1347509807601875,1.1630692383669825e-06,0.8652478561705744,5.588092636444981e-72
2015-04-01,0.06471133957724834,6.47289134088824e-09,0.935288653949859,2.9637972156951696e-90
2015-04-02,0.7822201747324986,1.6432728270204303e-10,0.21777982510317329,1.218020113075535e-100
2015-04-03,0.20158380307336243,5.3971571324416697e-08,0.7984161429550666,2.6924106722255944e-93
2015-04-06,0.2013276174337172,2.7281435241646206e-05,0.7986451011310425,5.627403505807393e-77
2015-04-07,0.1904464148084493,2.9727829400586957e-06,0.8095506124086096,9.806051586352593e-83
2015-04-08,0.9960752093883383,1.8695266002298067e-13,0.00392479061147393,4.671410849674822e-112
2015-04-09,0.999944615343049,3.0663467274910808e-18,5.5384656949653386e-05,1.5281581600272623e-140
2015-04-10,0.9999060119522984,4.925007619160357e-15,9.39880476949475e-05,1.4398630410138797e-125
2015-04-13,0.9997219931406718,1.7026507165762924e-20,0.0002780068593274687,1.1946879523686725e-158
2015-04-14,0.9983902160835467,8.034648871422159e-15,0.0016097839164449577,3.218903399171147e-132
2015-04-15,0.9999040480819611,2.545771690672958e-12,9.595191549182157e-05,3.2261021106760854e-104
2015-04-16,0.9999406950089019,1.709118028213927e-09,5.930328197928024e-05,1.6275864871541487e-73
2015-04-17,0.9996894286105292,1.0181584939633089e-11,0.0003105713792904994,2.494879086690292e-90
2015-04-20,0.9999850664634105,4.184891195834294e-25,1.4933536589964603e-05,2.8000049526798954e-184
2015-04-21,0.9999802251445203,2.238265990661879e-16,1.977485547856496e-05,3.03897345074334e-136
2015-04-22,0.9999823466225635,1.3562683150724013e-18,1.765337743678108e-05,9.65994833231675e-152
2015-04-23,0.9999060992964718,1.3908095331951114e-20,9.390070352723139e-05,5.962005994573846e-164
2015-04-24,0.9999793220644404,6.247801133821768e-19,2.0677935560989684e-05,4.903110990908428e-147
2015-04-27,0.9999793591301419,3.555825041050904e-14,2.0640869822697873e-05,1.1040654436771279e-98
2015-04-28,0.9999731218831949,6.803711636168724e-09,2.687131309496823e-05,6.874233023272958e-65
2015-04-29,0.9999363165406684,2.2229182162717e-09,6.368123641202895e-05,5.805912966573952e-71
2015-04-30,0.9996807261039773,2.745854782203186e-06,0.0003165280412401497,2.042096443315659e-55
2015-05-01,0.9999766699735922,8.198025388005043e-14,2.333002632726625e-05,1.3340020256337428e-101
2015-05-04,0.9999752551104683,8.927208019017436e-09,2.473596232295559e-05,6.499678339680399e-67
2015-05-05,0.9999284340191044,1.7015225895683553e-09,7.156427937327108e-05,2.3101557234857304e-69
2015-05-06,0.9999142853445687,4.3933895243897024e-11,8.571461149662782e-05,2.8831243611011654e-77
2015-05-07,0.9990901477997164,1.4908286562347688e-11,0.0009098521853736769,5.271970753621856e-88
2015-05-08,0.9969306574879362,2.6437360841777e-07,0.0030690781384558946,2.363850908752215e-69
2015-05-11,0.9896029493902929,2.4401735458536198e-08,0.010397026207972043,3.4873509585224295e-72
2015-05-12,0.9761145238010837,1.1040215332680718e-10,0.023885476088514997,6.689821017752777e-89
2015-05-13,0.980352003574604,5.499749945297924e-13,0.019647996424846194,8.227675495123257e-99
2015-05-14,0.9794917420051966,3.971883939947695e-12,0.02050825799083316,1.4561195237573476e-103
2015-05-15,0.8943965442103488,7.984352262083612e-08,0.10560337594612983,2.478376874102921e-77
2015-05-18,0.5342398255300081,9.999279005766978e-09,0.46576016447071233,1.719942443994831e-90
2015-05-19,0.2900322403317511,2.9678211104870746e-13,0.7099677596679523,9.293683694088832e-116
2015-05-20,0.018074149093559613,1.7715537635442187e-14,0.9819258509064209,1.3972476339371267e-129
2015-05-21,0.030229152505187328,5.122930230802108e-06,0.9697657245645811,3.593926800347361e-76
2015-05-22,0.1883079269319114,1.0438873581806609e-11,0.8116920730576488,1.3936369486479626e-109
2015-05-25,0.8155955808840433,2.234996618450805e-09,0.18440441688096026,4.009530811547094e-95
2015-05-26,0.9998417934029938,5.6338399264766065e-18,0.00015820659700558,6.036397770243773e-141
2015-05-27,0.996731108959597,2.466535914007437e-19,0.003268891040402191,5.588059682490371e-152
2015-05-28,0.9999844905732284,6.8264370981380635e-18,1.5509426770013033e-05,6.25386002221216e-141
2015-05-29,0.9999248035298056,2.366430083274478e-15,7.519647019369613e-05,2.4836072577190787e-127
2015-06-01,0.9997367440271632,1.9663692481793416e-18,0.00026325597283649864,1.0394804767922439e-147
2015-06-02,0.9999651621612086,8.481710780963558e-16,3.483783879079206e-05,1.6794310052648198e-120
2015-06-03,0.992205952477472,1.9665812777654536e-18,0.007794047522527753,2.1309595350242703e-150
2015-06-04,0.9681808122013441,2.513823673991943e-12,0.03181918779614099,2.1114669808988956e-109
2015-06-05,0.9421306166021582,6.0539512843893565e-27,0.05786938339784117,2.416496836337179e-227
2015-06-08,0.8781385229627439,8.348584396657639e-21,0.12186147703725514,2.4399970094374636e-190
2015-06-09,0.9722197996146984,1.9578254467098955e-18,0.027780200385300255,2.2340973697843595e-167
2015-06-10,0.9995555221746721,1.8252951927247623e-18,0.00044447782532950356,2.362559686552317e-148
2015-06-11,0.9998521482631337,3.2893804336646817e-18,0.00014785173686720035,1.2424886475351635e-138
2015-06-12,0.9924386207689682,1.4207451195575115e-14,0.007561379231017273,2.506083282000941e-105
2015-06-15,0.9997542213877554,3.830160649917087e-11,0.00024577857394459665,8.382304364912422e-77
2015-06-16,0.9999512117785976,1.8965922759091085e-16,4.87882214023012e-05,7.874732370233277e-114
2015-06-17,0.9999811988242729,1.518383571376852e-11,1.8801160543017138e-05,8.096142298160034e-82
2015-06-18,0.9999940258683074,4.054587992865127e-13,5.974131286162664e-06,1.1256888530162271e-90
2015-06-19,0.9999354558504983,6.610804544370639e-17,6.454414950138196e-05,5.85318393673862e-115
2015-06-22,0.9999245124628416,3.0374431382777745e-14,7.548753712906566e-05,5.6203481356213455e-98
2015-06-23,0.999516907326446,1.7958700725374242e-10,0.0004830924939668441,6.488900581047821e-83
2015-06-24,0.999978401626331,2.1062394621635665e-13,2.1598373459536827e-05,1.2303241112645754e-97
2015-06-25,0.99990690321382,2.6743430615821464e-15,9.30967861788391e-05,7.43806109712828e-111
2015-06-26,0.9999678540045285,1.1997911461308772e-18,3.214599547321846e-05,1.5427487698804305e-125
2015-06-29,0.9999743033112919,9.651124690742383e-18,2.5696688707156428e-05,5.6045063028579894e-123
2015-06-30,0.9999532862337174,5.14789867272841e-11,4.67137148049955e-05,1.0390340400960706e-83
2015-07-01,0.9999936223931356,1.7012954331835452e-20,6.377606864273373e-06,2.124019520225312e-153
2015-07-02,0.9999981809544944,1.2969497910146912e-16,1.8190455043203648e-06,1.3896410281666937e-125
2015-07-03,0.9999321088727442,7.008960436084087e-13,6.789112655504408e-05,1.7436527927448003e-108
2015-07-06,0.9999815344999998,9.620745450681665e-16,1.8465500000452032e-05,6.050584989067513e-125
2015-07-07,0.9999828036524223,2.3861696700048505e-12,1.719634519084486e-05,8.090971786967758e-104
2015-07-08,0.999946442938967,1.931502627670965e-09,5.3555129529768e-05,2.3142598456434536e-74
2015-07-09,0.9999736551272594,1.6241798763091157e-16,2.6344872740597243e-05,5.348587097212672e-116
2015-07-10,0.9999645543567451,4.856984628942727e-12,3.544563839754444e-05,1.8985791035001123e-88
2015-07-13,0.9996846749557535,3.50092861488127e-10,0.0003153246941533825,4.0868411938337003e-78
2015-07-14,0.9997509799235323,7.058039058108877e-09,0.00024901301842856447,9.899676765526612e-71
2015-07-15,0.9951083534614543,2.6690595783360397e-16,0.004891646538545562,5.3854053038611006e-126
2015-07-16,0.9575298815177039,3.9450056345755493e-10,0.04247011808779582,4.8609166992296464e-88
2015-07-17,0.9882834438911754,6.965552558253016e-11,0.011716556039170404,2.728350760451347e-88
2015-07-20,0.9669035691237052,8.932108901652621e-13,0.03309643087540179,1.4504148581128376e-103
2015-07-21,0.9419675130120636,3.2886378820801955e-12,0.05803248698464615,4.882394141055243e-99
2015-07-22,0.9305885404785103,5.404586029396473e-08,0.06941140547562875,1.0521316943904771e-72
2015-07-23,0.9990689408268203,2.889955442671147e-11,0.0009310591442813057,2.1987329031236497e-85
2015-07-24,0.9998997008857148,2.6755469931318908e-11,0.00010029908752879074,3.8779817950610276e-89
2015-07-27,0.9998446659039669,2.0834461392258459e-13,0.0001553340958250876,3.2772952275490627e-99
2015-07-28,0.9999870753802818,3.816216176405988e-21,1.292461971718643e-05,9.24605569914239e-148
2015-07-29,0.99995785176897,1.9860778825824463e-13,4.214823083317928e-05,1.2500448064141267e-103
2015-07-30,0.9999798922252644,2.5799926554774615e-10,2.0107516736469883e-05,7.445779139578836e-82
2015-07-31,0.999850776887252,4.377913185966384e-12,0.00014922310836983205,3.716225765563112e-91
2015-08-03,0.9999704144490615,9.204289578416314e-10,2.958463050952076e-05,7.338247920511692e-76
2015-08-04,0.9999576300272044,1.9930999793601713e-14,4.2369972776748016e-05,2.8214678569082586e-96
2015-08-05,0.9999444825838595,7.584100050081484e-11,5.551734029772299e-05,3.45501732707793e-77
2015-08-06,0.9985153516696029,6.610653845325069e-17,0.0014846483303967012,2.5639098354690998e-123
2015-08-07,0.9996695214543138,5.95595504105847e-15,0.00033047854568069317,2.1758872628634298e-109
2015-08-10,0.9997260125120203,1.4300419008286241e-15,0.0002739874879773216,7.071880136594902e-113
2015-08-11,0.9999555807110191,7.272362477574585e-10,4.4418561745988634e-05,3.0079358371460857e-81
2015-08-12,0.9998325151930052,4.0095079690011726e-13,0.0001674848065940446,2.8122182868360832e-102
2015-08-13,0.9999779236104882,6.628051020383601e-08,2.2010109002215082e-05,1.6187208275898832e-62
2015-08-14,0.9999785318383348,7.1504625655494095e-09,2.146101120162933e-05,1.1587919987556013e-67
2015-08-17,0.9999984139212651,2.9971779316824286e-18,1.586078735517487e-06,1.6944916924743142e-134
2015-08-18,0.9999992891113547,8.250890268701428e-17,7.108886467166001e-07,8.59141434035231e-123
2015-08-19,0.9999999214108217,7.770413242112916e-18,7.85891795001598e-08,1.563791261157575e-128
2015-08-20,0.9999988578940509,2.9755458227665625e-17,1.1421059505786533e-06,2.4048622058584774e-129
2015-08-21,0.9999986775231702,5.177972204889796e-16,1.3224768283467688e-06,9.920737126336395e-123
2015-08-24,0.9999980307038349,1.8480432121417884e-13,1.9692959792390855e-06,6.992794022140875e-99
2015-08-25,0.9999748619456936,1.8506866108712444e-11,2.5138035798954044e-05,2.7158764862493582e-89
2015-08-26,0.9999983611487178,8.016811071555708e-14,1.6388512023441407e-06,1.0842797348706765e-99
2015-08-27,0.9999962151370582,5.619426967058876e-13,3.7848623793830816e-06,6.513985385530274e-98
2015-08-28,0.999970777017224,7.138472104032406e-08,2.9151598055810884e-05,1.7926078263250524e-68
2015-08-31,0.9999539298631834,1.0551807672220055e-11,4.6070126263125434e-05,5.597789361963407e-91
2015-09-01,0.999996394083606,2.4814201074877965e-19,3.60591639256894e-06,5.061063263129078e-141
2015-09-02,0.9999454294840441,6.627158699695696e-16,5.4570515956741315e-05,1.0895730241299528e-121
2015-09-03,0.9999888888609058,1.2413325820750938e-11,1.1111126680470658e-05,1.640209601863924e-95
2015-09-04,0.9999735433353388,2.201816545649449e-12,2.6456662459434306e-05,1.6929120051179173e-100
2015-09-07,0.9999180499246967,1.805996716200873e-10,8.19498947045411e-05,4.203386433337953e-92
2015-09-08,0.9999841132632592,5.120273500724078e-13,1.588673623038213e-05,1.8119621894860363e-108
2015-09-09,0.99999931499924,8.5433176159541e-17,6.850007585743081e-07,3.15298465986352e-117
2015-09-10,0.9999966827908248,6.357703632208612e-14,3.3172091102154403e-06,1.0007173682469052e-103
2015-09-11,0.9999616870034977,1.5766425454731806e-20,3.831299650118048e-05,1.919351330919742e-152
2015-09-14,0.999594260143131,1.1443664917595154e-14,0.0004057398568557301,8.328816288746866e-124
2015-09-15,0.9998826986489958,1.6312410047571535e-12,0.00011730134937355142,5.768638634538831e-104
2015-09-16,0.9987665127987823,1.67479936645687e-10,0.001233487033737335,9.816159813768105e-86
2015-09-17,0.9982374950302031,1.9253440210799307e-16,0.001762504969795882,1.6859467509429655e-121
2015-09-18,0.9998169626323381,1.777938183227254e-08,0.00018301958827922658,5.4886297511870095e-67
2015-09-21,0.9998588417801471,9.084832621726401e-09,0.00014114913501995472,7.106251026277743e-66
2015-09-22,0.9999779493215013,8.786660759148691e-13,2.2050677618305482e-05,3.3925444046215414e-89
2015-09-23,0.9998512317846941,1.6280177384033986e-14,0.00014876821528974545,8.634961638529764e-102
2015-09-24,0.998964745813124,6.895948105884939e-14,0.0010352541868078173,1.775490484787447e-105
2015-09-25,0.9975536249437421,3.1127175461698555e-18,0.0024463750562564246,1.2224697623937625e-129
2015-09-28,0.9989991796480466,2.455823441553095e-13,0.0010008203517064514,1.960051261765306e-104
2015-09-29,0.9993078634705315,1.156692381619467e-10,0.000692136413800529,2.47445891072743e-95
2015-09-30,0.9993148089799769,9.301712087625879e-11,0.0006851909270069984,1.058741355429462e-90
2015-10-01,0.9997120288494258,1.863700612607135e-09,0.0002879692868733432,4.805028894302107e-79
2015-10-02,0.9983826302168979,9.502355629532066e-13,0.0016173697821525463,5.185226897102507e-100
2015-10-05,0.9541692264397295,3.419880659323674e-17,0.0458307735602713,1.08275320441657e-137
2015-10-06,0.9899586863184955,6.736022654104042e-15,0.010041313681498002,2.8810120098126045e-121
2015-10-07,0.9935065599992722,4.775207847608439e-13,0.0064934400002516724,5.668407696935907e-115
2015-10-08,0.9862078815215766,1.2550985249526003e-11,0.013792118465872319,1.664537813414623e-103
2015-10-09,0.993117271198525,6.287894359114181e-08,0.006882665922531259,2.262020385928984e-78
2015-10-12,0.9778846074374865,7.69479561477529e-07,0.022114623082952534,7.297067609076586e-69
2015-10-13,0.9948665980705502,0.0003315486742487063,0.00480185325520078,7.790526602142612e-49
2015-10-14,0.999489262873003,1.811660283243757e-08,0.000510719010394934,6.587524409921925e-70
2015-10-15,0.9999154462922576,6.867950450426468e-16,8.455370774120446e-05,5.619346216315883e-113
2015-10-16,0.999611373669116,2.470433510888626e-09,0.00038862386045007273,5.92995489887142e-79
2015-10-19,0.9947650020588679,5.204609638813169e-14,0.005234997941079007,6.904798927793318e-116
2015-10-20,0.9843823068837049,3.181396776414897e-09,0.015617689934899596,1.2706666297306473e-88
2015-10-21,0.9996011291179274,5.934706504446268e-26,0.000398870882072101,7.56709181640587e-188
2015-10-22,0.9999289365150107,1.4206864220714551e-12,7.10634835688609e-05,1.1467877344845275e-100
2015-10-23,0.9999766642519595,2.4636434036897354e-12,2.3335745576324782e-05,4.062542283477906e-99
2015-10-26,0.9999913054374728,7.787668159271258e-13,8.694561749112659e-06,6.239057403299358e-93
2015-10-27,0.9999703530548893,1.644694445381411e-12,2.964694346543851e-05,9.043362641715425e-97
2015-10-28,0.9999911521298644,3.0834098655604786e-14,8.847870103453914e-06,1.3170086005618997e-103
2015-10-29,0.9999971657791153,5.3772039815629016e-11,2.8341671123806422e-06,2.1374500684730716e-80
2015-10-30,0.9999991947847393,3.873828536364771e-21,8.052152613038001e-07,2.848656975247848e-135
2015-11-02,0.9999990232237944,8.507835329653053e-13,9.767753547316726e-07,5.734354488717686e-97
2015-11-03,0.9999981970536512,2.1312784910354923e-16,1.802946348121833e-06,4.5892057888036915e-112
2015-11-04,0.9999899810423356,1.7400376025973013e-10,1.0018783661139143e-05,2.293447625191566e-78
2015-11-05,0.9999971302245643,8.393967602258391e-12,2.8697670423013427e-06,1.9485445517754426e-88
2015-11-06,0.9999983009349825,5.210480495743813e-10,1.6985439688335198e-06,6.456590624180756e-78
2015-11-09,0.9999960587948976,1.6308941971169983e-11,3.941188793656493e-06,3.718175464879005e-89
2015-11-10,0.9999970052751912,1.1757643615831296e-12,2.9947236338778272e-06,2.5522314042942705e-98
2015-11-11,0.9999835025725732,2.6695281623845756e-12,1.6497424757596776e-05,1.8460936651058946e-92
2015-11-12,0.999994168872687,1.5555670915262805e-11,5.831111757944289e-06,2.610206061383075e-87
2015-11-13,0.9999991263316105,2.947002142807258e-21,8.736683895061225e-07,8.41322257575667e-150
2015-11-16,0.9999997340158477,1.0862730353755347e-21,2.6598415232051105e-07,3.1432169538427846e-161
2015-11-17,0.9999992435071069,1.1663790792052009e-17,7.564928920098911e-07,1.2488306533599326e-141
2015-11-18,0.9999996597477799,4.503003878866532e-16,3.4025222114307694e-07,1.4009371342629694e-118
2015-11-19,0.9999999024871696,5.968553187793951e-20,9.751283030177702e-08,3.0664788960464376e-142
2015-11-20,0.9999985095978468,4.231529716139803e-18,1.4904021540277985e-06,3.4369577712575215e-134
2015-11-23,0.9999997063699291,4.750876921213087e-13,2.9362959510532127e-07,1.4812130883573688e-99
2015-11-24,0.9999999039553532,3.174572711859375e-19,9.604464842595572e-08,1.0173807211629409e-141
2015-11-25,0.9999999198529356,1.4982287226032372e-24,8.014706326412825e-08,1.5584604474079075e-178
2015-11-26,0.9999999347309817,7.712941707061428e-18,6.52690165177602e-08,3.6374259578029885e-140
2015-11-27,0.9999999809038373,1.6694258279508106e-13,1.9095997369045902e-08,1.368720490733836e-95
2015-11-30,0.999999997977973,1.404062633152717e-19,2.0220283997299026e-09,1.1512123805033629e-128
2015-12-01,0.9999999867073691,3.3024555205927284e-11,1.3259604708936405e-08,3.8111049477517016e-81
2015-12-02,0.9999999358008032,2.7776509474432517e-16,6.419919591090608e-08,5.528256386704565e-116
2015-12-03,0.9999999933826693,2.5484259612424937e-17,6.617331237186461e-09,2.0611175712647975e-124
2015-12-04,0.999999990935379,1.2201799160642713e-17,9.064619473956263e-09,5.3244873904186836e-129
2015-12-07,0.9999999999207034,2.8854505240128753e-23,7.929827728166479e-11,1.1542647908660576e-155
2015-12-08,0.9999999937480446,1.7776638742992464e-23,6.251954235498222e-09,3.4488767690454636e-169
2015-12-09,0.9999999999014193,1.9923115487528318e-23,9.857932613376769e-11,5.604264536654662e-163
2015-12-10,0.9999999572215055,1.064404782100122e-22,4.277849390378278e-08,3.388957222553513e-169
2015-12-11,0.9999995473152049,1.831947334518565e-15,4.526847939716625e-07,3.218752192315386e-131
2015-12-14,0.9999994212449299,2.7068387051943467e-16,5.787550699805527e-07,6.683690357602521e-120
2015-12-15,0.999999863293175,4.803176201906762e-16,1.367068261105636e-07,1.9717702044040715e-125
2015-12-16,0.9999999177685834,4.3629907496077714e-17,8.223141680877426e-08,1.2478077591830921e-129
2015-12-17,0.9999999926099825,4.0840021278067665e-14,7.389975481643486e-09,7.339779588136274e-99
2015-12-18,0.9999999993384279,5.218945917099518e-13,6.610500888098751e-10,9.506794791396025e-92
2015-12-21,0.9999999925702028,6.095039341976049e-12,7.4237029438803206e-09,4.759304292056296e-89
2015-12-22,0.9999998586043148,8.657589840865174e-11,1.4130911014847539e-07,1.3351848738497976e-81
2015-12-23,0.9999999122692568,3.5388499396188083e-10,8.737685715006339e-08,5.459783662766904e-73
2015-12-24,0.999999258190355,1.4523351924020101e-09,7.403573095543848e-07,1.8409964815765897e-72
2015-12-25,0.9999997908192603,6.890814522107811e-14,2.0918067142283088e-07,2.9606076930208166e-97
2015-12-28,0.9999999113397532,1.1889430103647977e-13,8.866012763354738e-08,5.955540397454007e-100
2015-12-29,0.9999997105330279,8.837559110130486e-13,2.8946608843715244e-07,1.528913434916309e-95
2015-12-30,0.9999975855709572,4.7965133836210565e-12,2.4144242461015247e-06,2.277700009932732e-93
2015-12-31,0.9999976838632739,4.592992152928572e-09,2.3115437327473758e-06,8.260165060005057e-77
2016-01-01,0.9999702049931014,3.1308377746309936e-11,2.9794975589029276e-05,6.718073390811871e-93
2016-01-04,0.9998062472085186,3.5397924526901065e-12,0.00019375278794111123,3.7481638452795985e-102
2016-01-05,0.9999956427140299,4.841830688742061e-16,4.357285970626212e-06,1.430297965680579e-125
2016-01-06,0.9999652870987232,3.391966374062816e-11,3.4712867356697684e-05,3.6167289835668827e-100
2016-01-07,0.9998951358671138,4.893529738397794e-10,0.00010486364353244538,1.9009952741393624e-94
2016-01-08,0.9999923243105071,7.776051193217018e-13,7.675688715717979e-06,5.936183488831978e-107
2016-01-11,0.9999824319438639,8.041518442946324e-10,1.7567251984690665e-05,1.8588138747908455e-91
2016-01-12,0.9999235878352251,7.098936877442884e-06,6.931322789702782e-05,3.4142405537093733e-67
2016-01-13,0.9991599855535713,8.079494743364681e-06,0.0008319349516858526,2.2955844873497197e-72
2016-01-14,0.9956250083760698,0.0006292065064760452,0.0037457851174536585,5.18985510194707e-61
2016-01-15,0.9995058760406433,2.930852645375537e-10,0.0004941236662711461,1.9824561106753056e-92
2016-01-18,0.9999989154174662,1.161264984616268e-21,1.084582533916827e-06,1.1514313961500293e-167
2016-01-19,0.9999997256596046,1.2384433775686568e-18,2.743403941793734e-07,7.464023274171984e-150
2016-01-20,0.999995677728383,9.478252297807632e-17,4.322271617155769e-06,2.4859848808048337e-147
2016-01-21,0.99999999530446,4.562548248752518e-29,4.695538760784625e-09,1.48386333120707e-218
2016-01-22,0.9999999856461025,2.1009527944365434e-21,1.435389776068625e-08,4.709277438596605e-177
2016-01-25,0.9999998689077018,3.620809949670346e-18,1.3109229737492652e-07,1.7609043891874012e-141
2016-01-26,0.9999999897111955,8.840295724304523e-20,1.0288803397684012e-08,1.2047268430986789e-148
2016-01-27,0.9999999998402167,2.0312016494637407e-17,1.5978213891883718e-10,2.0923487994873551e-128
2016-01-28,0.9999999913219391,2.0815393275791347e-17,8.67806074609249e-09,4.128816827167914e-121
2016-01-29,0.999999952311794,1.5031589901430444e-16,4.7688205067021256e-08,1.1654684910652928e-115
2016-02-01,0.9999996968269149,1.2578125261357912e-14,3.0317307347790627e-07,1.1757859038242955e-103
2016-02-02,0.9999752886565959,1.3442115601480902e-13,2.471134326983133e-05,3.750942247832517e-99
2016-02-03,0.9999992959300448,1.3341928353525137e-15,7.040699551852338e-07,1.0148134970790721e-111
2016-02-04,0.9999988458844785,6.888094146438731e-14,1.1541154520194873e-06,1.1320483654677638e-102
2016-02-05,0.9999887926846658,4.014940251624838e-11,1.1207275186339127e-05,1.7536815440764003e-85
2016-02-08,0.9998933322118418,2.0773502705193945e-19,0.00010666778815761831,9.511525522859707e-133
2016-02-09,0.9999146268681672,2.1990034547697885e-15,8.537313183100824e-05,1.1446806114808373e-104
2016-02-10,0.9988123574769594,3.2665683243107374e-09,0.0011876392564705697,2.2899386415446085e-73
2016-02-11,0.9999158482059332,1.6002791062040572e-14,8.415179404915625e-05,4.963413037367792e-110
2016-02-12,0.9999845154633146,1.0079529398715928e-16,1.5484536686147285e-05,5.076076647265966e-125
2016-02-15,0.9998503932678177,9.385992823612935e-11,0.0001496066383219259,1.091297766402878e-87
2016-02-16,0.9947618212068411,6.339099100275442e-14,0.005238178793096943,4.350110314720604e-115
2016-02-17,0.9966285326851052,5.417487526179924e-11,0.003371467260719297,3.7082856859939725e-91
2016-02-18,0.9526154203270999,1.9259286391239197e-09,0.04738457774697206,7.71032889689796e-83
2016-02-19,7.676812624265157e-87,1.0,7.981260706472095e-86,4.434916825698674e-16
2016-02-22,7.209557367024742e-52,0.9999998652535729,2.6761538691227276e-52,1.3474642725675217e-07
2016-02-23,3.3578031241755292e-49,0.9999532027591768,1.8868145461916157e-49,4.679724082426527e-05
2016-02-24,5.080008436349814e-45,0.9999985949836472,9.22640076118315e-46,1.405016352667891e-06
2016-02-25,1.9402066608257713e-45,0.9111378860649119,5.6665471496672086e-46,0.08886211393508639
2016-02-26,5.2344802104602765e-51,0.619426326523221,2.173808066154477e-51,0.380573673476778
2016-02-29,5.040456541670669e-47,0.0396790323135188,5.248935951999998e-47,0.9603209676864806
2016-03-01,2.2801385815111703e-56,0.001306816838627349,7.171084779601165e-56,0.9986931831613729
2016-03-02,3.414255122758078e-50,0.41000718470171327,6.4735374325918e-50,0.5899928152982883
2016-03-03,2.5871240375427035e-55,0.0050446620673071825,1.638520106516161e-54,0.9949553379326928
2016-03-04,5.330127863114035e-48,0.037315815693838114,6.329533700043003e-47,0.9626841843061616
2016-03-07,2.742922038635758e-51,0.003528524184436148,6.7042474709473785e-50,0.9964714758155632
2016-03-08,6.2634654426884175e-49,0.0011086623469370636,3.954567319363368e-47,0.9988913376530638
2016-03-09,1.7513937981158555e-63,0.00018709425321014795,1.2357574693859114e-60,0.9998129057467904
2016-03-10,8.107792129234617e-58,0.00019646354333648748,2.508838920627276e-53,0.9998035364566638
2016-03-11,3.235115781646791e-50,0.003707666472799687,1.813208580346576e-44,0.9962923335272003
2016-03-14,9.173146702523078e-68,0.00042321038925305664,6.622301581689681e-62,0.9995767896107468
2016-03-15,9.022434844644978e-62,1.168917363054446e-05,2.475265240752323e-55,0.9999883108263694
2016-03-16,2.1178700687495555e-66,0.0001275780607556029,1.967752367974047e-60,0.9998724219392441
2016-03-17,2.77458783893258e-66,5.0825146399444836e-06,7.494904666206129e-60,0.9999949174853598
2016-03-18,1.5694441271400102e-59,9.561430839548673e-05,1.4381747400297372e-53,0.9999043856916044
2016-03-21,1.4044338080030666e-66,4.489734095795733e-06,4.086274485527039e-60,0.9999955102659042
2016-03-22,1.519690961083417e-59,9.375581490369117e-05,8.307435803432047e-53,0.9999062441850958
2016-03-23,1.822573631379228e-53,0.00010655602780813877,7.676248222055654e-47,0.9998934439721917
2016-03-24,3.724386059942327e-66,9.866506274766002e-05,1.5788314932054863e-59,0.9999013349372531
2016-03-25,8.976794240613705e-67,1.3412660130501538e-05,2.5985739524801596e-60,0.9999865873398701
2016-03-28,1.987235090938133e-56,0.0010131570415447396,1.4839876149697579e-49,0.9989868429584557
2016-03-29,9.358999294954217e-62,3.879361415197999e-05,3.250635505444782e-54,0.9999612063858482
2016-03-30,4.251788904534775e-55,0.0003363259297460639,4.593663008490363e-47,0.9996636740702548
2016-03-31,6.304103954926612e-65,0.0001318514934548592,7.865443941333996e-57,0.9998681485065449
2016-04-01,3.215519501473127e-58,0.0002343401482710668,1.0994366122616588e-50,0.9997656598517297
2016-04-04,5.801062413768567e-54,0.00014480281822969575,1.5251120537200162e-46,0.9998551971817708
2016-04-05,1.1080138310246646e-66,0.0007477051930826258,3.3079026505632384e-59,0.9992522948069169
2016-04-06,7.462002518265407e-57,0.0005620929770265817,2.5943906364445416e-49,0.9994379070229729
2016-04-07,5.930008701102801e-58,6.929702328843513e-05,4.0388136436664013e-51,0.9999307029767116
2016-04-08,4.776487598361312e-55,0.0004472584556356677,2.3123113296389927e-47,0.999552741544364
2016-04-11,5.879305122622147e-72,1.1281360977608006e-05,1.0182483511886248e-60,0.9999887186390227
2016-04-12,5.346584423541311e-66,3.6323669271715384e-05,2.1112690553743554e-54,0.9999636763307286
2016-04-13,8.994661714764114e-71,0.00013936903895436846,8.782518777769854e-59,0.9998606309610464
2016-04-14,8.032564489752658e-67,0.00012821591127095541,4.833323193721005e-49,0.9998717840887283
2016-04-15,6.29911309563359e-80,0.00022749483113466013,3.39598857202385e-62,0.9997725051688651
2016-04-18,2.1317838763274187e-76,6.872680050890922e-05,1.0377419740671322e-59,0.9999312731994903
2016-04-19,2.2709609934977234e-67,0.00029473648624761827,5.442162118689333e-50,0.9997052635137521
2016-04-20,2.455237368956795e-74,0.0002176707077490175,1.154690519301553e-56,0.9997823292922504
2016-04-21,3.806652417917916e-70,8.959196053704936e-05,8.207959829480808e-52,0.9999104080394627
2016-04-22,1.697005225616881e-77,5.535898010794112e-06,3.6880294310466545e-58,0.9999944641019891
2016-04-25,3.3022117716595726e-72,2.6909173895784165e-05,5.745509092047962e-52,0.9999730908261041
2016-04-26,2.110796535128439e-82,7.50243293083554e-06,3.5182126768119066e-60,0.9999924975670688
2016-04-27,1.4302123592351923e-78,5.757461215514619e-05,4.001135029281139e-54,0.9999424253878452
2016-04-28,5.1819374878785245e-78,1.1099189293845142e-05,1.7122803982079705e-53,0.9999889008107056
2016-04-29,4.879427140537713e-81,2.311460150713598e-05,2.3859962712292153e-56,0.9999768853984927
2016-05-02,2.0777426886342861e-85,7.383704437117044e-07,2.286899331972621e-59,0.999999261629556
2016-05-03,4.283615194341764e-87,2.4460416324067675e-06,1.507312411924471e-60,0.9999975539583678
2016-05-04,1.2757475447600411e-82,0.00012591023219445422,1.5030986963019873e-50,0.9998740897678061
2016-05-05,7.910666610104991e-97,4.003310655019283e-06,6.413258302500028e-60,0.9999959966893447
2016-05-06,1.5419898637789854e-92,2.2071146129672317e-06,3.633827821752052e-58,0.9999977928853875
2016-05-09,1.3115038887353168e-94,8.962954925429809e-07,8.969300757317997e-58,0.9999991037045073
2016-05-10,4.07677116685366e-93,4.920828499130728e-06,1.5672786525580996e-55,0.9999950791715012
2016-05-11,1.6048779139758576e-89,1.3399183120274276e-05,3.532469934681242e-51,0.9999866008168804
2016-05-12,2.3823424562288424e-96,2.9813563905339297e-06,1.2224692437613706e-55,0.9999970186436096
2016-05-13,2.5741675432438773e-89,5.7505574293382454e-05,5.089325715297515e-48,0.999942494425706
2016-05-16,5.686209294484135e-93,9.423136625985834e-06,4.695477932841027e-51,0.9999905768633732
2016-05-17,1.530854800401144e-90,7.551379124139519e-06,6.693986346627438e-49,0.9999924486208757
2016-05-18,3.46528270066259e-95,1.5720240389191933e-06,1.9502583475574507e-51,0.9999984279759612
2016-05-19,1.2715164972958874e-102,2.716698123269645e-05,2.513144718747236e-60,0.9999728330187682
2016-05-20,4.370998511705226e-92,0.00015556002947051797,1.3768066827545242e-48,0.9998444399705301
2016-05-23,9.143196224422671e-91,0.0008176109152850116,8.351510049432025e-47,0.999182389084715
2016-05-24,8.928598315778102e-96,4.648903106673795e-05,2.5972606137949442e-51,0.9999535109689326
2016-05-25,7.102204081743214e-98,0.01234964926496568,8.31109702991551e-56,0.9876503507350346
2016-05-26,2.9094861606910573e-96,0.004363840834867123,1.5962058411000892e-55,0.995636159165133
2016-05-27,2.441363843531375e-90,0.0060441074828923025,2.311476959647438e-49,0.9939558925171064
2016-05-30,4.644280891778395e-93,0.0006072864247112918,6.932925839225733e-53,0.9993927135752887
2016-05-31,4.343988928217902e-88,0.006460867303473089,9.697648799174321e-48,0.9935391326965264
2016-06-01,8.77487261333698e-96,8.169617560868314e-06,2.99615516914112e-56,0.9999918303824389
2016-06-02,8.244090496959208e-93,6.142488930794086e-06,4.8951524497806216e-54,0.9999938575110694
2016-06-03,3.260218125153577e-98,9.379155013176873e-06,1.661310835459393e-59,0.9999906208449867
2016-06-06,4.774088561915629e-97,1.155598431729133e-05,1.3882907305314707e-59,0.9999884440156824
2016-06-07,6.807369132948989e-98,2.517045951448817e-05,1.0680238153175457e-60,0.999974829540486
2016-06-08,9.540108796909527e-89,0.00015427521031335072,3.590692688435912e-51,0.9998457247896868
2016-06-09,3.1435791060382358e-90,3.6195691842622106e-05,4.255761021844156e-53,0.9999638043081575
2016-06-10,7.006291139898271e-85,0.00011094817308209923,3.11352185645656e-47,0.9998890518269187
2016-06-13,2.93764279846626e-88,1.9527238070129865e-05,1.918039736916735e-50,0.9999804727619308
2016-06-14,3.6857122776745114e-87,0.00019555321760613342,4.295250549326154e-49,0.9998044467823938
2016-06-15,1.1133794233616744e-92,3.3916642781785777e-06,2.9375201065185572e-55,0.9999966083357216
2016-06-16,4.8505267978610706e-88,6.281506711053136e-06,1.721804625415376e-50,0.9999937184932893
2016-06-17,6.906324563830381e-83,0.000516203931169533,6.385994093432065e-46,0.99948379606883
2016-06-20,1.4431564775988967e-87,6.606603237616777e-05,2.051778670562482e-50,0.9999339339676232
2016-06-21,5.046515863241474e-100,8.18609700003757e-06,7.418988650311241e-63,0.9999918139030004
2016-06-22,5.215258524476021e-227,1.0,1.829792641075213e-173,2.613639277527242e-88
2016-06-23,2.7477894801034927e-41,0.458449886393722,0.541550113606279,3.168259038199952e-39
2016-06-24,5.28884436379831e-44,0.001452814926288507,0.9985471850737114,2.0586828338846999e-50
2016-06-27,5.104150037683523e-45,2.1698641705107347e-05,0.9999783013582954,3.9047604504417254e-63
2016-06-28,3.3780051812197165e-48,2.0294988501114317e-09,0.9999999979704981,1.6945031694035507e-83
2016-06-29,1.0592568292202971e-42,0.031037385452368744,0.9689626145476306,1.0860779971216259e-44
2016-06-30,6.372501377340988e-44,1.1491130552089171e-09,0.999999998850889,2.3247583046446512e-85
2016-07-01,1.3427131333349008e-38,1.218018388330249e-07,0.9999998781981606,1.147229699559325e-82
2016-07-04,2.196442044624375e-45,3.576488528816122e-14,0.9999999999999645,1.6606849674863313e-111
2016-07-05,6.363804814600582e-39,4.2730984910824925e-11,0.999999999957268,4.4656509692123424e-91
2016-07-06,3.918926733635107e-36,2.2325273450512546e-08,0.9999999776747261,1.0180277958216807e-79
2016-07-07,2.1665673549317127e-32,2.2307058631769438e-10,0.9999999997769287,9.076691000356606e-92
2016-07-08,1.9423091858098447e-33,1.6377350095877278e-08,0.9999999836226509,8.279891304639599e-80
2016-07-11,1.8623339681275908e-33,6.128044805745678e-10,0.999999999387196,5.797430575909665e-88
2016-07-12,1.1624305273978696e-28,8.075704536082142e-10,0.9999999991924291,5.655364121430051e-86
2016-07-13,2.606470649672527e-25,1.8411456600490215e-09,0.9999999981588559,1.1898476081350312e-88
2016-07-14,4.201759923023019e-28,2.6168321919520138e-20,1.0,3.474467782650642e-154
2016-07-15,5.496017730242287e-26,7.701084372989005e-14,0.9999999999999218,2.674412222190076e-112
2016-07-18,4.3963980873354495e-24,9.121595794202846e-15,0.9999999999999893,1.1221764518436225e-123
2016-07-19,2.8290994733991038e-98,1.0,4.2149147924617375e-74,8.928236636583051e-49
2016-07-20,8.058214220466883e-65,1.0,9.350130298548907e-43,8.194006000081178e-38
2016-07-21,8.873571613473377e-70,0.9999999999999609,4.3654377510254935e-50,3.853495485921513e-14
2016-07-22,4.406797791431482e-66,0.9999999999998863,2.1963500002580843e-46,1.1375865955619665e-13
2016-07-25,7.986399749273593e-146,1.0,6.622197890848435e-117,8.138077633267028e-75
2016-07-26,1.3421044284084135e-18,1.8929897195767272e-06,0.9999981070102788,3.860160861453524e-66
2016-07-27,4.989142478625553e-18,6.160818457589481e-07,0.9999993839181528,2.6925487876069396e-66
2016-07-28,9.88784424363693e-10,1.1598496215862713e-13,0.9999999990110986,1.9383937062776304e-118
2016-07-29,7.60733736506451e-09,2.7569735329086843e-09,0.9999999896356897,2.0543934676192506e-91
2016-08-01,9.416687782853011e-09,4.8302823466717e-15,0.9999999905833086,4.9362894285489263e-126
2016-08-02,5.348157040178072e-09,1.5543200592822683e-15,0.9999999946518408,5.5042181751187045e-132
2016-08-03,3.7138388532838636e-10,3.9780457174366445e-11,0.9999999995888373,4.506532460062793e-104
2016-08-04,2.0250458195865087e-09,6.079136808917273e-06,0.9999939188381453,2.5889328909486856e-62
2016-08-05,6.640850680960301e-09,6.104517161793164e-12,0.9999999933530432,1.3674072002918698e-101
2016-08-08,6.553165164402631e-09,6.8307831825824386e-06,0.9999931626636509,4.196771354388977e-67
2016-08-09,6.403892483702726e-09,2.3222743138513772e-08,0.9999999703733633,1.2844392336659015e-79
2016-08-10,4.282426504847054e-09,1.1516510608101911e-07,0.999999880552469,5.050315832256831e-75
2016-08-11,1.9249464448625523e-08,1.013851914797803e-09,0.9999999797366821,3.4123412524864287e-100
2016-08-12,9.942447490399862e-09,2.449995565520768e-07,0.9999997450579953,1.2967492443896587e-83
2016-08-15,2.6251791054433927e-12,1.7315658750680279e-18,0.9999999999973745,3.2530828909308566e-141
2016-08-16,3.0499527269106e-11,1.2286638699181489e-14,0.9999999999694893,9.77877563070963e-121
2016-08-17,1.360238560827935e-10,2.4471355845574387e-18,0.9999999998639773,1.1939808349257716e-147
2016-08-18,1.1734315672790717e-10,2.0326404049644706e-15,0.9999999998826539,1.9460615684169684e-120
2016-08-19,4.514031854834884e-09,9.947145938370746e-25,0.9999999954859682,4.122236251972181e-201
2016-08-22,4.1061150198789285e-09,1.6308916081890507e-14,0.9999999958938695,2.1178774388172098e-132
2016-08-23,7.901966021257797e-09,9.649712778831245e-14,0.999999992097937,3.526785512440026e-121
2016-08-24,2.081885379224863e-07,1.1965636613734716e-16,0.9999997918114619,1.7778940823675577e-137
2016-08-25,7.035932949317691e-06,2.48413377699775e-11,0.9999929640422109,4.423583662453343e-104
2016-08-26,0.00036386984228008423,1.3190313282566363e-09,0.9996361288386902,2.663298371695867e-83
2016-08-29,0.00010804531558931765,2.8521366911824144e-08,0.9998919261630443,5.97510154766714e-73
2016-08-30,0.01603392095478316,1.9886171413092875e-11,0.9839660790253313,4.184970929527723e-92
2016-08-31,0.9357011189888061,7.753116744239e-17,0.06429888101119292,1.4217790192386286e-131
2016-09-01,0.7168281228501308,8.079635228475836e-13,0.28317187714906045,7.533899904947807e-117
2016-09-02,0.9210863136845813,2.584711225016928e-12,0.07891368631283344,1.5319267253016506e-111
2016-09-05,0.4502312198521811,4.1978296079785265e-15,0.549768780147813,5.337890568599365e-134
2016-09-06,0.6092184319747884,7.87057589544334e-13,0.39078156802442365,5.3001910046741316e-117
2016-09-07,0.865477436117828,1.2410033424535895e-08,0.13452255147213854,6.268559018273312e-83
2016-09-08,0.8307730143928017,8.450363545069421e-10,0.1692269847621604,3.195484964235411e-83
2016-09-09,0.658180455490521,5.530331912272241e-10,0.3418195439564452,1.7529977490828865e-83
2016-09-12,0.38935121380545723,2.353759261814579e-08,0.6106487626569502,1.714164497065055e-73
2016-09-13,0.9069254246245999,5.755813343964649e-10,0.09307457479981697,1.0657183343401972e-86
2016-09-14,0.9916786068918385,3.6880009687901156e-14,0.008321393108123284,5.3488158564933805e-108
2016-09-15,0.985859011788718,1.689018140687132e-10,0.014140988042380313,8.751839853681147e-95
2016-09-16,0.9727160881093181,1.6408714357202634e-08,0.027283895481967208,2.9229530631436755e-76
2016-09-19,0.9934548156493631,4.0009062452477797e-10,0.006545183950547052,1.919418233337159e-86
2016-09-20,0.9943652954567831,5.88285388095801e-13,0.0056347045426297804,1.544846915919323e-104
2016-09-21,0.9901651084531137,1.5839255779697403e-09,0.009834889962960945,7.472084254517408e-84
2016-09-22,0.9925205460200484,5.088562480433957e-07,0.007478945123702165,1.5642382504379233e-67
2016-09-23,0.9986232388574476,3.4510032389450304e-15,0.0013767611425481176,4.021146912785405e-125
2016-09-26,0.9996371867499395,6.071430930632898e-11,0.00036281318934742746,1.4918551477534883e-93
2016-09-27,4.718742236244988e-37,1.0,5.328673145820792e-40,3.532529016407241e-41
2016-09-28,1.7682348145966557e-22,1.0,6.573365108429968e-26,1.6260552117689678e-31
2016-09-29,9.631930329814876e-21,1.0,1.807412572768945e-24,2.965146718275071e-31
2016-09-30,1.3642760892732354e-19,0.9999999982374277,7.789228805419195e-22,1.7625722675442538e-09
2016-10-03,3.424758462822593e-22,0.999999999967649,1.8929255925997573e-24,3.2349683477657055e-11
2016-10-04,1.6398471126820677e-26,0.9999999527488452,4.5283728340764645e-29,4.725115536190076e-08
2016-10-05,2.378478487865641e-16,1.0,1.5124193600276066e-18,2.141717148001433e-24
2016-10-06,5.885343570977194e-19,1.0,9.682559699206389e-23,1.2461325215352923e-16
2016-10-07,1.2782171140043201e-19,1.0,9.68028460487307e-23,3.1888120618029827e-21
2016-10-10,4.046070553206574e-19,1.0,4.0492567083281213e-22,1.3779381658758588e-17
2016-10-11,4.8121053510371344e-20,0.9999999999999893,5.731390307129344e-23,1.1607439675145745e-14
2016-10-12,9.38191286910533e-22,0.99999999795428,8.610078922350348e-24,2.045718322115454e-09
2016-10-13,7.226596731649512e-18,1.0,1.7536022897215466e-20,5.314313534460002e-19
2016-10-14,2.9170160919991315e-16,0.9999999999999716,3.5213602033111426e-19,2.804238169713868e-14
2016-10-17,2.103560213354835e-23,0.9999999999997904,3.600491877066733e-26,2.106477974250874e-13
2016-10-18,6.104474959803142e-21,0.9999999999996234,1.9543432232194872e-23,3.7527263074917665e-13
2016-10-19,4.922396045554268e-27,0.999999999998586,9.724775190317685e-30,1.4131575960120753e-12
2016-10-20,3.795829261727219e-21,0.999999999727045,7.247926430079913e-22,2.7295665626257534e-10
2016-10-21,1.724429499556136e-27,0.9999996250792719,6.432690212108447e-27,3.749207277809614e-07
2016-10-24,7.320597964261427e-21,1.0,8.329459967293288e-23,3.6244707716022985e-31
2016-10-25,1.5803897809723864e-16,1.0,7.085714839259426e-18,9.457360221284326e-29
2016-10-26,1.3314066809393349e-19,1.0,5.875968576360197e-22,6.623719346711165e-24
2016-10-27,4.281358330358711e-25,1.0,1.6251857064294968e-27,1.0480420893020284e-21
2016-10-28,4.833138859648316e-23,1.0,3.9809410995361765e-25,2.0824147593490375e-22
2016-10-31,7.532559825462965e-24,0.99999999982467,3.095981839176085e-25,1.7532829573062365e-10
2016-11-01,5.316602508287644e-18,0.9999999999999787,8.090143471702705e-20,2.2426780722039853e-14
2016-11-02,6.291772313650932e-24,0.9999999999996874,2.678903287229431e-25,3.1434771806714096e-13
2016-11-03,1.2504406048089175e-25,0.9999999999971685,1.1731863419417798e-26,2.830218801882485e-12
2016-11-04,9.596590683609655e-23,0.9999999999996128,1.0421938977054255e-23,3.878127024647972e-13
2016-11-07,1.3113898424451964e-24,0.9999999999803251,3.3711695795878113e-26,1.9673763290089426e-11
2016-11-08,4.3413184175180067e-29,0.999999999999627,5.872742744653591e-30,3.730802601461865e-13
2016-11-09,1.912325180122328e-19,1.0,4.543451387689494e-21,3.6208500446482155e-22
2016-11-10,7.517309990689293e-31,0.9999999999981526,1.2723762698215075e-32,1.8480329149041336e-12
2016-11-11,9.095556014023382e-24,1.0,4.8803032776245954e-23,1.1360371600919987e-15
2016-11-14,2.7093175833593195e-21,1.0,4.6756944924407044e-21,5.4014982310392576e-20
2016-11-15,2.4331092013543721e-29,1.0,2.748953642337984e-29,3.937117890086943e-23
2016-11-16,3.8188431553265347e-25,1.0,1.955640473307544e-23,7.161476481565587e-16
2016-11-17,1.0707621601032952e-23,0.9999999999999964,7.673550478930716e-22,2.581471272366743e-15
2016-11-18,7.320430247737341e-27,0.9999999903521264,1.0808761602685784e-24,9.647873855260627e-09
2016-11-21,2.4104646426910456e-28,0.9999998715725067,6.556130403926276e-25,1.2842749288539835e-07
2016-11-22,1.0107519666190256e-36,0.9999177131236405,1.9533381739421662e-31,8.228687636044598e-05
2016-11-23,1.2625068976973162e-38,0.9999417359035612,5.8916955911783014e-30,5.826409643885328e-05
2016-11-24,3.7449648139961825e-31,0.9999999999988773,1.496804873472123e-22,1.1219112652357005e-12
2016-11-25,1.8645814076333221e-38,0.9999993674999719,3.825829374366667e-30,6.325000286426029e-07
2016-11-28,1.955336811108392e-35,0.9999999783304896,9.910354940407642e-28,2.166951001043626e-08
2016-11-29,5.942837615304444e-32,0.9999999999903757,3.001367959608689e-24,9.623347732236164e-12
2016-11-30,4.9035671852484043e-36,0.9999999991856416,1.1691512650904058e-28,8.143577215938706e-10
2016-12-01,1.312452387454868e-26,1.0,2.7691499652304255e-20,4.871416873564451e-23
2016-12-02,8.693743733335072e-28,0.9999999999999307,1.744339836611816e-20,7.015591361382755e-14
2016-12-05,8.236823746461041e-27,1.0,4.604165136247589e-19,1.247548879402046e-19
2016-12-06,1.8980217772269983e-38,0.9999999999998188,8.917453044775463e-30,1.8261355174967e-13
2016-12-07,4.0136793030778923e-33,0.9999999999999751,1.1646264421481007e-24,2.5235285495707008e-14
2016-12-08,3.1788042142406278e-28,1.0,1.468374830132058e-19,1.1364046721425232e-18
2016-12-09,1.7062982876580555e-35,0.9999924577918757,7.609685745479122e-27,7.54220812510339e-06
2016-12-12,3.040267859818278e-31,1.0,3.055037878094379e-21,5.269155740125601e-16
2016-12-13,6.197522127962434e-34,0.9999999027782966,1.800792892966182e-23,9.722170212674093e-08
2016-12-14,2.8179022266821156e-36,0.9999999997318589,7.610133943859496e-26,2.681424886278311e-10
2016-12-15,2.7667777614833577e-36,0.9999999992048387,2.2613176246129818e-26,7.951599531198166e-10
2016-12-16,1.8077440572973677e-36,0.9999999992507398,1.2081868966600153e-22,7.492618066935497e-10
2016-12-19,1.4855906713006497e-42,0.9999890561518094,1.7755980376077597e-29,1.0943848190626442e-05
2016-12-20,2.464351988412687e-34,1.0,1.358527692645816e-20,8.360500469595489e-16
2016-12-21,5.040166536616805e-36,0.9999999999960956,1.3172570890136888e-22,3.9037251214272155e-12
2016-12-22,5.742657713800975e-42,0.9999999945210227,7.85730187734253e-29,5.4789779665026695e-09
2016-12-23,5.7533068928643786e-36,0.9999999999997868,2.9890100908368125e-22,2.1169299160394025e-13
2016-12-26,9.603298833425191e-39,0.9999996854317013,3.0583630311061457e-25,3.1456829789706036e-07
2016-12-27,2.5195111546950996e-40,0.9999999999787441,1.4126673903942424e-26,2.1257272786050703e-11
2016-12-28,1.1399747806507616e-34,1.0,6.091239459861685e-20,3.613027140254152e-16
2016-12-29,1.0869909409459064e-37,0.9999996704329447,1.8380652303747764e-22,3.2956705495024064e-07
2016-12-30,2.598724972630042e-38,0.9999999994196536,4.019310799569296e-23,5.803459914485295e-10
2017-01-02,4.865939341659188e-35,0.9999999999986571,1.1896864977862916e-20,1.3430315194300263e-12
2017-01-03,7.480238006621131e-39,0.9999999852925293,1.8002236164319475e-24,1.470746984242886e-08
2017-01-04,2.5390932697625053e-40,0.9999994907330514,2.2320050244707218e-25,5.092669503588513e-07
2017-01-05,1.1651772164546832e-44,0.9999989201302317,2.02273745866548e-28,1.0798697690142608e-06
2017-01-06,2.0434027778116283e-45,0.9975693896828137,3.951508999500521e-29,0.0024306103171862453
2017-01-09,1.4556657740221082e-41,0.999999760613566,1.1420503184988994e-25,2.393864325444497e-07
2017-01-10,1.1271259222204006e-40,0.9999999033798919,4.1767303727588755e-25,9.662010784719602e-08
2017-01-11,1.8429044210915373e-38,0.9999999939110324,2.7559810859635195e-22,6.088969148887786e-09
2017-01-12,5.6860675890932935e-40,0.9999999999996412,2.2130513384114963e-24,3.598354280515224e-13
2017-01-13,5.5658759431260205e-39,0.999999999857561,4.645459683793063e-23,1.4243925316054446e-10
2017-01-16,9.486268887377506e-38,1.0,7.042843645650642e-19,6.472183508422318e-18
2017-01-17,1.4420282522175736e-36,0.9999999999999858,4.105651018332195e-18,1.2438203063595778e-14
2017-01-18,7.665888305874354e-45,0.9999999999999964,1.3501833703070848e-25,2.7051094705817904e-15
2017-01-19,5.268216010081499e-40,0.9999999997929461,1.427054019704188e-20,2.070545242092218e-10
2017-01-20,4.779530912320618e-45,1.0,5.010332605713131e-23,1.3191147265435589e-65
2017-01-23,1.2026690910360906e-21,0.000179564075232097,0.9998204359247691,5.638669911013028e-62
2017-01-24,5.645528067634289e-21,6.381723454082147e-05,0.9999361827654576,1.0250919041078034e-65
2017-01-25,3.393479113155701e-63,0.9999993846186587,8.471771128807883e-43,6.153813417908497e-07
2017-01-26,5.394619795557362e-43,0.9999956873870489,2.1789818452386172e-23,4.31261295125758e-06
2017-01-27,1.2200501113659836e-40,0.9999999999999325,1.5447145590717123e-22,6.708271910727179e-14
2017-01-30,3.6660111346667215e-42,0.9999999999985469,3.42413593679531e-23,1.452451994502439e-12
2017-01-31,4.859641161168385e-39,0.9999999999999574,3.296381266961496e-20,4.4242522797055646e-14
2017-02-01,2.2777399212267474e-44,0.9999999999555698,1.0064456629181642e-25,4.4430865666816714e-11
2017-02-02,1.9888552286369795e-43,0.9999999690053021,2.268004639110864e-25,3.099469953364916e-08
2017-02-03,2.1858666113825525e-39,0.9999999916281368,4.345232044632625e-21,8.371862927857385e-09
2017-02-06,7.137014557268186e-38,0.9999999997259827,2.7705151891177322e-19,2.740190171664776e-10
2017-02-07,3.0429765081820224e-41,0.9999987839774395,7.560322153512592e-22,1.216022559782399e-06
2017-02-08,7.871725737076219e-49,0.9986645720211308,8.681765981306755e-29,0.0013354279788675518
2017-02-09,4.27408689717952e-49,0.9997756134223235,4.7396862004723534e-29,0.00022438657767536618
2017-02-10,5.54849139391439e-48,0.9989208417340398,4.853281394498425e-28,0.00107915826595876
2017-02-13,1.3471481125806264e-46,0.9999361610472187,1.099903608841978e-25,6.383895278251675e-05
2017-02-14,5.042847588789175e-45,1.0,2.2721531014035376e-25,2.645500304187526e-16
2017-02-15,2.536766001929174e-39,1.0,1.692653451814774e-19,1.3373849621214291e-18
2017-02-16,2.421041510893129e-41,0.9999999999996021,1.1919671418386438e-21,3.97471825119298e-13
2017-02-17,6.463917181975559e-45,0.9999999994344044,9.7967815666239e-25,5.655952991827742e-10
2017-02-20,7.251644940869177e-42,1.0,5.86601871239684e-23,1.0820605898738268e-25
2017-02-21,1.6020064729783213e-40,1.0,3.674537937951532e-23,5.881174229312961e-20
2017-02-22,1.3780043180520503e-38,1.0,6.940004520523908e-21,6.027934867885954e-25
2017-02-23,9.108025925604812e-38,1.0,2.367705146846978e-19,1.6267774875959638e-22
2017-02-24,2.889799550895989e-45,1.0,8.706460932359982e-27,1.1469672327099482e-22
2017-02-27,1.8847205025555967e-37,0.9999999999994493,1.6008172370583753e-21,5.515262502232019e-13
2017-02-28,3.208453428995153e-45,0.9999999924132581,4.164618786441818e-29,7.586743082391558e-09
2017-03-01,5.11560483662557e-44,0.9960601552241362,1.9174154683604538e-27,0.00393984477586388
2017-03-02,7.555822709016058e-37,0.9999999999986287,9.742937365670419e-20,1.3712870939516922e-12
2017-03-03,7.727353586557399e-43,0.9999999999999503,1.016482736204493e-27,4.9590027884015335e-14
2017-03-06,1.5107642653735144e-38,1.0,2.3732230738890292e-23,5.566105064026705e-31
2017-03-07,1.3064414803519853e-35,1.0,2.430065217660823e-20,4.9901665918409e-24
2017-03-08,1.2646783263774261e-37,1.0,3.273141777083067e-22,2.3970203760348546e-23
2017-03-09,5.204413417355642e-41,1.0,3.183804762631677e-25,1.8768928315930936e-24
2017-03-10,9.093233502262188e-39,1.0,2.601746649011708e-24,7.004603598968703e-32
2017-03-13,9.431779938042655e-41,1.0,4.7349092446409263e-26,1.601012570407419e-17
2017-03-14,8.279400116328215e-37,1.0,7.330532962719104e-22,6.275624012956268e-18
2017-03-15,3.407779495289378e-39,1.0,8.792215574000126e-25,4.334771691203122e-18
2017-03-16,1.0383615016597562e-33,1.0,1.2474049230951961e-18,4.296458796025857e-23
2017-03-17,4.98977499564591e-33,1.0,6.498698831547858e-18,1.177209753658619e-16
2017-03-20,7.238293022292059e-41,0.9999999999999893,9.571350235022022e-27,1.0842946739727263e-14
2017-03-21,6.823906284594934e-40,0.9999999411919925,3.9696531656262033e-25,5.8808007006065866e-08
2017-03-22,4.404502707265481e-42,0.9999999690548376,3.77574149784119e-27,3.094516273875595e-08
2017-03-23,3.0360865979886665e-41,0.9999410178127348,4.71756360840848e-26,5.89821872652924e-05
2017-03-24,7.29413447511556e-41,0.9999999998541576,2.2405993044681645e-25,1.4584236102061385e-10
2017-03-27,2.134437816186149e-37,0.999999980776707,4.888174623020215e-21,1.9223293169852136e-08
2017-03-28,4.3964299985471714e-41,0.999998745035852,1.899296069198192e-25,1.254964147772684e-06
2017-03-29,1.0317400509031353e-38,0.9999999995278799,1.1312875658230753e-22,4.721210713780881e-10
2017-03-30,4.09915305176105e-37,0.9999998940311914,1.6256956249424488e-21,1.05968808034125e-07
2017-03-31,4.494856128529945e-36,0.9999999999881908,2.0666022880875134e-19,1.1810717463549404e-11
2017-04-03,2.8355108464156738e-42,0.9999999987084287,1.0855848398460275e-25,1.2915710515186517e-09
2017-04-04,3.727765960754107e-44,0.9999667311838276,6.103676298208413e-27,3.326881617283278e-05
2017-04-05,1.2689851796291501e-37,0.9999999978985059,4.6094702383202304e-20,2.1014942939773754e-09
2017-04-06,3.908952935064559e-43,0.999999999995314,3.1921900167821905e-25,4.685796380383647e-12
2017-04-07,8.757171280443714e-42,0.9999984880017694,1.6935382559660936e-22,1.5119982302389745e-06
2017-04-10,3.5168095743831922e-43,0.9996983692226583,1.2100022844791713e-22,0.0003016307773414142
2017-04-11,1.6715188103926648e-78,0.0343538780051319,4.3480628136586776e-58,0.9656461219948687
2017-04-12,1.786777006367259e-76,0.0002795083575192875,1.7266111654498812e-56,0.9997204916424814
2017-04-13,8.927553070945978e-79,3.215546259970792e-05,8.354833079289622e-59,0.9999678445374007
2017-04-14,9.736474750016858e-70,0.0050462409374501995,2.7615756357554945e-51,0.9949537590625505
2017-04-17,5.915278494339122e-70,0.001148740917640907,4.895924907097768e-51,0.9988512590823586
2017-04-18,1.6408301448161846e-65,0.053555861138725666,5.236132185271152e-45,0.9464441388612735
2017-04-19,3.690645412853076e-67,0.011373013437229025,2.145336416876601e-46,0.9886269865627717
2017-04-20,7.797745679157721e-63,0.08011351837401832,1.2544053414396206e-42,0.9198864816259821
2017-04-21,2.7888248537452928e-64,0.024089399707175246,4.796864463824325e-42,0.975910600292825
2017-04-24,4.720395505579289e-66,0.6161200219582569,4.520480658722068e-44,0.3838799780417416
2017-04-25,5.9777184080228965e-81,0.00260983713297312,5.15782146544957e-59,0.9973901628670265
2017-04-26,1.002530273918345e-74,0.0026260865479149783,3.0108561160612957e-52,0.9973739134520858
2017-04-27,4.796361119987496e-70,0.011146870352641594,7.163127951720675e-48,0.988853129647358
2017-04-28,1.755185214606774e-70,0.006558441543922723,3.2140336434118347e-48,0.9934415584560782
2017-05-01,2.7667072317965376e-79,0.00046129907610066757,6.348744715352058e-57,0.9995387009238988
2017-05-02,3.660911501288867e-73,0.0005184777494747913,1.5107338256339976e-50,0.9994815222505243
2017-05-03,4.5996025655739e-76,0.000602782947631346,1.6597204638306307e-53,0.9993972170523678
2017-05-04,1.1448725308560434e-75,0.001199027410757214,5.3288283746693675e-53,0.9988009725892428
2017-05-05,2.797078305773261e-68,0.020696016420858557,3.773943176661177e-45,0.9793039835791421
2017-05-08,1.973311822016082e-76,0.002406254043850553,7.630513583209154e-52,0.9975937459561502
2017-05-09,5.253193819939823e-78,9.710062106332235e-05,7.638872431043903e-51,0.9999028993789367
2017-05-10,6.553782121933524e-76,0.0013904183325725457,6.132190296845759e-49,0.9986095816674277
2017-05-11,8.266651169046171e-77,0.00030478719654563485,1.1989867115654286e-49,0.9996952128034546
2017-05-12,5.687480269774255e-85,2.18029163042457e-05,3.1045336912274596e-57,0.9999781970836954
2017-05-15,4.699848277538733e-81,8.451214307621976e-05,1.7865498195310057e-50,0.9999154878569236
2017-05-16,1.194419684453046e-86,1.5590444260055116e-05,4.351822241184878e-55,0.9999844095557392
2017-05-17,8.239318907845904e-81,1.9575575026629765e-05,2.1351169891227957e-50,0.9999804244249733
2017-05-18,1.2392948768509182e-90,5.907061764582534e-06,8.532699926268754e-60,0.9999940929382352
2017-05-19,7.382016263087049e-78,0.0008077502406140504,4.514536993893002e-47,0.9991922497593864
2017-05-22,6.617886883801845e-80,4.3881389623429354e-05,5.999179052505335e-48,0.9999561186103766
2017-05-23,8.852720704671428e-86,2.765736598743693e-05,5.792730274472812e-54,0.9999723426340125
2017-05-24,1.608890943362102e-87,1.9683262180835383e-05,1.4631250081415619e-55,0.9999803167378198
2017-05-25,4.581748126486151e-88,2.856269364024186e-06,5.909724819274388e-55,0.9999971437306356
2017-05-26,1.7338987197146127e-85,5.6447039056527655e-06,1.0288200118151372e-49,0.9999943552960949
2017-05-29,5.617721638139771e-88,3.738449127619775e-06,1.568828259567205e-50,0.9999962615508726
2017-05-30,1.356833545339564e-86,6.216072949282648e-06,1.3009223461841794e-49,0.9999937839270514
2017-05-31,1.6432842200670888e-83,1.3251120630355843e-05,1.5229804818172359e-46,0.9999867488793694
2017-06-01,1.2805735052900857e-90,7.231444623107642e-06,2.2122787691561174e-54,0.9999927685553772
2017-06-02,1.9121788517511208e-88,1.8850898647099728e-05,1.2858992966166516e-50,0.9999811491013529
2017-06-05,7.197456222988171e-94,2.823456363014898e-06,3.866145401073333e-55,0.9999971765436368
2017-06-06,8.82747445879655e-90,5.390494139376064e-06,9.705346020291818e-52,0.9999946095058608
2017-06-07,3.801125217380613e-92,1.966585005558175e-05,1.9756676185552795e-53,0.9999803341499451
2017-06-08,1.5448451140324995e-88,2.001017999401314e-05,3.771369184937606e-49,0.9999799898200055
2017-06-09,4.526559422478085e-104,1.941863388300396e-06,7.332881064047329e-65,0.9999980581366124
2017-06-12,6.544598665515855e-98,1.7858877125000737e-06,2.2046953869298965e-59,0.9999982141122872
2017-06-13,6.445552259473517e-95,3.3325608293308855e-05,3.2086690675623673e-56,0.9999666743917075
2017-06-14,1.879545100125026e-87,3.135702205083751e-05,1.3325521178845524e-48,0.9999686429779485
2017-06-15,1.8395034909371558e-92,2.866476226793495e-05,9.624353259334783e-54,0.9999713352377323
2017-06-16,2.9868763514050305e-95,2.4029527587729303e-06,5.894036442254946e-57,0.999997597047241
2017-06-19,3.7541294252585266e-95,1.3692151629041315e-06,1.4198035421432998e-56,0.9999986307848369
2017-06-20,4.231364302837219e-95,2.340586195390056e-06,1.3728538057547126e-55,0.9999976594138049
2017-06-21,1.5297491391240614e-88,1.5717295565733972e-05,3.0912522287719418e-49,0.9999842827044344
2017-06-22,1.2861569917057265e-85,2.8679470428132193e-05,1.3688503950853632e-46,0.9999713205295722
2017-06-23,6.270721707837335e-87,0.0001239361758079725,2.305665361518507e-47,0.9998760638241914
2017-06-26,2.2845853742598268e-88,7.200762362303486e-05,1.5390516020943012e-47,0.9999279923763769
2017-06-27,1.1121786218912518e-98,0.00025848127168953103,1.3346086807183556e-58,0.9997415187283107
2017-06-28,7.186151699945367e-97,5.628860349059413e-05,1.1613681612819338e-56,0.9999437113965092
2017-06-29,3.0993566780604e-92,5.012684146802077e-05,5.737789503706089e-52,0.9999498731585328
2017-06-30,2.2787155865389868e-92,1.3895831573427715e-05,4.859475615787633e-51,0.9999861041684269
2017-07-03,1.1523832249642864e-99,6.177463806929753e-05,2.004405050866464e-58,0.9999382253619312
2017-07-04,1.7081424783798957e-92,1.4531469456618072e-05,2.5380521317000914e-51,0.9999854685305435
2017-07-05,8.890430859347106e-102,2.269641782891363e-06,1.3436192281773412e-60,0.9999977303582169
2017-07-06,6.598912023559304e-100,8.952796093802677e-07,9.805486423004518e-59,0.9999991047203907
2017-07-07,2.8365442605732035e-99,2.501750175296149e-06,1.6366225966993041e-57,0.9999974982498244
2017-07-10,1.4794442430791422e-88,0.0018511459358191622,4.587803375114869e-47,0.9981488540641806
2017-07-11,7.556286479149155e-91,0.0001843417330474226,1.2845432667252157e-48,0.999815658266952
2017-07-12,7.45568389705498e-95,2.6719082392255642e-05,7.986902913991403e-53,0.9999732809176084
2017-07-13,1.7186999137219727e-83,0.9999999997896296,3.655617398549254e-39,2.1037186650916335e-10
2017-07-14,7.183494673235848e-65,0.9999999999963975,5.853489760968294e-19,3.603247357404848e-12
2017-07-17,8.306741826907785e-71,0.9998363847245659,3.049197272666403e-25,0.00016361527543533774
2017-07-18,5.800754977421423e-67,0.9999999999999964,3.2313208267852717e-18,3.74307738064902e-15
2017-07-19,8.376913830419503e-74,0.9999999998760281,5.641521306760969e-25,1.2397111726476343e-10
2017-07-20,6.232854541500177e-80,1.0,8.573705816674863e-37,2.1607217610868197e-60
2017-07-21,7.362601482030166e-41,0.00020406422650570455,0.9997959357734958,2.0032749941888706e-60
2017-07-24,2.7709161093608563e-36,0.0028191904915271116,0.9971808095084738,3.5749333477903176e-56
2017-07-25,2.76893573093873e-41,1.1179124983227678e-10,0.9999999998882103,1.4707536482872977e-94
2017-07-26,1.1826209687354898e-40,7.117628089592819e-08,0.9999999288237181,2.446993879659554e-77
2017-07-27,9.247253117859149e-39,4.38864086631873e-07,0.9999995611359122,1.662345928188325e-71
2017-07-28,4.494765482156616e-39,1.039655543011825e-06,0.9999989603444566,1.2555745599614226e-70
2017-07-31,1.733163297257829e-38,4.6677920013061635e-23,1.0,1.4532210452383083e-171
2017-08-01,1.9019659649584948e-27,5.695013082345404e-17,1.0,8.206200722304384e-151
2017-08-02,4.8797077682190725e-27,2.432557752096362e-14,0.9999999999999751,2.260321486266545e-130
2017-08-03,5.315852792643012e-27,6.267177496824502e-17,1.0,1.298609683745688e-149
2017-08-04,4.313606594454522e-24,1.0453281834889462e-19,1.0,6.820274914940438e-172
2017-08-07,6.81868992270151e-20,2.7146076421310705e-21,1.0,3.2267803174808892e-170
2017-08-08,7.649348165401142e-17,1.0567266339775475e-11,0.9999999999894342,5.5763101365976795e-104
2017-08-09,3.027318939759065e-19,2.981981829398608e-22,1.0,1.524793667467458e-174
2017-08-10,5.448796248784681e-19,1.937141863850881e-22,1.0,1.954755753355044e-170
2017-08-11,4.396340678467132e-17,4.0995115521534457e-13,0.9999999999995914,8.570103444833424e-122
2017-08-14,9.521669933982113e-14,1.3518687332730326e-08,0.9999999864812176,1.4411005818449873e-85
2017-08-15,2.2948156041726594e-13,3.051580869731051e-09,0.9999999969481905,5.974967151456663e-85
2017-08-16,2.2093554938108458e-14,9.465296172955543e-10,0.9999999990534469,2.325424300859994e-78
2017-08-17,6.279391433588102e-17,2.3511445570578047e-11,0.9999999999764881,6.265077364055358e-90
2017-08-18,6.791643403932762e-15,1.2915171468180772e-07,0.999999870848279,5.622823319193883e-69
2017-08-21,2.4153545787100678e-14,5.802695841907945e-10,0.9999999994197069,2.8113586083245693e-84
2017-08-22,3.2451741144877944e-13,1.0600509589308522e-15,0.9999999999996732,7.161571260458641e-126
2017-08-23,3.346458847012206e-13,1.628662259257942e-11,0.9999999999833804,3.993435783890339e-103
2017-08-24,4.475422485502127e-15,2.7955957160100618e-18,0.9999999999999964,2.383402117819831e-138
2017-08-25,2.5601607982756637e-15,9.265722028398052e-12,0.999999999990731,5.330759785284881e-100
2017-08-28,1.2214699198985218e-15,1.1972429297827457e-12,0.9999999999988027,3.844054761840448e-111
2017-08-29,1.9078030294540458e-14,3.1232691132946676e-27,0.9999999999999787,2.1540245020239183e-217
2017-08-30,1.2093723100728403e-14,2.8618016044998375e-27,0.9999999999999858,6.841522238912282e-225
2017-08-31,1.1162740816113852e-11,5.329619488501627e-18,0.9999999999888374,7.277680009094042e-159
2017-09-01,1.509220207210549e-09,8.737950522759017e-17,0.9999999984907788,3.2385332361220415e-151
2017-09-04,9.143949684833366e-14,1.5124054071735492e-24,0.9999999999999076,6.4031228217671965e-199
2017-09-05,9.965311907577163e-10,6.230316339228712e-15,0.9999999990034638,1.4816853163297574e-118
2017-09-06,8.003606982792737e-10,1.6721866693605398e-14,0.9999999991996233,2.566010471522404e-114
2017-09-07,4.568136606724858e-09,1.5741496979058815e-09,0.9999999938577133,2.939785677112106e-82
2017-09-08,4.085000949934423e-11,3.792127788005315e-14,0.9999999999591118,1.774533707837702e-110
2017-09-11,1.4739709499122005e-11,5.383523301876367e-16,0.9999999999852598,3.7498240903798415e-112
2017-09-12,8.730269262863803e-13,2.445720349472122e-09,0.999999997553406,1.6094240956190179e-71
2017-09-13,1.1977611879254265e-13,4.445158728723595e-16,0.9999999999998792,1.444014899768429e-118
2017-09-14,4.2800796042603777e-13,8.712193936628665e-10,0.9999999991283524,3.7399547917700784e-76
2017-09-15,4.6292042942639995e-14,4.302709527224286e-10,0.9999999995696811,1.3632916493753999e-77
2017-09-18,6.986945500902053e-13,4.658863630760714e-14,0.9999999999992539,3.7640048170699485e-104
2017-09-19,5.629410446555234e-15,6.765953306031994e-13,0.9999999999993179,2.373677915612584e-100
2017-09-20,3.008786270696524e-11,8.022247027359456e-15,0.999999999969905,1.7711305507032417e-122
2017-09-21,1.7837385326665493e-10,3.698227528770203e-15,0.9999999998216218,6.032010794452646e-126
2017-09-22,1.571789769442316e-09,5.717392834993903e-13,0.99999999842764,1.360263643785974e-115
2017-09-25,4.705255400486671e-09,1.950093335045143e-14,0.9999999952947256,6.775946752820993e-121
2017-09-26,4.728897740387475e-10,4.212977138968798e-10,0.9999999991058139,4.118446244137014e-97
2017-09-27,2.356173096568101e-10,1.0721214165227461e-07,0.9999998925522413,1.0601299329376417e-72
2017-09-28,9.254466802381949e-13,2.0140405074627892e-12,0.9999999999970619,2.1348195912544387e-104
2017-09-29,6.931858583992247e-13,2.184754251199964e-15,0.9999999999993037,4.8248867664953694e-122
2017-10-02,2.985815870128408e-13,4.4490658012363686e-15,0.999999999999698,8.834474896240749e-121
2017-10-03,9.057298926368576e-13,3.418689147871863e-09,0.9999999965804065,2.854721894482182e-87
2017-10-04,7.130449102349235e-13,1.0727948564016608e-08,0.9999999892713376,1.6246144484105857e-82
2017-10-05,1.391439710088277e-14,2.887053314856856e-09,0.9999999971129334,1.370060045326015e-76
2017-10-06,1.061141521406419e-15,5.0792053354480325e-11,0.9999999999492069,3.3058197358273696e-89
2017-10-09,3.222437869872321e-18,2.769551792291576e-13,0.9999999999997229,1.5515826820392394e-101
2017-10-10,3.8601761788940845e-17,1.9499586936502213e-13,0.9999999999998046,5.047961110308221e-103
2017-10-11,1.6469098508021053e-15,8.390430298804618e-10,0.9999999991609556,1.9458252328942755e-87
2017-10-12,1.1243538092743995e-17,7.33821624832329e-13,0.9999999999992646,1.4273600549363508e-106
2017-10-13,1.4933085531258734e-15,5.771246870935724e-16,0.9999999999999964,4.6788935229830074e-136
2017-10-16,4.585243233531193e-15,1.5775300945534192e-09,0.9999999984224637,3.8204495455420105e-91
2017-10-17,1.2163879208786062e-16,1.4330327021381916e-11,0.9999999999856684,1.4156342352318988e-104
2017-10-18,7.900356967044734e-18,7.019598277544953e-18,1.0,3.5406365189635016e-144
2017-10-19,5.745356294657019e-17,4.441364162794782e-09,0.9999999955586354,8.610146924709187e-86
2017-10-20,3.3036349522396565e-18,2.1507955424180304e-07,0.9999997849204458,2.7918945375725676e-69
2017-10-23,1.1299059413608902e-19,9.257737885268395e-12,0.9999999999907416,6.725218364370632e-96
2017-10-24,1.612227111497273e-21,2.8334062004333105e-13,0.9999999999997158,8.650493910645945e-105
2017-10-25,4.965605360098637e-22,1.1621257085323945e-14,0.9999999999999893,2.872361768136232e-115
2017-10-26,1.905967282366047e-24,4.849540247737416e-17,1.0,2.4721796099835932e-132
2017-10-27,6.071253511423421e-25,1.4298858454220948e-12,0.9999999999985718,2.4908349862246997e-106
2017-10-30,1.6299828757752352e-22,7.598900313408995e-13,0.9999999999992397,7.494886393125447e-112
2017-10-31,5.041519058838518e-23,8.154838866872352e-10,0.9999999991845172,5.846054765889922e-90
2017-11-01,3.9016848561160385e-23,3.2304699287019592e-12,0.9999999999967706,1.8716598725597928e-106
2017-11-02,8.47523751976937e-24,7.402592292042363e-11,0.9999999999259757,5.637196684089378e-90
2017-11-03,1.612728635751762e-20,5.980680184692673e-15,0.9999999999999929,1.899221912872633e-127
2017-11-06,2.1483370132756433e-24,5.0181893342941765e-17,1.0,1.740315969259901e-150
2017-11-07,1.127989756283579e-24,4.060575616251064e-16,1.0,5.367702517458224e-144
2017-11-08,2.1466761243058724e-28,1.2356666264216987e-24,1.0,7.453339882822726e-200
2017-11-09,1.1461567471775302e-28,2.4386596308845498e-20,1.0,5.596303582404689e-177
2017-11-10,8.369987084622296e-28,1.2833556673744714e-17,1.0,4.737197099197816e-142
2017-11-13,8.253142203182e-28,2.1833842254005602e-13,0.9999999999997833,1.2035114086500829e-113
2017-11-14,9.823721877237405e-27,2.6404810525367105e-14,0.9999999999999751,3.0481634343937463e-119
2017-11-15,1.6814111154864835e-26,2.363510435603706e-08,0.9999999763648939,4.02493148601328e-70
2017-11-16,3.071401012290607e-26,6.823990498580677e-10,0.9999999993176019,5.700575884029507e-81
2017-11-17,2.3962297065678867e-26,3.7712525785267256e-14,0.9999999999999609,5.474577219971998e-106
2017-11-20,1.2646422485125326e-25,6.601133938003833e-12,0.9999999999933991,3.681558288095474e-95
2017-11-21,1.5779481302961665e-22,1.7201184362592477e-13,0.9999999999998295,3.320508491377994e-108
2017-11-22,2.911625460834822e-22,8.897060251374211e-10,0.9999999991102939,2.652359721445712e-87
2017-11-23,2.322595302015814e-22,1.7608204574837422e-10,0.9999999998239169,7.566243728789004e-94
2017-11-24,4.1814656615564654e-19,1.1957897750788723e-18,1.0,2.2930002637113056e-147
2017-11-27,4.815955726008686e-17,6.162183232540251e-16,1.0,4.810050152199456e-134
2017-11-28,5.543012988672806e-18,1.1645539211779097e-14,0.9999999999999893,8.015991573487152e-123
2017-11-29,5.18800299019864e-17,4.3707083621713855e-12,0.9999999999956302,8.620079041161296e-108
2017-11-30,1.110639445493318e-16,3.79462837079718e-13,0.9999999999996199,6.74633402155298e-114
2017-12-01,1.445722849000226e-17,7.394904136092979e-08,0.9999999260509602,1.3533318437418422e-71
2017-12-04,6.003799453220413e-18,1.3214761316904548e-06,0.9999986785238688,3.3090780801516463e-66
2017-12-05,3.74652093597758e-18,2.561961182201133e-07,0.9999997438038805,4.0888816634906215e-69
2017-12-06,7.503779230100151e-16,5.641488601976261e-09,0.999999994358511,5.558153104208671e-88
2017-12-07,1.5139481444419654e-16,4.0963918015660956e-07,0.999999590360821,5.455651444997524e-78
2017-12-08,1.498510964976112e-17,1.3153080834368914e-09,0.999999998684693,5.2704849834567016e-89
2017-12-11,1.5462314398288285e-17,5.167150757794839e-11,0.9999999999483293,5.780215310062929e-101
2017-12-12,4.821029617852841e-17,1.0912881005982107e-09,0.9999999989087129,6.971563898524354e-90
2017-12-13,1.9645045191045005e-18,7.582119319593408e-29,1.0,6.3405570649278954e-195
2017-12-14,4.010154653893616e-14,1.4298754320512256e-18,0.9999999999999609,2.0271974238558913e-142
2017-12-15,6.404697831587512e-14,6.337511153955659e-08,0.9999999366248231,1.6855785984894885e-87
2017-12-18,4.1606929016468128e-16,3.4238037156778253e-19,1.0,1.8377475427303024e-156
2017-12-19,4.552510792180877e-19,1.7499107008071348e-14,0.9999999999999822,2.3584040621049516e-129
2017-12-20,1.585780754855657e-20,6.6435252830879275e-15,0.9999999999999929,1.3304103697574443e-138
2017-12-21,8.632604907700782e-23,1.0134226700556243e-15,1.0,3.03172881017916e-131
2017-12-22,4.4680487362564565e-95,1.0,9.726046425753027e-72,2.046769379867778e-54
2017-12-25,1.6446377130930902e-57,1.0,3.7832651634471786e-36,2.24811850445997e-41
2017-12-26,2.2879636246505187e-59,1.0,2.7524117360247027e-38,6.457542343461503e-34
2017-12-27,7.278762927580108e-68,1.0,2.444482078474276e-46,5.423398712886085e-26
2017-12-28,8.468472856026027e-73,0.999999978840233,5.444292317837516e-51,2.1159766975609432e-08
2017-12-29,5.131217719231314e-66,0.999999921839492,2.658511537930535e-45,7.816050849314447e-08
2018-01-01,2.909851344158225e-60,0.9999999237378916,6.150788573788234e-40,7.626210951636587e-08
2018-01-02,1.824247573967575e-67,0.9999984884218824,1.2179548644593742e-47,1.5115781181314613e-06
2018-01-03,4.856006518960526e-61,0.9999998909384497,1.3215784103022428e-40,1.0906154925926147e-07
2018-01-04,5.777563182833236e-62,0.9999972647934673,6.666476740094142e-42,2.735206534001859e-06
2018-01-05,1.8209259048737334e-61,0.9999999996059152,2.7279524644072758e-40,3.9408600333291086e-10
2018-01-08,5.771805380382026e-69,0.9999996526500289,3.9849757637483806e-48,3.473499704035822e-07
2018-01-09,7.883671566114697e-65,0.9999999646301567,1.8142668517901255e-44,3.536984503916702e-08
2018-01-10,5.589167101448399e-70,0.9999999926479219,2.6922006422129466e-49,7.352077833861369e-09
2018-01-11,2.0902300565388934e-69,0.9999999957924679,4.370898593920755e-48,4.207530746486278e-09
2018-01-12,1.5107585654370082e-72,0.9999999564802993,5.324778194089949e-51,4.3519700871112644e-08
2018-01-15,1.443091808706381e-72,0.9997817331659339,2.2891790495940407e-51,0.0002182668340677299
2018-01-16,1.91270397039703e-72,0.9977831140346867,1.8638863543704356e-50,0.002216885965314015
2018-01-17,7.66405116621497e-69,0.9335152316986108,8.516880855740463e-46,0.06648476830139055
2018-01-18,8.049446093961975e-74,0.9781501720479351,6.468156808324086e-48,0.021849827952065325
2018-01-19,1.0718095479845343e-77,0.14749696217595748,5.4191014780515466e-52,0.852503037824043
2018-01-22,7.133659452247402e-70,0.8126174796424666,1.7395277839105236e-43,0.1873825203575339
2018-01-23,1.2592712830176301e-73,0.6225460269252137,2.190971419105388e-47,0.377453973074785
2018-01-24,6.138334321160102e-69,0.40322820709850243,5.719288701404807e-42,0.596771792901498
2018-01-25,2.862168171477878e-56,0.9999999999999964,5.939113797650375e-29,4.869309675733033e-15
2018-01-26,1.6940103893896526e-56,0.9999999780629703,1.891749621747531e-29,2.193703078510409e-08
2018-01-29,1.5032161638797354e-48,0.999999999985711,2.1173705074576813e-21,1.428957475128401e-11
2018-01-30,2.4419338676163953e-42,1.0,1.961144888210794e-18,7.845234238271899e-19
2018-01-31,1.2427455385654272e-44,1.0,4.512063187768826e-21,2.012847393077511e-19
2018-02-01,7.802258592394778e-46,1.0,3.8134828864126804e-22,9.057273398998346e-19
2018-02-02,3.6971150889869825e-47,0.9999999999999929,9.027725115992238e-24,7.320135251990132e-15
2018-02-05,6.097578082932204e-47,0.9999999999999041,1.090540001562493e-23,9.591961061830662e-14
2018-02-06,1.3856257797201553e-44,1.0,4.0598775761046845e-20,1.0701072866238047e-15
2018-02-07,6.9238831182705404e-46,1.0,2.65805540756963e-22,1.9360787850609926e-16
2018-02-08,4.152623001678954e-51,0.999999995141085,2.2003398733230497e-27,4.858915130077887e-09
2018-02-09,7.203592349463648e-52,0.9999999911514053,7.730756128028036e-29,8.848594567256277e-09
2018-02-12,2.0111877681092513e-51,0.9999999891860227,5.028443761291081e-28,1.0813976273383622e-08
2018-02-13,4.1845729140315474e-50,0.9999999961753687,1.2081793640041212e-26,3.824631512568804e-09
2018-02-14,7.135197669755142e-48,0.9999999990925907,3.1751958022484413e-25,9.074109430298751e-10
2018-02-15,2.7331939534699755e-42,0.9999999999999822,4.82207946177018e-20,1.6597469230915176e-14
2018-02-16,4.644984507503736e-51,0.9999999998706883,1.3496134611378782e-27,1.293105522312998e-10
2018-02-19,3.12297092917602e-50,0.9999999999975806,2.533308248982039e-25,2.417866653159973e-12
2018-02-20,6.298627695097837e-46,1.0,1.1614604033579508e-25,5.577840307634161e-18
2018-02-21,1.7092803930237631e-43,1.0,1.5533773400811826e-22,7.552443931395546e-17
2018-02-22,3.830755767410241e-43,1.0,5.952117311601176e-22,6.416320847910782e-16
2018-02-23,4.047612297116492e-43,1.0,1.6724476142850854e-22,1.7674577641624855e-16
2018-02-26,7.138643330551217e-36,1.0,1.511554804350501e-17,1.9566532490545793e-24
2018-02-27,2.2616709345104175e-37,0.9999999999999076,1.7850383463354287e-18,9.066756066770192e-14
2018-02-28,1.3573249900248055e-40,0.999999999998721,2.9178080045819713e-20,1.2778252861615345e-12
2018-03-01,8.827868779491275e-41,0.9999999999999893,3.053789881958712e-20,1.1544744668302608e-14
2018-03-02,4.86057225689247e-47,0.9999997233897178,1.2248295099546888e-26,2.76610281647746e-07
2018-03-05,2.2524187443160226e-45,0.9999939771996976,3.723593503328895e-24,6.022800302354344e-06
2018-03-06,3.8555501292300025e-43,1.0,6.645466226070547e-24,1.0945985373860088e-20
2018-03-07,5.716538589992412e-42,0.9999999999828475,1.4260065942829193e-21,1.715227538009022e-11
2018-03-08,4.611559695291354e-54,0.9999999997151505,3.271056637675444e-27,2.848501749586722e-10
2018-03-09,6.506706293381915e-52,0.9999999999959144,2.6708024095874423e-25,4.083895236228198e-12
2018-03-12,6.326547254467727e-57,1.0,2.8720031652066776e-25,3.61683931368726e-19
2018-03-13,6.645218416080443e-49,1.0,4.5855597625453103e-20,7.336966475391054e-25
2018-03-14,3.410224471193491e-53,0.9999999999985043,2.4069804061353776e-20,1.4970820852602628e-12
2018-03-15,1.9088761943466593e-65,0.9999999999293792,1.6067077987206554e-29,7.062071432236981e-11
2018-03-16,1.9808852161437027e-57,1.0,3.643934674167054e-22,1.5515128557651751e-18
2018-03-19,8.440876045117819e-60,0.9999999992914077,2.7074835347406002e-24,7.085906098987768e-10
2018-03-20,6.660047390030104e-57,0.9999999991618971,1.2021064348619937e-20,8.381027969226149e-10
2018-03-21,7.563028052030248e-67,0.9999970105711239,3.671139151422859e-30,2.9894288746363014e-06
2018-03-22,1.2545898737847983e-62,0.999999999999833,2.5469375611844937e-27,1.6666857392084136e-13
2018-03-23,6.56146000300268e-58,0.9999999997538822,1.473185265171691e-22,2.461179154276277e-10
2018-03-26,3.491032791416995e-57,0.9999999947398877,2.8046768977900445e-22,5.2601140841352305e-09
2018-03-27,1.1429609092349883e-54,0.9999999999908447,1.1621318537129464e-19,9.156071312382289e-12
2018-03-28,2.3129208609433113e-56,0.9999999999999893,1.6298900401248402e-21,1.1516673178682331e-14
2018-03-29,2.6178886938422764e-54,0.9999999999924079,3.2622881818321683e-18,7.592394604109802e-12
2018-03-30,9.656296567264561e-63,0.9999933192851508,2.1809938975329583e-26,6.680714849384979e-06
2018-04-02,7.155297497578485e-59,0.9999999365153711,2.8086300080470456e-24,6.348462776849057e-08
2018-04-03,5.605230060491524e-53,1.0,5.06208423497421e-18,2.3300812202348774e-16
2018-04-04,2.322430080615928e-63,0.9999999999978577,1.5050718865930156e-28,2.1436177988066474e-12
2018-04-05,8.24732370832878e-54,1.0,3.6368291333082475e-20,1.0128387513010361e-16
2018-04-06,2.3425684821799074e-63,0.999999999999222,2.3314331263729638e-29,7.781277182483969e-13
2018-04-09,1.407824117031354e-57,0.9999999999945324,2.7978016211660444e-23,5.468827730952949e-12
2018-04-10,6.248113958946934e-61,0.9999705919596976,4.956304429070628e-28,2.940804030129958e-05
2018-04-11,1.2181894765100448e-55,0.999999999971454,3.35032817986577e-22,2.854726613166963e-11
2018-04-12,6.597321734906265e-55,0.9999999436625744,2.2984142823903706e-20,5.633742729312224e-08
2018-04-13,2.982737000355846e-65,0.9999848148876703,3.075922697992676e-30,1.5185112330359101e-05
2018-04-16,1.0948697220030189e-61,0.9999973409411854,2.9728533492025184e-27,2.6590588157151528e-06
2018-04-17,2.7866318876846265e-58,0.9999999999948983,4.4416059933448864e-24,5.101891596014703e-12
2018-04-18,3.7087667675853844e-55,1.0,1.1303416458510044e-23,6.043962083281293e-20
2018-04-19,2.674102662400288e-53,1.0,8.268502628587997e-22,2.351000580071867e-24
2018-04-20,1.332429885897025e-48,1.0,4.9363895776872374e-17,1.0083153479321108e-24
2018-04-23,1.494851682419227e-44,0.9999999992005115,7.994891432448362e-10,1.6396864379231455e-73
2018-04-24,5.6284613307313615e-34,2.1935517996896273e-08,0.9999999780644837,7.171291389186102e-86
2018-04-25,4.74855610113905e-34,1.978277873041099e-09,0.9999999980217211,3.0444715139974147e-88
2018-04-26,1.6204850872668716e-32,6.7672591476406506e-12,0.9999999999932321,6.448025586559261e-104
2018-04-27,1.0908928320083985e-32,2.7007069474142187e-06,0.9999972992930513,5.686676009407038e-72
2018-04-30,9.732055188113051e-34,1.6307400372795127e-11,0.999999999983693,1.0044871848051234e-102
2018-05-01,1.7289702168537673e-32,7.145926671663276e-09,0.9999999928540717,1.4429357885962559e-84
2018-05-02,1.0244186952206946e-31,2.661145048717981e-08,0.9999999733885477,3.0256613518029683e-82
2018-05-03,2.127410534581367e-31,5.779886179570552e-08,0.9999999422011373,3.9677596488200007e-79
2018-05-04,9.742570550137823e-37,1.6591752969482287e-16,1.0,2.837673056335952e-128
2018-05-07,2.507294897451314e-34,5.954219549570073e-11,0.9999999999404565,1.4505563821278492e-94
2018-05-08,1.2592167516660386e-35,2.8856087730385027e-12,0.9999999999971152,2.7733215042944514e-96
2018-05-09,2.0114881141068994e-38,1.0527696247365108e-14,0.9999999999999893,5.952478276852832e-113
2018-05-10,3.4302328891430576e-40,8.226341985112656e-12,0.9999999999917719,1.4076547340678032e-92
2018-05-11,6.428325322259882e-42,4.2915858587493106e-12,0.9999999999957083,7.056810887991202e-99
2018-05-14,1.804225521087547e-36,9.352676598011785e-21,1.0,4.071284719624796e-150
2018-05-15,1.7722728268616418e-39,2.1726179683960812e-18,1.0,9.825567322370662e-137
2018-05-16,3.200097601778467e-39,1.1912797953111892e-18,1.0,1.21071636888989e-135
2018-05-17,1.6003817062621767e-35,3.847734282154246e-17,1.0,9.144891094125298e-134
2018-05-18,6.66595340715014e-35,8.559436126455299e-12,0.9999999999914415,4.413236786448815e-99
2018-05-21,6.998061218516976e-33,7.371929207768011e-12,0.9999999999926281,6.66163056547718e-103
2018-05-22,6.537182426789373e-30,1.3529772625809344e-09,0.9999999986470236,1.341651688333227e-83
2018-05-23,2.6519926280080452e-30,1.1830862430848209e-09,0.9999999988169144,8.90323861553529e-84
2018-05-24,1.161806679765108e-27,2.4064067077994444e-11,0.9999999999759375,1.321989351477302e-94
2018-05-25,2.659032641678728e-25,3.486479600511394e-09,0.9999999965135196,4.4367215645477867e-85
2018-05-28,1.353539076638236e-25,7.152469565652144e-10,0.9999999992847535,1.9948813141923386e-88
2018-05-29,5.146878969712697e-26,1.558132185595232e-07,0.9999998441867831,6.7512654037943595e-74
2018-05-30,7.480186833483766e-26,6.981035680124164e-08,0.9999999301896441,2.7190576654280758e-76
2018-05-31,8.1161888384545795e-25,1.5494256955283036e-09,0.9999999984505727,8.101643469201637e-80
2018-06-01,8.53813144079597e-26,6.560543750147603e-09,0.9999999934394559,1.4999490853652048e-76
2018-06-04,9.560011181878996e-26,8.20481210826851e-10,0.9999999991795185,4.635757938257e-83
2018-06-05,2.1930268697705808e-26,2.614588623467726e-09,0.9999999973854123,1.6126014638565245e-76
2018-06-06,2.3297691430830415e-25,3.57289603973538e-06,0.9999964271039609,8.731646933768988e-63
2018-06-07,5.0438170054195734e-26,1.2637803405173048e-08,0.9999999873621982,3.1058637436949066e-79
2018-06-08,2.9218404202309946e-25,9.426346338722044e-08,0.9999999057365381,8.681356427355172e-77
2018-06-11,3.8756641705697307e-25,3.4084780548194387e-07,0.9999996591521961,4.3857929260450755e-73
2018-06-12,1.0667502686808606e-24,1.0258128721703113e-20,1.0,7.173470128372563e-156
2018-06-13,9.237911848598427e-25,4.271867133601077e-16,1.0,7.945520623724776e-139
2018-06-14,7.45653521209945e-20,2.1143298822461453e-19,1.0,4.682529884931304e-168
2018-06-15,4.301923508077886e-18,3.1703703650652826e-16,1.0,6.604260635375075e-155
2018-06-18,1.174842951614717e-41,1.0,6.320040403303374e-25,5.001269721499936e-96
2018-06-19,4.899014281147081e-30,1.0,3.318139340016324e-15,1.3056842193007946e-59
2018-06-20,4.034644571698515e-33,1.0,1.7519645040224836e-17,3.3052404808765196e-62
2018-06-21,1.962462651352885e-37,1.0,3.0959960446615207e-21,1.4290400334692049e-27
2018-06-22,2.7699464987107425e-38,1.0,9.107626909172944e-23,2.848125351295948e-21
2018-06-25,4.2813055364450354e-35,1.0,4.958797098258736e-19,1.4100599761978451e-16
2018-06-26,4.139132777625902e-41,0.9999999999999964,1.1308094504642136e-24,4.502299341525933e-15
2018-06-27,5.615465721213699e-38,0.9999999999995381,1.9982163403544155e-21,4.605557796906225e-13
2018-06-28,2.3557728747614073e-36,0.9999999999999929,1.514979016761565e-19,8.370211729905983e-15
2018-06-29,1.0474386956134424e-38,0.9999999988452721,2.030344868466589e-21,1.1547290666911338e-09
2018-07-02,1.2787571210106306e-34,0.9999999999994031,2.7738097745646854e-17,5.95651428225298e-13
2018-07-03,2.148209119368866e-39,0.9999998679246127,1.9662259293460534e-22,1.320753862140236e-07
2018-07-04,1.79051822366558e-42,0.9999999999989733,2.9329203867164336e-25,1.025833110949809e-12
2018-07-05,9.030584668176483e-35,1.0,4.4496963060040885e-18,1.6052314729796428e-15
2018-07-06,8.097184512001971e-32,1.0,4.531244900080775e-17,1.005118410170388e-16
2018-07-09,1.707715080326329e-31,1.0,3.155314458080475e-18,4.703591746762086e-21
2018-07-10,2.1515660958470605e-29,1.0,1.905910209781901e-17,4.929181894768792e-27
2018-07-11,1.3975389025623034e-37,1.0,2.1463432144241625e-25,7.414483089897394e-24
2018-07-12,2.0602102447319266e-33,1.0,1.3171322824512888e-18,7.360826426684399e-28
2018-07-13,3.82188953343533e-39,1.0,3.3856038930906565e-25,1.098040632700806e-20
2018-07-16,3.490669091981558e-36,1.0,3.066141243442595e-21,4.1872275849763783e-23
2018-07-17,1.0002002547329655e-38,1.0,1.5888144116328765e-25,2.523271907209967e-16
2018-07-18,4.6682085178363625e-34,0.9999999999999964,2.331290727576751e-20,3.2048034314199923e-15
2018-07-19,3.3668329093719434e-40,0.9999999999991758,9.742046348330297e-26,8.248135883418639e-13
2018-07-20,1.8777677386304774e-39,0.9999999990581045,2.565439425178869e-25,9.41895092786035e-10
2018-07-23,1.096688215394169e-39,0.9999999983086028,2.6414149804214927e-27,1.6913981250976925e-09
2018-07-24,9.48604223721607e-33,1.0,1.6560705458838558e-20,8.182899947030307e-17
2018-07-25,3.438007099459758e-37,0.999999996890093,9.486278652824779e-26,3.1099076181234996e-09
2018-07-26,6.693097269985856e-35,0.9999999896147713,3.129995510398062e-23,1.0385228782148905e-08
2018-07-27,1.3440566884847346e-35,0.9999999999643379,2.884769886036156e-25,3.5662976968009005e-11
2018-07-30,1.1634336533352516e-31,0.9999999999976552,4.510350942095812e-21,2.346407350648248e-12
2018-07-31,1.0483994464339217e-35,0.9999999999976232,2.8151218464933168e-27,2.377338095357369e-12
2018-08-01,3.7335649108971116e-29,0.9999999999992255,3.9328809211865526e-21,7.738627607641083e-13
2018-08-02,5.220594454645775e-35,0.9999999999368256,1.5251687615248732e-27,6.317532060629434e-11
2018-08-03,8.665903524459787e-36,0.999999998685638,1.3316970397215973e-29,1.3143616013048198e-09
2018-08-06,2.9648218792485638e-33,1.0,1.732160445542628e-26,1.2159334866133e-15
2018-08-07,3.5696937309941663e-38,0.9999999986844834,2.770830478724073e-30,1.3155157972639046e-09
2018-08-08,1.7110263890445897e-34,0.9999999999996909,6.792563161364296e-26,3.1074415575640105e-13
2018-08-09,3.188755329359574e-37,0.9999999998686171,4.738917702088079e-28,1.3138244435367736e-10
2018-08-10,1.6669520385699645e-32,0.9999999999837001,1.6209086376719718e-22,1.6299726658628702e-11
2018-08-13,2.067458786918465e-36,0.999999999966068,6.545114200440681e-25,3.393351559336552e-11
2018-08-14,7.2614719932191955e-40,0.9999999999874234,9.335429760158893e-28,1.2577680374786317e-11
2018-08-15,5.178786698326426e-35,1.0,2.9366316864138287e-24,4.0746104672909085e-19
2018-08-16,1.8583539244884214e-41,0.9999998166211473,7.044547425741022e-29,1.833788523681219e-07
2018-08-17,1.1507308213607195e-40,0.9999999999842579,5.305159805218404e-28,1.5743575146649582e-11
2018-08-20,5.427592964414764e-40,0.9999999989480024,8.652679086207066e-27,1.0519966994169786e-09
2018-08-21,7.2215087844367e-42,0.9999999984695975,2.889665256388893e-29,1.5304035305051727e-09
2018-08-22,5.381092478937972e-40,0.9999999999990052,1.4547683836443684e-27,9.950848239406078e-13
2018-08-23,6.793506207085079e-34,1.0,1.3675253750330668e-20,4.109945831051095e-17
2018-08-24,1.2988198975993886e-35,0.9999999999995204,3.4218195651872604e-22,4.806283958369902e-13
2018-08-27,1.6876142094246658e-32,0.9999999999644871,2.5011082415228208e-20,3.551390517490221e-11
2018-08-28,5.773233724083053e-39,0.999999999999968,3.408270756186509e-27,3.1889571359351246e-14
2018-08-29,2.5147981706266345e-34,0.9999999987019876,4.731789621108435e-22,1.2980122151584667e-09
2018-08-30,1.1129620405066597e-39,0.9999992152779692,2.251946260125532e-27,7.847220315686121e-07
2018-08-31,7.937022657799689e-41,0.9999999999763247,3.863264469175017e-28,2.367617879330418e-11
2018-09-03,1.6665549114561372e-33,1.0,8.68185252197116e-22,1.241968256120607e-15
2018-09-04,1.0705850539815017e-43,0.999999999999968,2.9834150460682225e-30,3.202151865961271e-14
2018-09-05,4.407070264688652e-37,1.0,1.1228436340638883e-24,9.361807211831337e-18
2018-09-06,1.340924396545498e-40,0.9999999999582769,9.39045086870551e-22,4.172227085017868e-11
2018-09-07,2.6072737501772237e-43,0.9999981513754842,5.177891906043876e-24,1.8486245161223854e-06
2018-09-10,3.537801783887297e-42,0.9999999999489901,5.114205290411418e-24,5.1011319467375676e-11
2018-09-11,2.3483249085269523e-45,0.9999998922822191,2.0785221789938935e-26,1.0771778162992711e-07
2018-09-12,1.080998901208939e-48,0.9999866643727054,4.487686053589484e-30,1.3335627294873955e-05
2018-09-13,2.3733743434618575e-41,0.9999999999999787,2.0737167087868717e-21,2.0193910660769256e-14
2018-09-14,3.444751756493509e-49,0.999999982242148,1.5374133337665212e-29,1.7757852682868213e-08
2018-09-17,3.1217647552306944e-48,0.9890123348400782,3.215436377706093e-28,0.010987665159921303
2018-09-18,3.067587994581348e-51,1.0,9.049389326664386e-31,8.568464285613005e-63
2018-09-19,6.180358949564754e-19,0.05195812892202333,0.9480418710779775,3.585458778776633e-58
2018-09-20,5.288298082644406e-19,0.0016030470611038507,0.9983969529388954,3.958211908684096e-61
2018-09-21,8.71851702916133e-19,0.04279238737708644,0.9572076126229151,9.236855819086586e-53
2018-09-24,2.287057399215575e-18,0.003227590412715606,0.9967724095872837,1.2052383214092282e-62
2018-09-25,1.1163220497037706e-17,0.020335467499645408,0.9796645325003542,6.970203128747564e-58
2018-09-26,8.248906928813059e-19,0.0003409415523487788,0.9996590584476506,1.2138598396871895e-68
2018-09-27,8.066831912436211e-19,2.2860038216575437e-05,0.9999771399617853,1.0506136988419943e-74
2018-09-28,8.593698639879107e-17,3.6165914210342145e-18,1.0,1.0741770739336865e-154
2018-10-01,8.225447459422915e-18,4.254234764474456e-07,0.9999995745765221,2.37877636104626e-92
2018-10-02,8.665420977961524e-18,8.682867268127576e-14,0.9999999999999147,2.919489285940356e-137
2018-10-03,2.1872735835510813e-17,2.6102903440449434e-10,0.9999999997389715,3.8406809440105373e-112
2018-10-04,8.04743590120029e-16,4.52697910406373e-15,0.9999999999999929,3.156713283946553e-140
2018-10-05,2.5798296036481104e-11,3.026103155406966e-09,0.9999999969480982,4.747719235687464e-93
2018-10-08,2.999737100519016e-11,6.483509772461004e-06,0.9999935164602295,1.332914584455147e-73
2018-10-09,4.35613634824684e-11,5.205573152797581e-05,0.9999479442249111,1.4561892113470073e-68
2018-10-10,8.013933629818351e-11,2.462216083100207e-12,0.9999999999173994,1.8565000229106e-116
2018-10-11,5.419825335875125e-09,3.947675157428017e-06,0.9999960469050155,1.8585722883096713e-78
2018-10-12,1.0946333810395467e-77,1.0,1.0873199063224371e-68,2.515334795195872e-21
2018-10-15,2.5632959202783038e-51,1.0,2.0158093463283426e-43,3.8408823673187545e-16
2018-10-16,2.953764690199625e-47,1.0,1.0900208085442851e-39,1.016451619014668e-15
2018-10-17,2.7706146390624836e-58,0.01672830602932799,1.7480486836162428e-50,0.9832716939706727
2018-10-18,1.948703270441286e-62,0.00022873009846312352,3.9909800382392894e-54,0.999771269901537
2018-10-19,2.7928379202986216e-58,0.004429575954638681,4.0153861577668976e-50,0.9955704240453623
2018-10-22,1.2645784056405904e-63,0.009234615776700726,2.6629424596256205e-55,0.9907653842233006
2018-10-23,2.6591707702317335e-58,0.004626435619401652,2.199490361584018e-49,0.9953735643805998
2018-10-24,5.0813630411923006e-55,0.0068029138686600075,3.693804285743545e-46,0.9931970861313406
2018-10-25,5.117838437201341e-65,0.07816306254047334,3.728351177297919e-56,0.9218369374595254
2018-10-26,6.735625794468123e-68,5.553469658063652e-06,4.2146849591811837e-57,0.9999944465303425
2018-10-29,3.322679421022068e-58,0.001059863715318726,1.6898104550719573e-47,0.9989401362846806
2018-10-30,5.627493149774428e-63,0.0002807656874457075,9.114818504365263e-53,0.9997192343125549
2018-10-31,3.342740263033057e-62,0.0002156130386338185,6.517165219552612e-52,0.999784386961367
2018-11-01,4.4120919578545596e-60,0.0012159554393296077,9.704487066913398e-49,0.9987840445606703
2018-11-02,7.469207864754909e-63,0.00027103434349503544,1.708724885889951e-51,0.999728965656504
2018-11-05,7.10113132035652e-74,2.001416374212954e-05,4.06187246278395e-62,0.9999799858362586
2018-11-06,1.0584631219829614e-63,0.00023239812344395117,4.996616899931033e-51,0.9997676018765562
2018-11-07,3.316524051014539e-66,2.986900097390186e-07,6.906556660082903e-50,0.9999997013099906
2018-11-08,3.5241699680075606e-83,3.329415216950967e-07,1.1719241793050927e-66,0.9999996670584789
2018-11-09,3.221414662606913e-80,4.411451415064899e-08,1.6274329345659362e-63,0.9999999558854863
2018-11-12,1.304535081984356e-72,1.9166877756026383e-07,2.1681023993240676e-55,0.9999998083312219
2018-11-13,1.237374684699665e-71,8.63432810673846e-07,3.8885342299021265e-54,0.99999913656719
2018-11-14,2.5281688450089384e-74,2.276704270240859e-06,4.617923817700964e-57,0.9999977232957296
2018-11-15,9.612566705236454e-74,8.721744950911817e-08,2.9570634570002924e-56,0.999999912782551
2018-11-16,1.959218980657809e-71,2.2746921036526173e-07,2.6104580507615813e-53,0.9999997725307895
2018-11-19,5.3417535126143614e-76,2.910665240002398e-08,2.196941720129005e-57,0.9999999708933474
2018-11-20,1.3765735123567014e-79,6.925101919823746e-06,9.927670229237669e-61,0.9999930748980801
2018-11-21,3.416246597330855e-82,3.295601465967036e-08,5.4000857063689826e-64,0.9999999670439857
2018-11-22,5.3154882561355733e-76,3.2568427271958887e-07,1.1490685133153074e-57,0.9999996743157273
2018-11-23,7.707530906959797e-69,8.225045930344412e-07,1.8064072273155426e-50,0.9999991774954066
2018-11-26,3.2877112781454505e-75,7.488257318905795e-08,1.9250356053677687e-56,0.9999999251174271
2018-11-27,5.424333074833387e-80,2.2484773441015827e-08,8.56649320968958e-60,0.9999999775152271
2018-11-28,1.873059997437452e-72,1.4883733681482979e-07,1.2905614436625023e-51,0.9999998511626633
2018-11-29,1.88189042560261e-81,7.4045247099034925e-09,1.069835865721439e-60,0.999999992595475
2018-11-30,2.936885836400267e-79,5.8442838536908216e-09,8.388482655178998e-58,0.9999999941557167
2018-12-03,3.3226930534892483e-88,2.2025608459848378e-09,3.6030832767483983e-65,0.9999999977974383
2018-12-04,1.1490394033325088e-78,5.464510508304634e-08,4.19677586436854e-55,0.9999999453548952
2018-12-05,1.1398349843874765e-77,5.017092001007393e-09,7.088331525204897e-55,0.9999999949829075
2018-12-06,2.5262327596882404e-75,3.44045968233072e-08,1.8336711376319566e-52,0.9999999655954023
2018-12-07,1.099843171862036e-83,2.2358887208664335e-08,7.635564513606679e-61,0.9999999776411121
2018-12-10,4.1224676121371287e-82,3.212773997331278e-09,3.0543563318295447e-59,0.999999996787226
2018-12-11,1.4271746485296144e-85,1.3024673090476134e-08,3.1663593643544397e-63,0.9999999869753272
2018-12-12,2.328592193761298e-75,1.1405701002395338e-06,1.2684042989716638e-51,0.9999988594298997
2018-12-13,3.5645577699213613e-90,2.2801688317024588e-08,4.6819079880627676e-67,0.9999999771983108
2018-12-14,5.812096255265069e-80,2.174260325412336e-08,9.797859112525073e-57,0.9999999782573961
2018-12-17,4.288806994472189e-76,1.7381543373969686e-07,5.415341611195536e-53,0.999999826184566
2018-12-18,3.1434568915234437e-84,1.4066507582862934e-06,4.353988639852305e-62,0.9999985933492413
2018-12-19,5.508460301219223e-81,2.839981433654243e-07,1.3494421096173024e-58,0.9999997160018571
2018-12-20,2.2533069233989458e-87,4.475962112766819e-07,8.317935920957445e-64,0.9999995524037881
2018-12-21,1.0554103399529438e-77,0.00019913450862643582,1.6557233348219357e-53,0.9998008654913737
2018-12-24,1.456070826527626e-69,0.003975980037546938,6.383155691695997e-45,0.9960240199624536
2018-12-25,2.4423898644949147e-81,0.0005202834495632937,2.453751640953458e-54,0.9994797165504362
2018-12-26,1.0515965519781445e-72,0.003025258472866094,2.0770570711611252e-45,0.9969747415271322
2018-12-27,2.0250756476060496e-100,1.1017103014244554e-06,4.1680654528833836e-64,0.9999988982896995
2018-12-28,5.6937673982808374e-95,2.723343756140791e-05,1.6390308718023265e-54,0.9999727665624373
2018-12-31,1.5473493453280717e-87,4.716726766382966e-05,1.629523977445205e-47,0.9999528327323358
2019-01-01,2.8382614373858876e-88,1.0125446642141937e-05,2.096277612678842e-47,0.9999898745533576
2019-01-02,4.212298260962468e-96,1.0891890563513455e-05,8.878101627031123e-58,0.9999891081094364
2019-01-03,3.6212689660753507e-88,3.669761865584047e-05,3.0632659347435065e-51,0.9999633023813439
2019-01-04,1.1387973960941917e-85,5.97204437919024e-06,1.1026079529823988e-48,0.9999940279556209
2019-01-07,4.9303430677030375e-86,2.2165477579060468e-05,1.4493158955298154e-49,0.9999778345224205
2019-01-08,9.490278294369083e-88,8.425687205631594e-05,6.167910892373231e-51,0.9999157431279432
2019-01-09,1.7580975586019557e-96,4.928377315387281e-05,7.219834539019923e-60,0.9999507162268456
2019-01-10,1.697199640454825e-96,3.399639272502448e-05,1.2153706287694832e-60,0.9999660036072757
2019-01-11,3.6829819177928455e-89,0.0002879493069667628,1.1209889494072275e-52,0.9997120506930335
2019-01-14,2.6971590719676015e-71,0.9999999999999183,1.340764860173304e-35,8.23693134646296e-14
2019-01-15,7.009861512387716e-64,0.9984051787079739,5.00826136916438e-29,0.0015948212920256757
2019-01-16,1.5262850920880872e-59,0.9999999999999396,1.0008349832462111e-25,5.895756312050127e-14
2019-01-17,1.1804820389045005e-53,1.0,1.6330331594084407e-23,2.6787004077036117e-22
2019-01-18,5.894951460113279e-54,1.0,1.0741363103058697e-22,1.2029916398538818e-19
2019-01-21,1.2667089488460774e-54,1.0,1.1571780504330706e-23,2.5599447368712275e-20
2019-01-22,2.2409880784688566e-54,1.0,1.6321119462693157e-23,7.133527166235136e-22
2019-01-23,1.108782293096353e-58,0.9999999999999716,2.6912651224041564e-28,2.692440987504524e-14
2019-01-24,1.171520840804471e-51,0.9999999999971934,1.3198282641993456e-22,2.8078730860671337e-12
2019-01-25,4.2755778283398905e-52,0.9999999996795381,6.4792704153645936e-24,3.2046268144157464e-10
2019-01-28,3.6455386285744217e-56,0.9999999999988276,2.9058504450137756e-28,1.1736041971268604e-12
2019-01-29,1.255018523565282e-51,0.9999999999970015,8.270541085551512e-25,2.9989095972493316e-12
2019-01-30,4.537643050426956e-50,0.999999999990461,1.1265887124671785e-24,9.538311363254656e-12
2019-01-31,2.7851964080315325e-48,0.999999999660691,2.310872950733527e-23,3.393090156196691e-10
2019-02-01,1.4180011086838061e-46,1.0,3.313072108599136e-22,6.587477192553259e-16
2019-02-04,1.6946549664393966e-46,0.9999999999948699,1.5581028732126867e-22,5.1309961589486895e-12
2019-02-05,3.746736520775208e-46,0.9999999977791774,1.81982624821448e-22,2.2208217576165893e-09
2019-02-06,5.2423177412215974e-55,0.9797676859695232,5.05424778085968e-31,0.02023231403047503
2019-02-07,2.908523113943781e-51,0.9999994388480442,3.3387693331392204e-27,5.61151954960483e-07
2019-02-08,6.2894785441177666e-52,0.9999999999069971,2.874717795928931e-29,9.300380032705342e-11
2019-02-11,6.753961937463304e-49,0.9998418104987964,1.7662029439923018e-26,0.00015818950120447144
2019-02-12,9.772514860875832e-47,0.9999999961851778,1.922805682000901e-25,3.814822475854389e-09
2019-02-13,5.580037483272671e-44,0.9999999999989129,4.512965817715515e-22,1.0885585283334812e-12
2019-02-14,5.810002513667926e-53,0.9999497199623018,4.8782427542628426e-30,5.0280037698218184e-05
2019-02-15,4.537525251580385e-48,0.9999933057604191,6.147202580480123e-25,6.694239579356804e-06
2019-02-18,2.0195675151316136e-50,0.9999999456317653,1.399548026194427e-27,5.436823590500143e-08
2019-02-19,1.1633212978585744e-50,0.9999874442815365,6.775890267842758e-27,1.2555718464980764e-05
2019-02-20,5.33327891150797e-48,0.9994398710916118,4.0529631150946215e-24,0.0005601289083867459
2019-02-21,1.1291796531298414e-56,0.5372538375873692,1.2225122467031392e-32,0.4627461624126292
2019-02-22,2.200233447225516e-51,0.996812791942701,6.281923741722336e-28,0.003187208057297432
2019-02-25,3.3460818951268286e-50,0.9999976643329617,1.3866452343952273e-26,2.335667038944273e-06
2019-02-26,2.2574912713303734e-47,0.9999976846155025,1.4781308855023578e-23,2.3153844976645925e-06
2019-02-27,7.97368501808239e-54,0.9974264986700728,4.6152798890091115e-30,0.00257350132992878
2019-02-28,2.9708575652857975e-45,0.9999999999844107,4.378295107520194e-22,1.5587883107950163e-11
2019-03-01,2.2387797228636736e-42,0.9999999999999041,2.5313404700544e-19,9.516273796146324e-14
2019-03-04,3.2242952915529606e-43,0.9999999999998082,8.801941440113186e-21,1.9259138612287942e-13
2019-03-05,3.5838614925964838e-50,0.9999999447807377,1.0531200288190415e-27,5.521926342726267e-08
2019-03-06,1.9870367168635116e-44,0.9999999999988383,1.3637580220716995e-22,1.1630423104442207e-12
2019-03-07,4.908520997161216e-51,0.9999999963402182,4.3144794631546965e-30,3.6597832933115468e-09
2019-03-08,1.0120840345234349e-41,1.0,4.294128346893865e-21,7.498163927500878e-20
2019-03-11,3.328360661761426e-44,0.9999999999999964,1.41133815538539e-23,2.6915316723122786e-15
2019-03-12,1.5656787877616434e-48,0.9999999999981881,9.965777349019214e-28,1.8101192369180152e-12
2019-03-13,5.608752145707132e-79,0.9996392888763851,6.010506897912963e-58,0.0003607111236154845
2019-03-14,6.239138911705021e-65,0.9985878473309288,1.1763875554682796e-44,0.0014121526690704861
2019-03-15,3.1583460208949876e-64,0.07843662399064227,2.42174465639515e-44,0.9215633760093582
2019-03-18,2.044951047682807e-71,0.00477517529130861,1.8786467928929456e-51,0.9952248247086908
2019-03-19,3.946928915591947e-74,5.776445584248946e-05,7.989555227608466e-54,0.9999422355441571
2019-03-20,3.869930011733502e-68,0.002196666997173253,2.780926403317255e-48,0.9978033330028263
2019-03-21,1.9268385977757923e-67,0.0005980142435490799,1.5426839708726564e-47,0.9994019857564512
2019-03-22,2.8706572713857927e-68,0.0006966778699033204,2.2317635961422865e-48,0.9993033221300963
2019-03-25,2.230028255864482e-76,2.9169131871851436e-05,1.8789428048063895e-56,0.999970830868128
2019-03-26,2.737400192006717e-72,2.221632964832482e-05,2.642877056495414e-52,0.9999777836703517
2019-03-27,2.3039223397073384e-69,0.00012448258886930304,4.614124953292243e-48,0.9998755174111308
2019-03-28,1.504517706119665e-82,0.00010658417089946012,4.582405315338194e-61,0.9998934158291014
2019-03-29,4.2204478054574364e-77,1.836297806798895e-05,1.4098700179746985e-56,0.9999816370219325
2019-04-01,2.088340676547713e-82,7.434478972622179e-05,1.7284628423789537e-61,0.9999256552102744
2019-04-02,1.645723683335073e-76,0.00011366276404832452,1.3085702833195075e-55,0.9998863372359509
2019-04-03,8.914867776197364e-72,3.769335766184558e-05,1.2481035246998973e-50,0.9999623066423375
2019-04-04,4.746695141136828e-79,0.0029823591128704885,3.244806675571988e-58,0.99701764088713
2019-04-05,3.9959231166982316e-74,0.00047263792347373697,5.934444163281207e-53,0.999527362076526
2019-04-08,6.778018956621678e-84,0.0001302949476621362,1.8451101399895843e-62,0.9998697050523386
2019-04-09,1.37050322920771e-72,0.010861748719967448,6.188856193719063e-50,0.9891382512800342
2019-04-10,5.162553963773946e-71,0.0005798378073398145,2.8127300093190724e-48,0.9994201621926597
2019-04-11,7.828473965101153e-80,8.119876786563286e-06,3.534380657224822e-55,0.9999918801232138
2019-04-12,2.103019855230127e-77,6.554472796511019e-06,2.917407333098731e-52,0.9999934455272035
2019-04-15,2.0742357303732576e-88,6.832602006991359e-06,3.801452618021062e-63,0.9999931673979933
2019-04-16,1.0425087722386655e-223,1.0,6.863543914125386e-188,8.330899776306281e-95
2019-04-17,1.3692978940187979e-25,1.4447220580416236e-07,0.9999998555277931,1.4519436145995733e-80
2019-04-18,1.4346635114630172e-24,0.019697937712437025,0.9803020622875612,4.936527641530273e-53
2019-04-19,7.147011422805654e-24,8.26081655609261e-06,0.9999917391834434,4.047887406704477e-79
2019-04-22,1.351445070838369e-25,0.016276446491118087,0.9837235535088822,4.835630558049653e-58
2019-04-23,4.29231489043429e-26,0.0003585041371738113,0.9996414958628267,5.982748913667982e-65
2019-04-24,1.0739604904293402e-21,8.579262293562126e-14,0.9999999999999147,2.440003709637494e-128
2019-04-25,2.3633535761696324e-21,2.6844242727867858e-17,1.0,1.9714060799756812e-143
2019-04-26,6.509675715017717e-22,6.87513998841456e-12,0.999999999993122,6.258416741915544e-116
2019-04-29,2.1860429879500324e-22,3.1527095792286944e-09,0.9999999968472899,1.9651078853801762e-97
2019-04-30,1.919897970560148e-21,8.698247138669411e-10,0.9999999991301749,3.440069161225541e-100
2019-05-01,3.742660783899479e-18,1.907775543465263e-07,0.9999998092224449,3.742559950654986e-86
2019-05-02,3.1648028826844855e-16,5.648407629427346e-11,0.9999999999435154,2.340533369736283e-101
2019-05-03,2.1145516786082436e-15,4.847719940059942e-07,0.9999995152280052,2.1955444800302292e-77
2019-05-06,1.2844101378027982e-15,1.5545596132784585e-06,0.999998445440387,8.264881002023544e-73
2019-05-07,2.1134498018641916e-15,3.216048446233234e-11,0.9999999999678373,3.0530679421164028e-102
2019-05-08,2.3232505732669936e-15,1.458835848949201e-08,0.9999999854116376,2.53727512758449e-86
2019-05-09,5.5560763449655395e-12,5.028030356273394e-08,0.9999999497141386,2.2579410255605843e-86
2019-05-10,1.1716416482410725e-11,2.8270258365200886e-07,0.9999997172857009,2.4880363713979114e-83
2019-05-13,5.1768153838371635e-11,2.1140499225389717e-05,0.9999788594490073,2.5257430626514937e-70
2019-05-14,5.471534333035746e-11,4.762134476602685e-07,0.999999523731837,7.269599520085406e-79
2019-05-15,6.716858421582703e-11,8.622962516344004e-12,0.99999999992421,2.5064452122832473e-105
2019-05-16,4.680837918681788e-10,8.484909476149097e-10,0.9999999986834247,4.3364193380963215e-84
2019-05-17,4.878361859166888e-10,3.5281263033588843e-05,0.9999647182491295,1.0164655749965545e-61
2019-05-20,1.1350391876550041e-10,1.9999381158659245e-09,0.9999999978865581,1.2509906368611628e-84
2019-05-21,4.248022132987274e-11,8.963990702201175e-07,0.9999991035584482,3.240533856620395e-75
2019-05-22,3.6526412931833967e-10,7.101600711591988e-12,0.999999999627633,9.165485863616563e-106
2019-05-23,1.5021201403729533e-11,3.7648784502078286e-14,0.99999999998494,4.926475533224234e-121
2019-05-24,3.8628342885733633e-10,1.7216378605333996e-11,0.9999999995965005,8.621240778874876e-104
2019-05-27,4.25776790471978e-09,6.979354260169552e-17,0.9999999957422325,1.143258136181338e-141
2019-05-28,1.3938580386261433e-09,8.485869446573812e-11,0.9999999985212824,1.0417216656660385e-108
2019-05-29,9.18906672181505e-09,6.927505364612184e-10,0.9999999901181837,2.4697126714373336e-94
2019-05-30,1.669856713559093e-09,8.359002965481803e-10,0.9999999974942426,2.4668368632804935e-84
2019-05-31,8.734815662034914e-05,3.27178154264838e-21,0.9999126518433791,8.60452988015677e-171
2019-06-03,2.805039762082191e-06,2.291782390131468e-16,0.9999971949602381,7.870070000898029e-150
2019-06-04,3.948916943023252e-06,5.751599627880165e-12,0.9999960510773059,3.7004492530688393e-121
2019-06-05,3.880726997626364e-05,8.881365814000629e-12,0.999961192721144,1.8906343533394344e-118
2019-06-06,8.04695023708326e-05,1.4333706683843685e-13,0.9999195304974865,2.724880735295341e-128
2019-06-07,0.00019740977476976094,3.629900002917237e-07,0.99980222723523,2.6274571028938018e-64
2019-06-10,0.00041645107135270665,2.7661983631085757e-11,0.9995835489009861,6.550306500415645e-89
2019-06-11,0.0012356259767465033,3.687405796975815e-05,0.9987274999652822,3.3453482127589325e-54
2019-06-12,0.0005094418644435357,1.1068162852242783e-06,0.9994894513192719,1.0866654997012309e-61
2019-06-13,0.003698194982615093,3.9143785128966803e-10,0.9963018046259479,4.264597076831461e-84
2019-06-14,0.013187296286933542,4.5485377256410915e-12,0.9868127037085163,7.370074611707674e-99
2019-06-17,0.07926003691714228,2.8272010528307492e-08,0.9207399348108468,2.8352850000476393e-77
2019-06-18,0.050376189528287846,1.3528623427361402e-07,0.9496236751854779,1.3432808059445406e-72
2019-06-19,0.20042039669032655,9.229736172364281e-10,0.799579602386701,6.612547105990451e-93
2019-06-20,0.1915325252056113,9.41275624095877e-11,0.8084674747002606,3.620828167308662e-98
2019-06-21,0.24624206801451395,4.97652952972792e-09,0.7537579270089555,2.2662068868555944e-89
2019-06-24,0.32975070643577276,4.947293366860753e-10,0.6702492930694962,1.8674746813962841e-96
2019-06-25,0.1916766284581835,2.6571369672637918e-06,0.808320714404849,5.556382348621293e-73
2019-06-26,0.41237897840874865,1.8214876415849457e-07,0.587620839442488,1.0248212012638834e-73
2019-06-27,0.1317941078871303,1.6814561533278698e-10,0.8682058919447228,1.805557660020627e-97
2019-06-28,0.14172730536001008,2.6161141985732614e-10,0.8582726943783795,2.1826088412705003e-108
2019-07-01,0.44579603636614656,1.023789418374113e-11,0.5542039636236167,9.638698630234385e-119
2019-07-02,0.1259576246648432,2.4810599337593282e-24,0.8740423753351574,1.0423369765484306e-204
2019-07-03,0.006383848098065933,3.210625633671768e-16,0.9936161519019353,8.219012981709227e-158
2019-07-04,0.0030200817582626983,2.6729514673495716e-15,0.9969799182417334,1.835377256402141e-145
2019-07-05,4.799886049243841e-74,1.0,1.4934524478057181e-71,9.207318093636409e-54
2019-07-08,4.2675826248443046e-48,1.0,1.2427228409714868e-47,1.7707221178744658e-38
2019-07-09,1.3994852171450636e-44,1.0,4.805369724037806e-44,2.994093515266541e-19
2019-07-10,1.4781197780433792e-46,0.9999991825022401,1.7553224426449958e-46,8.174977614710246e-07
2019-07-11,1.908650510518604e-40,0.9995691210398995,5.522124997940076e-39,0.0004308789601020341
2019-07-12,2.185957753087126e-43,0.9918169270261633,7.53348385060006e-42,0.008183072973834934
2019-07-15,1.1117828007744045e-42,0.999414328766248,6.181638335400816e-41,0.0005856712337518049
2019-07-16,3.763039500622671e-46,0.9991726514247342,2.805851727298663e-44,0.0008273485752669491
2019-07-17,8.35520711129563e-44,0.9913635371586731,1.883782525419903e-41,0.008636462841326333
2019-07-18,1.0421116339139038e-42,0.9543916853378228,1.3717867468972421e-41,0.04560831466217734
2019-07-19,6.800925309351996e-55,0.8123882533303207,2.579062837540462e-54,0.1876117466696785
2019-07-22,1.4331298872321398e-50,0.8924865696552716,4.377968665996474e-50,0.10751343034472967
2019-07-23,2.3395742573317593e-54,0.8718220025090893,9.343237087564676e-54,0.12817799749091177
2019-07-24,1.4397709204353678e-47,0.9240975563939219,1.0156658074136598e-46,0.07590244360607905
2019-07-25,2.9797299765879566e-42,0.5376243842965845,3.093372113415456e-41,0.4623756157034154
2019-07-26,1.0360835978840032e-47,0.10318782667672935,4.7465479761303535e-46,0.89681217332327
2019-07-29,2.141270994955284e-48,0.825176477835109,2.2705362910858505e-46,0.17482352216489178
2019-07-30,1.0029502642161357e-46,0.017978634725882632,1.5590192417683935e-43,0.982021365274118
2019-07-31,2.1533004174751537e-63,0.00134883863283297,2.1827744866233425e-58,0.9986511613671678
2019-08-01,6.693911703731042e-66,0.0010709136267191286,3.46173548230704e-58,0.9989290863732817
2019-08-02,1.1880378542788093e-55,0.007150354092547869,7.734628210385252e-48,0.9928496459074515
2019-08-05,1.1226832528880851e-52,0.0011559584276253892,5.0229791721476925e-45,0.9988440415723753
2019-08-06,3.987537241111638e-57,0.0002036585410184736,3.052426005208492e-49,0.9997963414589819
2019-08-07,5.02299997847585e-62,0.0033776161367670768,1.5490115105246859e-55,0.9966223838632312
2019-08-08,9.849961146446597e-52,0.05352265664358775,5.396322276444083e-45,0.9464773433564114
2019-08-09,5.832458778449812e-54,0.0008917908774715461,1.7973147655979194e-47,0.9991082091225282
2019-08-12,7.126099127895566e-54,0.006085204722896853,1.148988267469553e-47,0.9939147952771039
2019-08-13,2.24165753628505e-62,0.002674217906209127,4.277591563153982e-56,0.9973257820937906
2019-08-14,2.5572140534044888e-58,0.0016346880815406755,1.4529286928391315e-51,0.9983653119184589
2019-08-15,6.906911168640034e-54,0.0025839502313675863,6.015677044539207e-47,0.9974160497686323
2019-08-16,7.363494157121623e-52,0.05604027235601301,2.4265332235784126e-44,0.943959727643988
2019-08-19,5.5644626519053405e-59,0.001959116698458783,7.302239820248405e-51,0.9980408833015411
2019-08-20,6.793094422589485e-59,0.0022775194375268927,4.651313311680541e-51,0.9977224805624724
2019-08-21,5.010006541564805e-56,0.011648792524338895,1.0094897431839321e-47,0.988351207475662
2019-08-22,2.557060806879197e-57,0.037195198341242255,5.975549148513549e-50,0.9628048016587566
2019-08-23,3.1303096091116746e-65,0.0012889502227683956,4.5850993756851235e-53,0.9987110497772302
2019-08-26,5.766188130924355e-69,0.028233373321009368,2.3678652415613827e-57,0.9717666266789918
2019-08-27,1.078469018792396e-68,0.0039225013838384525,3.6956696185725816e-57,0.996077498616161
2019-08-28,2.39277992406814e-58,0.4080715557686445,6.329115519563181e-47,0.5919284442313556
2019-08-29,5.788939580983848e-73,0.003451008573680083,3.182023328576514e-61,0.996548991426321
2019-08-30,1.1289364667964748e-70,0.0016079578196928233,6.507837375255205e-59,0.9983920421803063
2019-09-02,1.4501465287506914e-61,0.011708303242140866,1.28198712584768e-48,0.9882916967578591
2019-09-03,3.813091016827689e-62,0.0006001228570283406,4.528113143791647e-49,0.9993998771429716
2019-09-04,7.331070439071563e-76,0.0014069275701568582,7.762995913601753e-62,0.9985930724298437
2019-09-05,2.684881803838255e-69,0.0003922096118540778,8.38610655689485e-56,0.9996077903881442
2019-09-06,8.945465326051834e-63,0.00045351047000313094,3.97820177598351e-49,0.9995464895299973
2019-09-09,2.0895118917151008e-69,8.90849617495291e-05,1.0299968202799796e-54,0.9999109150382509
2019-09-10,2.6335145762494547e-67,0.0003196736841178904,1.0198033937636968e-52,0.9996803263158812
2019-09-11,4.706526943949363e-69,4.657199109757656e-05,5.492030571520607e-54,0.999953428008903
2019-09-12,2.4221968211239266e-72,0.00042460142526801295,2.173716658219573e-57,0.9995753985747325
2019-09-13,8.895659530831027e-66,0.00021949393365392644,1.0932671857458577e-50,0.9997805060663453
2019-09-16,1.7339502564252085e-77,4.199365293125174e-05,1.0742956647952851e-61,0.9999580063470693
2019-09-17,4.400008254978844e-70,3.669647199315865e-05,1.8335060225900073e-54,0.9999633035280077
2019-09-18,2.0572797837578937e-75,2.8647820521146784e-05,1.283595040486767e-59,0.9999713521794793
2019-09-19,6.029711416216464e-81,0.00010368992930970078,1.0056570300366487e-60,0.9998963100706906
2019-09-20,1.378218392161192e-89,1.9147264483912533e-07,5.5633899118721165e-62,0.9999998085273548
2019-09-23,5.868826943592756e-79,4.1186463083012215e-06,5.003615824445518e-52,0.999995881353692
2019-09-24,1.5641402464753027e-96,0.0005988682142869177,1.4919648365785877e-57,0.9994011317857145
2019-09-25,4.28023739211885e-96,0.0002554167274264495,8.041098890725521e-55,0.9997445832725727
2019-09-26,2.0325156823262425e-100,0.00019733157224093066,3.5938463523093354e-58,0.9998026684277587
2019-09-27,6.815367960019943e-90,0.049646065130315144,1.528385800576287e-47,0.9503539348696838
2019-09-30,6.320511220417471e-95,0.0007140346729243126,1.288493080802874e-52,0.9992859653270761
2019-10-01,1.9308937520464086e-87,0.003290786447397702,2.987817186386828e-45,0.996709213552603
2019-10-02,3.1429204721439886e-90,0.0008744480825640433,2.8800849594048575e-49,0.9991255519174357
2019-10-03,3.513653282441819e-93,0.00010669540539359611,3.4933285601697754e-52,0.9998933045946068
2019-10-04,3.793988475188286e-92,2.187480038131027e-05,2.8572142840898034e-51,0.9999781251996195
2019-10-07,3.4280597101742197e-75,0.9999999982090166,2.255273131539626e-34,1.7909833180194906e-09
2019-10-08,8.373441603229329e-60,1.0,9.889767643151026e-21,1.4544013190994613e-15
2019-10-09,3.757341084022472e-54,1.0,3.816443333686684e-18,2.3204272951808325e-17
2019-10-10,2.5051835154269726e-63,0.9999999999758238,3.5342841026612666e-27,2.4176531394684326e-11
2019-10-11,1.6201900471143565e-57,1.0,3.3467234036823106e-20,7.18501364729597e-21
2019-10-14,1.2060616779078986e-61,1.0,1.651243152875258e-25,3.3300399235725637e-18
2019-10-15,2.4243251920475e-56,0.9999999999999183,1.2894144160151804e-22,8.34002969061887e-14
2019-10-16,1.3236305473614543e-81,0.9947934414021445,2.4069587900709903e-49,0.005206558597856864
2019-10-17,3.782075913724711e-73,0.9871230337961933,3.723853297978946e-41,0.012876966203807452
2019-10-18,4.265318191128945e-86,0.002632129310593981,3.643944840360706e-55,0.9973678706894064
2019-10-21,5.4413310433243356e-80,0.0010614958920232532,2.3260574153345254e-49,0.9989385041079761
2019-10-22,9.769286974124885e-78,0.0010194275576009854,2.945938675791334e-48,0.998980572442399
2019-10-23,9.099461903844119e-89,1.3639473341674609e-05,2.0465570119111887e-59,0.9999863605266586
2019-10-24,1.018464165252543e-80,0.00021355016619590766,2.6377250620161333e-51,0.9997864498338037
2019-10-25,2.661546858011309e-80,5.564347831455318e-05,9.143336251216044e-51,0.9999443565216847
2019-10-28,7.350993955740336e-78,0.00029134176112986007,2.4428895494709053e-48,0.9997086582388707
2019-10-29,1.2248462066937673e-75,7.374691920628397e-05,6.553526764981673e-46,0.9999262530807946
2019-10-30,6.669902464741701e-95,6.206379549859344e-05,2.875482465762215e-64,0.9999379362045006
2019-10-31,2.0423536912712052e-90,1.5401623814819917e-06,6.39034353871249e-60,0.9999984598376187
2019-11-01,4.107717118402619e-91,1.1500017505624066e-06,5.7695723965833624e-61,0.9999988499982497
2019-11-04,6.775519090986177e-82,0.3620105072806488,3.216094804166116e-54,0.6379894927193521
2019-11-05,1.0174539307231908e-80,0.007877876928266114,7.083974355551751e-52,0.9921221230717344
2019-11-06,3.180575661033478e-74,0.04110565130897622,6.875196460148767e-45,0.9588943486910237
2019-11-07,2.7329308640785694e-81,0.0060538603166276975,1.898749430575531e-52,0.9939461396833726
2019-11-08,3.3171202093415106e-79,0.0007405422732647328,8.148408550273625e-50,0.9992594577267346
2019-11-11,8.506939534445916e-88,1.6934400235775983e-06,1.0179681345953984e-57,0.9999983065599766
2019-11-12,2.3166447302654247e-88,4.42371233432438e-06,5.597152154031954e-58,0.9999955762876653
2019-11-13,2.3208179647362536e-80,0.00010533582433019237,8.048302538028795e-50,0.9998946641756706
2019-11-14,3.454329079658945e-83,4.794747478801601e-06,9.56766157993243e-53,0.999995205252521
2019-11-15,5.0111496521019795e-88,3.2054547181900063e-06,6.5331295203216e-58,0.9999967945452817
2019-11-18,9.756924860326104e-80,4.0238156867087425e-05,2.5054603944773653e-49,0.999959761843133
2019-11-19,2.8237724838111487e-87,1.9153584792872972e-06,2.552607349547952e-56,0.9999980846415204
2019-11-20,7.525499204679508e-93,9.282661671195057e-07,2.3124972353195755e-61,0.9999990717338331
2019-11-21,1.028735641021485e-87,2.0585249923876475e-06,3.4134186831136472e-56,0.9999979414750073
2019-11-22,1.721593503150718e-82,9.705905558354456e-05,3.6147456402763936e-51,0.999902940944417
2019-11-25,1.8230136227455118e-89,2.4252750571159033e-06,4.629333607914335e-58,0.999997574724943
2019-11-26,3.608103444378877e-82,7.2582556060633756e-06,7.434610208138187e-51,0.9999927417443942
2019-11-27,3.0555651996915336e-86,3.979219270250729e-06,4.4234442817223734e-55,0.9999960207807294
2019-11-28,4.708076453198987e-86,5.712217545862663e-06,1.9904642613439145e-55,0.9999942877824537
2019-11-29,1.1141865094554029e-79,4.622403840263422e-05,3.0930217068103527e-49,0.9999537759615974
2019-12-02,3.551471373520684e-86,3.0785574174956134e-05,1.835492928775333e-55,0.9999692144258244
2019-12-03,5.503736668303903e-87,9.858262388599486e-06,3.0178939171437047e-56,0.9999901417376112
2019-12-04,2.73244742575489e-91,6.623919887150694e-05,1.2797147801477317e-60,0.9999337608011292
2019-12-05,1.345594747299542e-87,1.3958071875547285e-05,5.523137713924611e-57,0.9999860419281241
2019-12-06,9.200340376337593e-88,1.9969053334517867e-06,4.076725000418628e-57,0.9999980030946664
2019-12-09,1.1274032968003963e-91,1.9447075088854932e-06,7.830277193235163e-61,0.9999980552924912
2019-12-10,2.2563705418860116e-85,9.822664318801807e-06,4.3134571352607106e-54,0.9999901773356811
2019-12-11,8.797665177708712e-94,6.121293024646803e-07,1.0910235535981054e-62,0.9999993878706971
2019-12-12,1.869324403365836e-92,1.6670649969901727e-07,3.025333047377037e-61,0.9999998332935004
2019-12-13,4.658278759379165e-87,6.672801986714585e-07,1.0440310981943773e-55,0.9999993327198015
2019-12-16,1.8287497872634744e-91,6.466430508088487e-07,4.050045518511542e-60,0.9999993533569492
2019-12-17,1.3767823015898716e-85,1.2736385698268723e-06,3.2245776770623754e-54,0.9999987263614304
2019-12-18,9.589156081939494e-85,8.457759097255968e-07,5.799427097628372e-53,0.9999991542240899
2019-12-19,2.0382641180761394e-91,4.805170252999422e-07,5.301584729365422e-60,0.9999995194829747
2019-12-20,2.7112484355125695e-95,1.8495933577598568e-07,1.0660772914604433e-63,0.9999998150406644
2019-12-23,6.152861532609163e-88,1.9772821688189943e-06,1.133056957859196e-56,0.9999980227178317
2019-12-24,6.374615396572533e-93,1.932536258304574e-05,8.089396105912112e-62,0.9999806746374164
2019-12-25,1.7651134954136874e-87,1.1574718045838201e-06,1.465229429803711e-56,0.9999988425281956
2019-12-26,1.1555735987964989e-83,1.0732136068448512e-06,1.2752134339422489e-52,0.9999989267863935
2019-12-27,3.3457448354975436e-85,1.064077133511909e-06,5.601595893104494e-54,0.9999989359228664
2019-12-30,4.551518787797421e-87,2.3745003371486447e-06,2.4244861205936504e-56,0.9999976254996632
2019-12-31,1.7797816098268092e-82,1.5221134966130974e-05,1.5430094617795747e-48,0.9999847788650336
2020-01-01,1.3108511379409545e-98,3.413632920656754e-06,2.5752178405090516e-64,0.9999965863670788
2020-01-02,3.650546682548384e-85,7.831303629309678e-05,6.62808945179054e-51,0.9999216869637076
2020-01-03,3.774911371879674e-85,1.0087888684602532e-05,6.402509452273948e-50,0.9999899121113149
2020-01-06,5.0183807831407e-91,3.626342675544872e-05,7.104723762159824e-56,0.9999637365732438
2020-01-07,6.498567178541353e-98,1.4298707054998678e-05,3.6462236391363474e-60,0.9999857012929442
2020-01-08,4.069504905280589e-98,4.631516405062344e-06,2.2749252129630443e-60,0.9999953684835957
2020-01-09,4.086995204599935e-84,0.022692970952366415,3.9746033191941425e-47,0.9773070290476336
2020-01-10,3.6462071756383816e-95,0.0002448264340885489,5.858986782013816e-59,0.9997551735659114
2020-01-13,7.648925241014312e-85,0.0012417872780198917,1.763305430391442e-48,0.9987582127219795
2020-01-14,3.1064265558739622e-89,0.0006977488488850405,1.0323046753318232e-52,0.9993022511511153
2020-01-15,7.128343868548942e-89,0.0013045796168338396,1.9314919617210195e-52,0.9986954203831663
2020-01-16,1.3673760938646848e-84,0.005991543406107962,2.0086860069486227e-49,0.9940084565938918
2020-01-17,5.7311188984515196e-95,1.4560523626584939e-05,9.599126233334139e-60,0.9999854394763736
2020-01-20,4.3219933726135327e-91,2.0717093713491e-05,1.3908184040453338e-55,0.9999792829062868
2020-01-21,1.1545364303726783e-83,0.00014382102923816032,7.294315522063153e-48,0.9998561789707615
2020-01-22,1.2671500450215365e-93,0.0012330195935004746,5.327916025281342e-58,0.9987669804064998
2020-01-23,4.766980701529173e-85,0.00018811942325788547,5.1970665873798805e-49,0.9998118805767418
2020-01-24,1.8322982116556822e-81,0.0001555364422058531,1.1643353168184005e-45,0.9998444635577942
2020-01-27,7.972560873448852e-103,2.8181262951570664e-05,1.0221552889405608e-64,0.9999718187370483
2020-01-28,7.709079066564528e-93,2.3898752698242355e-05,8.50858648045781e-55,0.9999761012473025
2020-01-29,2.208760197103956e-98,3.261010521124366e-06,5.6015865163248e-61,0.9999967389894793
2020-01-30,2.262212940775855e-91,1.255493982199078e-05,1.3668829497048161e-53,0.9999874450601786
2020-01-31,7.950539637243376e-180,1.0,2.0580397755267995e-133,2.716392441952532e-84
2020-02-03,1.3550643014392822e-37,0.002161043112611822,0.9978389568873861,6.872306188383746e-61
2020-02-04,2.1930305113355899e-38,0.00047175154554916586,0.9995282484544481,1.014681019017961e-63
2020-02-05,1.310221854806806e-38,0.0003529967368845542,0.9996470032631121,4.2838746639370316e-63
2020-02-06,7.249018439375348e-39,0.013809143169028733,0.9861908568309699,6.081516345421423e-54
2020-02-07,1.0864659884200729e-38,0.0015622588531787934,0.9984377411468242,1.0990976461864447e-57
2020-02-10,2.7933039849668663e-33,2.0464085222676796e-07,0.9999997953591443,3.823338394021273e-87
2020-02-11,2.0294888946142605e-33,6.158929961168451e-11,0.9999999999384102,1.0701169460090538e-106
2020-02-12,1.0588236956895787e-36,7.237830101481039e-07,0.9999992762169886,2.962655392452758e-75
2020-02-13,1.635370686258807e-33,1.6668896133129488e-06,0.9999983331103871,2.7897647581633776e-77
2020-02-14,5.588408570716808e-34,2.0852104765515982e-07,0.9999997914789494,1.583212121671506e-82
2020-02-17,1.2925222623895864e-33,3.594069275611915e-07,0.9999996405930751,9.847394531347896e-77
2020-02-18,5.108338479334967e-29,1.1546289425424694e-06,0.9999988453710587,1.0558450905932794e-71
2020-02-19,4.576472541938509e-29,1.1792016157303666e-08,0.999999988207982,2.634703149935858e-90
2020-02-20,1.2323228733053576e-28,1.64349200651193e-05,0.9999835650799317,1.821510536550354e-68
2020-02-21,4.514836272489836e-28,0.00018214985983418282,0.9998178501401679,5.883156571867387e-63
2020-02-24,3.163647065418268e-22,3.882018741880761e-10,0.999999999611795,4.421413862316422e-105
2020-02-25,6.110897039536545e-23,6.958394468321498e-13,0.9999999999993037,9.308068144758375e-118
2020-02-26,1.0573422107072307e-22,7.561611356386384e-10,0.9999999992438404,1.0712626092689688e-102
2020-02-27,3.4689480873117086e-24,3.0261717999384928e-09,0.9999999969738269,1.5243775434217442e-96
2020-02-28,4.605554109894261e-24,8.379320410579564e-11,0.9999999999162057,3.937912995997839e-105
2020-03-02,2.4345364217360283e-18,1.180900307613469e-09,0.9999999988190993,6.32065655424453e-93
2020-03-03,8.406731549005162e-16,6.858451943976526e-08,0.9999999314154794,7.991387175422884e-81
2020-03-04,1.815262997173889e-14,8.525803812260921e-12,0.9999999999914557,5.500094234411654e-105
2020-03-05,1.8577784316213748e-14,1.619358298401454e-07,0.999999838064151,4.2889488943355896e-83
2020-03-06,4.171796672245009e-15,1.029378348684955e-12,0.9999999999989662,1.3832889338697287e-113
2020-03-09,1.2059705887212526e-13,2.720353776643727e-07,0.9999997279645015,3.0770450011088743e-74
2020-03-10,1.4114973640146051e-12,6.403686196285396e-11,0.9999999999345519,1.3856153388732056e-96
2020-03-11,5.106482854489835e-12,6.01518100734405e-07,0.9999993984767915,3.327219988293303e-74
2020-03-12,5.1735187452643785e-12,0.008164578458055849,0.9918354215367694,1.0404546690516142e-50
2020-03-13,3.8384171326420075e-10,3.5078554384552925e-05,0.9999649210617748,1.078268200364054e-64
2020-03-16,5.33051336651262e-10,0.00020056428273894085,0.999799435184211,1.5294601513544992e-58
2020-03-17,2.2578321679618694e-09,7.845940390578183e-09,0.999999989896228,4.30538150331756e-85
2020-03-18,1.0340788015810753e-09,1.5252263254012896e-15,0.9999999989659187,2.6409186070834064e-127
2020-03-19,2.8883110945671318e-09,6.08758354559616e-08,0.9999999362358543,4.743063376716445e-84
2020-03-20,1.453017210437419e-08,2.408673575977619e-10,0.9999999852289606,2.822315814140302e-100
2020-03-23,1.6622685006707285e-09,8.656004271631362e-07,0.999999132737304,2.0659344183915823e-78
2020-03-24,1.2726719839813117e-09,1.448362002824319e-06,0.9999985503653255,3.2820097806288644e-78
2020-03-25,6.885369931246564e-42,1.0,7.893385754825515e-34,6.51967468696541e-18
2020-03-26,7.680438559117586e-28,1.0,1.0568322005731435e-21,2.1655180121620867e-22
2020-03-27,1.5802169355266403e-24,1.0,4.152944368850108e-18,2.1361051723524974e-16
2020-03-30,1.3581298188725242e-25,1.0,2.4191455666944974e-18,1.2212782532643202e-20
2020-03-31,3.353272982254727e-29,0.9999999999874696,1.0372912242139177e-22,1.2528825060179464e-11
2020-04-01,3.618476609271863e-33,0.9999999996611244,1.975808111668847e-26,3.388759101139412e-10
2020-04-02,3.1163912238865647e-28,0.9999999999857678,8.325792319387809e-22,1.4231373808948033e-11
2020-04-03,5.516774097973845e-29,0.9999999933733008,2.058945961538728e-22,6.626698773992295e-09
2020-04-06,5.622132375811634e-26,1.0,2.010467967946855e-20,3.4842148303044065e-16
2020-04-07,1.746881774676233e-26,0.9999999999639257,1.0744492591810287e-20,3.6073754621063935e-11
2020-04-08,5.8136577816863156e-24,1.0,1.87310647440727e-18,2.3532170649492443e-17
2020-04-09,1.1884667170248456e-23,1.0,8.427635081642406e-18,1.0225873233971858e-17
2020-04-10,2.9576825964632726e-27,1.0,2.869666067045401e-21,7.794648520766854e-17
2020-04-13,1.3232509288604317e-25,0.9999999999446345,3.5811660742809446e-19,5.536508920436963e-11
2020-04-14,2.122308603002193e-25,0.9999999999990408,5.830749650538025e-19,9.584519431696e-13
2020-04-15,4.500748100510843e-36,1.0,1.5672905278280458e-29,1.8804313337753397e-17
2020-04-16,5.999147878473428e-28,1.0,8.88614758669914e-22,2.0278604754396793e-20
2020-04-17,3.2668977678272057e-33,0.9999999999999325,8.310289868194393e-27,6.910926353519729e-14
2020-04-20,4.1765566253035353e-32,0.9999999999992362,1.9044249710017364e-25,7.633106184996451e-13
2020-04-21,2.1255090902122148e-30,1.0,2.74990328469421e-24,8.617753663541855e-20
2020-04-22,8.185990661390971e-30,0.9999999997414406,1.6655694523846876e-23,2.585595119704743e-10
2020-04-23,1.2815798199942063e-36,0.9999983322249139,6.46052203396925e-30,1.6677750844798386e-06
2020-04-24,4.904242939625024e-34,0.9999996425010415,1.390378322130752e-26,3.574989593242527e-07
2020-04-27,3.2521791301704524e-36,0.9999999872470974,2.7780666995921355e-28,1.2752904307064411e-08
2020-04-28,4.218849718620562e-28,1.0,1.0800682923072896e-21,6.50046202008947e-17
2020-04-29,1.2109558096072868e-24,1.0,9.355644001958005e-19,3.390191927461189e-16
2020-04-30,2.8620388613708555e-24,0.9999999999999378,4.823821698194646e-18,6.26843689050405e-14
2020-05-01,9.176011782490601e-31,0.999999999999087,4.593303171098294e-24,9.14021466522843e-13
2020-05-04,2.8694158736704016e-32,0.9999999999999964,9.981002246751953e-25,4.454366902078819e-15
2020-05-05,2.895175107185996e-29,1.0,7.9474824751168025e-19,3.208955240305065e-17
2020-05-06,2.6698218457788102e-39,0.9999999733395949,2.0013552616238232e-28,2.666040427988172e-08
2020-05-07,7.921405340944664e-32,0.9999999999945608,6.695708188707172e-20,5.438794173257468e-12
2020-05-08,1.282444102786639e-32,0.9999999969946671,1.2377007447516662e-20,3.0053322845221247e-09
2020-05-11,3.4649005979291773e-35,0.9999584459110661,9.228870066513733e-24,4.155408893221502e-05
2020-05-12,2.482918916559561e-39,0.9999999975048368,1.1269485566339954e-27,2.495163398274055e-09
2020-05-13,3.8437747754903396e-42,0.9994203679055433,1.0065764621101552e-29,0.0005796320944556994
2020-05-14,8.39143078775836e-36,0.9999999999727507,3.0896917626473034e-23,2.7248131921627995e-11
2020-05-15,1.2004992884479545e-35,1.0,3.1173578057947114e-23,2.6659310953689722e-16
2020-05-18,1.711511919609818e-33,1.0,1.8795452944057924e-19,3.478155547120136e-18
2020-05-19,4.348580879446592e-36,1.0,3.0064349585411696e-21,1.365687572229492e-16
2020-05-20,1.8446286035225884e-38,1.0,1.9201017218368376e-23,4.8274114598191525e-18
2020-05-21,1.1832956908244872e-40,0.9999999999999574,2.671404173770213e-26,4.12702654491844e-14
2020-05-22,6.728441117598197e-35,1.0,1.884082032073368e-22,1.0049038697055673e-23
2020-05-25,3.690820465839137e-42,1.0,3.819482322854739e-27,3.5221576119008237e-19
2020-05-26,3.470401904194434e-38,1.0,5.852296707327269e-23,7.384347321576555e-17
2020-05-27,1.5008950112452597e-37,1.0,2.9338040212060013e-22,1.2550674827504247e-18
2020-05-28,6.584438439205087e-36,1.0,4.9923962256023265e-20,1.3702198491101731e-19
2020-05-29,8.443112680562844e-42,0.9999999999998401,1.0027109026312102e-24,1.598030837373011e-13
2020-06-01,9.861356684229142e-43,0.9999999999636024,5.817908556867241e-27,3.6396651373058505e-11
2020-06-02,6.545244252639666e-37,1.0,1.5634696425907866e-20,2.5150969573216764e-18
2020-06-03,6.059860396176148e-38,1.0,1.0613330363667889e-21,1.6110399094630788e-15
2020-06-04,2.990738079548718e-39,1.0,1.386997978465688e-24,1.2285688846166452e-81
2020-06-05,5.644442357472421e-13,4.992385383899884e-06,0.9999950076140527,6.643980848142646e-81
2020-06-08,4.013507141717075e-12,2.3247838135090744e-07,0.9999997675176061,1.0150996871191769e-95
2020-06-09,1.516559170790391e-09,8.20801352166097e-09,0.9999999902754269,4.93597674503328e-107
2020-06-10,1.9440011746971378e-88,1.0,1.2583047354662739e-76,2.5885876300793143e-40
2020-06-11,3.508935732457192e-51,1.0,5.797491321507201e-43,1.5082836165106547e-22
2020-06-12,2.0668237329794571e-63,1.0,1.1050030389881958e-54,2.228081893452675e-20
2020-06-15,2.297021159558076e-55,0.999999999996593,5.9734269615573706e-46,3.405586085051611e-12
2020-06-16,2.325967316375618e-63,0.9844513401020034,9.784883292439992e-53,0.015548659897996172
2020-06-17,3.7813498814877416e-66,0.7439522842838469,8.015858764413307e-56,0.25604771571615326
2020-06-18,4.766180698739588e-67,0.871035233509352,3.5073611937102935e-56,0.12896476649064725
2020-06-19,1.5672996881395963e-58,0.8706874209450528,2.8021477767589903e-47,0.1293125790549483
2020-06-22,1.4322351873108722e-56,0.3510305093865355,9.198006035259419e-46,0.6489694906134645
2020-06-23,7.10519166772261e-66,0.15797708636859636,9.576238781212004e-55,0.8420229136314028
2020-06-24,1.1504640465469944e-68,0.043453046302177833,1.7974575700305002e-57,0.9565469536978218
2020-06-25,5.233034187506947e-66,0.1290024594993655,2.3344685053184207e-54,0.8709975405006336
2020-06-26,2.2920213861777467e-65,0.44852626442646437,5.385559338028926e-54,0.5514737355735363
2020-06-29,4.892291569358465e-60,0.21879152811807723,1.3363047096321985e-47,0.7812084718819228
2020-06-30,1.0496059379341487e-67,0.16975172859617652,2.1620498811979455e-55,0.8302482714038234
2020-07-01,2.8123195175691718e-67,0.03401963068797956,5.6685164634821884e-55,0.9659803693120208
2020-07-02,1.5290742697583493e-70,0.12399069615536172,6.103788990126954e-58,0.876009303844638
2020-07-03,3.652064721629191e-63,0.12506226746188756,2.1159163592283667e-50,0.874937732538113
2020-07-06,2.1365016758087338e-63,0.001914636462842705,1.7983582155611425e-49,0.998085363537157
2020-07-07,8.899309467178244e-67,0.001122311191678161,2.5309364298966904e-50,0.9988776888083216
2020-07-08,9.141997023708255e-70,0.0015553798164752498,8.500463238414051e-52,0.9984446201835248
2020-07-09,4.0277232333761716e-64,0.008519039337035616,1.0949484153546324e-45,0.9914809606629639
2020-07-10,2.052125971990206e-72,0.006367610176133541,1.5177431215224044e-53,0.9936323898238667
2020-07-13,1.9596677120260637e-63,0.23064838869708534,2.002542470631228e-45,0.769351611302913
2020-07-14,7.727082811746188e-67,0.07526735035108847,1.8211828847220844e-48,0.9247326496489101
2020-07-15,4.990085036849888e-77,0.23615060028188492,3.2733229197987176e-58,0.7638493997181168
2020-07-16,1.7334435437375653e-66,0.7972773449583881,1.5043937842425933e-47,0.20272265504161213
2020-07-17,7.766525294276134e-69,0.0398377607503229,7.295643930318379e-50,0.9601622392496776
2020-07-20,1.4918455104402882e-69,0.002780538774622297,5.723719140699841e-50,0.9972194612253775
2020-07-21,6.185536042312595e-79,0.004352633545338548,4.330415452689514e-58,0.9956473664546612
2020-07-22,5.866312057281211e-76,0.00023979806825730792,1.0740161479919498e-54,0.9997602019317419
2020-07-23,2.9230616483080193e-65,0.129784961124799,2.029057998564847e-45,0.8702150388752017
2020-07-24,2.1900671262196434e-78,0.0022432021362635917,1.2464704286616888e-58,0.9977567978637367
2020-07-27,1.2094380151465852e-80,0.0006510269106081958,2.1732432595330548e-61,0.9993489730893922
2020-07-28,1.0756538298644347e-74,0.0638214270638939,7.470857924525723e-55,0.9361785729361056
2020-07-29,1.4281798502703498e-73,0.0005006678660872747,1.5625377131275848e-53,0.9994993321339126
2020-07-30,1.1042149747908904e-67,0.0028523001468362006,5.767549170839947e-48,0.9971476998531631
2020-07-31,1.2346963652670935e-70,0.0012343176644217155,9.148564756457005e-51,0.998765682335579
2020-08-03,1.3026346478969455e-65,0.011303122835700598,9.191207715379806e-46,0.9886968771642991
2020-08-04,8.138925598618486e-72,0.02394797455053859,1.3837740026008245e-52,0.976052025449461
2020-08-05,4.7356482797442066e-73,0.0027016756864194484,8.959503911938327e-54,0.9972983243135812
2020-08-06,1.0422449903992039e-76,0.0005522710383654561,3.2858511043729827e-57,0.9994477289616349
2020-08-07,6.434225096373298e-78,0.0003499146159207126,1.8180773394077242e-57,0.9996500853840793
2020-08-10,3.7416910588660043e-72,0.0006625608238116514,1.6569500916462394e-50,0.9993374391761879
2020-08-11,3.147678154158804e-86,2.607868606404776e-05,4.145413157206868e-63,0.9999739213139358
2020-08-12,7.694593575410995e-83,4.133235051189218e-06,1.2336375909286514e-59,0.9999958667649491
2020-08-13,8.456566551300735e-74,7.175614800570822e-05,2.6371342779883383e-50,0.9999282438519942
2020-08-14,1.3190175823113277e-78,8.54112969563682e-06,2.662669936125425e-54,0.9999914588703048
2020-08-17,1.6017558539011606e-85,0.00024377641931484393,6.754061515358041e-62,0.9997562235806847
2020-08-18,8.918944888477814e-76,0.00018057276998788315,1.328904213715798e-52,0.9998194272300117
2020-08-19,4.345146412489012e-78,7.648563349375343e-06,6.088205456764282e-55,0.9999923514366502
2020-08-20,5.4934428029039e-73,4.08393856436999e-05,3.3184533053413307e-49,0.9999591606143566
2020-08-21,1.9231397723463574e-75,5.667599151730604e-05,3.588950053253767e-51,0.9999433240084824
2020-08-24,6.407518418344196e-89,2.595001644214511e-05,2.1532169449046183e-64,0.9999740499835577
2020-08-25,3.140032823333023e-86,7.961518795882708e-07,5.307462850955221e-61,0.9999992038481204
2020-08-26,4.598381332708443e-85,7.844144580430219e-07,6.51329795609492e-60,0.9999992155855416
2020-08-27,4.959274620468039e-78,6.991271175440128e-05,8.911762010614267e-52,0.999930087288245
2020-08-28,2.1113894058769276e-81,2.9550664041826117e-05,5.364088862993931e-54,0.999970449335959
2020-08-31,2.6109828569613565e-86,2.0969852537813618e-07,6.457753667552111e-53,0.9999997903014746
2020-09-01,2.3875434575729603e-92,1.8241211077075896e-05,1.7242071080877295e-53,0.9999817587889226
2020-09-02,6.17752506055395e-96,6.6386361953911644e-06,7.843015614463782e-57,0.9999933613638047
2020-09-03,1.2538992078148272e-99,7.022966371633262e-06,1.405503128392176e-60,0.999992977033628
2020-09-04,1.5640996893783044e-98,1.859939243271816e-06,1.6616758170452583e-59,0.9999981400607568
2020-09-07,2.5555523399087833e-93,0.00010318224431764942,5.339249899609873e-54,0.9998968177556828
2020-09-08,1.1634824018255294e-88,0.00148714040862919,2.6280411704920558e-50,0.9985128595913704
2020-09-09,1.462350850530363e-83,0.001881514387089214,4.5497833937066464e-45,0.9981184856129101
2020-09-10,9.252895808067958e-96,0.007142126040506869,3.94467916765351e-56,0.9928578739594939
2020-09-11,1.0679563520793566e-88,0.010584226969740308,1.8458375280408457e-48,0.9894157730302607
2020-09-14,2.5693929850445075e-98,0.0010565082423511815,4.6878871051633856e-58,0.9989434917576504
2020-09-15,1.7917272513105635e-90,0.0003888185992440458,3.076042676901163e-50,0.9996111814007542
2020-09-16,3.288994431132257e-102,0.00044979055462055655,9.128472392985088e-62,0.9995502094453783
2020-09-17,8.007896458926779e-91,0.008231643787681837,4.70229056099606e-50,0.9917683562123175
2020-09-18,1.1307032275555282e-99,6.780000932618613e-05,6.169602351233527e-59,0.9999321999906745
2020-09-21,7.913703903970345e-98,7.65594211346023e-05,1.2280754775526036e-57,0.9999234405788651
2020-09-22,1.0687353506449641e-90,0.012340441248086914,8.996330395882155e-50,0.987659558751914
2020-09-23,3.524940401478433e-96,8.257147243625619e-05,1.4499119309728104e-54,0.9999174285275628
2020-09-24,2.78019759585415e-95,6.554542478034361e-05,5.362566296152912e-53,0.9999344545752187
2020-09-25,5.477368566093584e-97,0.0010126678993740016,3.120771732597385e-54,0.9989873321006261
2020-09-28,1.1013900308478243e-87,0.0033825243469664404,1.20669257207063e-45,0.9966174756530342
2020-09-29,5.803146491941019e-99,0.0001435305767663156,4.2241179070545224e-57,0.9998564694232328
2020-09-30,4.845489413381634e-93,0.0002794258655512915,2.886970522367724e-51,0.9997205741344489
2020-10-01,3.496146880427344e-87,0.002757320355427635,1.7597853689677315e-45,0.9972426796445718
2020-10-02,7.143413965448291e-91,0.00020648444113476264,2.0640417648996055e-49,0.9997935155588652
2020-10-05,8.014146142281341e-98,6.834194964898158e-05,6.629644185129526e-56,0.9999316580503506
2020-10-06,1.0304404158646107e-94,1.5215013395859536e-05,5.687703355284176e-53,0.9999847849866036
2020-10-07,2.988813528471013e-103,1.760171159200731e-05,3.204418544061753e-61,0.9999823982884072
2020-10-08,1.2526160728967401e-96,2.422006870884786e-05,1.0543426903838383e-53,0.9999757799312906
2020-10-09,1.2139462103598818e-97,1.6716459879974915e-05,1.8768934961393996e-54,0.9999832835401201
2020-10-12,7.598855681450186e-92,0.0004274377763267064,2.753482978934011e-48,0.9995725622236736
2020-10-13,1.7532064443078599e-87,0.005223076282934809,4.794096460359627e-45,0.9947769237170649
2020-10-14,2.9048817472274486e-101,5.250880068023606e-05,4.085688081791962e-59,0.9999474911993195
2020-10-15,4.8520516098844676e-101,0.0001346811096829133,4.032526636968349e-59,0.9998653188903174
2020-10-16,2.1529583404306514e-97,6.742872977913075e-05,8.79716813620334e-55,0.9999325712702201
2020-10-19,7.549094522213404e-96,4.288758506980606e-05,3.595569536023937e-52,0.9999571124149298
2020-10-20,5.35506245661899e-98,4.041966427579655e-05,4.458391398063246e-55,0.9999595803357247
2020-10-21,3.1042878079387737e-94,2.4319965500687486e-05,1.1818574148979054e-51,0.9999756800344991
2020-10-22,1.8078364626391273e-97,1.7113160617815103e-05,2.516710378676927e-53,0.999982886839383
2020-10-23,1.0578566045937179e-87,0.09183801193330716,2.5043483278928347e-43,0.9081619880666917
2020-10-26,2.7321094487283776e-99,0.0002081763008312765,1.1246538672805075e-54,0.9997918236991677
2020-10-27,6.632608965703774e-107,1.1299686243332072e-05,7.291018574797308e-61,0.999988700313757
2020-10-28,4.591617457399106e-102,6.136786607463067e-05,4.279934360108397e-56,0.9999386321339248
2020-10-29,9.81274095480082e-98,3.5944911636825796e-05,8.43927799182049e-52,0.9999640550883638
2020-10-30,1.057432943643467e-103,9.922492154845939e-06,3.556047400109894e-58,0.999990077507846
2020-11-02,1.5895335090687394e-95,0.007799957030365151,5.859823385552845e-54,0.9922000429696357
2020-11-03,3.5255765524479457e-91,0.055174939506165664,5.004378043678358e-52,0.9448250604938344
2020-11-04,1.0824516451904387e-85,0.018656184672113593,1.919332445485183e-47,0.9813438153278855
2020-11-05,1.900242010917957e-81,0.15440458258775397,1.2424808213707519e-42,0.8455954174122448
2020-11-06,2.4732552509972145e-92,0.044095617208163414,1.4430296315757113e-53,0.9559043827918364
2020-11-09,9.779887511423864e-97,6.946736758196488e-05,2.2761079650900724e-58,0.9999305326324172
2020-11-10,4.259024339813397e-95,1.5493502142444977e-05,5.178131599856283e-56,0.9999845064978572
2020-11-11,1.1132486682833834e-96,4.997621041023554e-06,2.3149702444676035e-57,0.9999950023789598
2020-11-12,1.149897522131023e-87,6.421930689972107e-05,2.2932940579312173e-48,0.9999357806931004
2020-11-13,7.713705508250616e-96,7.410307451423377e-06,2.148016764262258e-56,0.999992589692549
2020-11-16,4.487917156387731e-90,9.77727815580235e-05,1.2552546113562997e-50,0.9999022272184422
2020-11-17,5.110076295987294e-87,0.00010148453946792254,3.340870859506056e-47,0.9998985154605318
2020-11-18,1.34243476504916e-90,0.00020061124252033878,4.0156876596474115e-51,0.9997993887574794
2020-11-19,2.659802667775235e-98,1.0936414824337107e-05,5.9123617172024725e-59,0.9999890635851758
2020-11-20,8.534241741134006e-92,5.669683517628189e-05,1.9510572983417743e-52,0.9999433031648235
2020-11-23,3.7801710822463964e-96,5.408306910766181e-06,2.0747861005465785e-56,0.9999945916930886
2020-11-24,6.7444092058491046e-80,0.9999992604982814,1.929998546179575e-40,7.395017201280645e-07
2020-11-25,9.706377879346473e-57,1.0,2.02568210786618e-18,7.678038278829933e-16
2020-11-26,4.819244647392586e-66,0.9999664321197376,5.023211427865478e-28,3.35678802613229e-05
2020-11-27,5.1118565017883965e-62,0.9999999964285138,3.8878264385504804e-24,3.571487349055471e-09
2020-11-30,5.849435786523537e-66,0.9999999997858815,1.780702427485926e-27,2.1411830680144658e-10
2020-12-01,8.211956050335405e-66,0.9999999999979892,1.6301752118821558e-26,2.0110598687925197e-12
2020-12-02,8.593280135918887e-63,0.9999999999297309,1.0357398317108553e-22,7.027010572343219e-11
2020-12-03,6.901592116168514e-62,0.9999999332931702,1.659408371724071e-21,6.670682823752195e-08
2020-12-04,4.5515713162736695e-60,1.0,4.860881041762796e-21,2.4427273809778393e-16
2020-12-07,5.7494443365603185e-65,0.9999946850997204,3.0452929367695555e-26,5.314900279840089e-06
2020-12-08,3.6533260880145097e-68,0.9999896019037802,2.5068218094192037e-29,1.0398096218749522e-05
2020-12-09,1.3267707277641832e-63,0.9999998953080206,8.846802470127966e-25,1.0469197853325327e-07
2020-12-10,1.801286658767756e-60,1.0,1.9132375984905347e-21,1.2362112324711904e-16
2020-12-11,3.1248765704602454e-58,0.9999999999999751,1.7574816713262572e-19,2.594973743737547e-14
2020-12-14,1.595161699255606e-60,0.9999999915302453,4.67539696645612e-22,8.469755863210453e-09
2020-12-15,6.9113778800530275e-56,0.9999999999999929,1.5561113076752665e-18,6.45193804718792e-15
2020-12-16,8.908085164652486e-56,1.0,1.9311302510888665e-17,5.8622207221135806e-21
2020-12-17,1.8683083441535275e-60,0.9999999999993889,4.644680429999353e-24,6.107172606139554e-13
2020-12-18,4.623986869906906e-72,1.0,3.0332481565874673e-33,1.0144977384336112e-67
2020-12-21,1.5224303040083268e-42,8.424360052985124e-16,1.0,4.136210704824778e-121
2020-12-22,8.63212415192208e-38,5.150789276642038e-17,1.0,1.690722466870235e-135
2020-12-23,3.0480353156442003e-37,3.0697291022502593e-16,1.0,5.3859187121265585e-129
2020-12-24,4.9385275263521e-34,7.489290812105566e-16,1.0,2.783446603015623e-127
2020-12-25,1.3293979970947077e-33,6.484844194723535e-15,0.9999999999999929,7.090949266029997e-127
2020-12-28,3.861739400958869e-30,8.723845693720887e-12,0.9999999999912745,1.2426638386600022e-105
2020-12-29,1.9143582789378132e-22,6.044104693236492e-14,0.9999999999999396,6.224430682972099e-119
2020-12-30,1.5879718855384327e-21,2.075149505357131e-11,0.9999999999792486,5.2341862980768514e-104
2020-12-31,7.72526335086698e-19,3.3549131793977776e-11,0.9999999999664517,6.47136700558685e-97
2021-01-01,1.7005073775796843e-18,3.774865873173389e-13,0.9999999999996234,1.882165627665741e-106
2021-01-04,8.225333300023082e-17,1.8643359516674006e-08,0.9999999813566413,1.643214303433746e-79
2021-01-05,5.279061041017744e-17,1.0975392666160112e-05,0.9999890246073351,3.121456728252232e-59
2021-01-06,2.0050792351416018e-19,2.060668566719275e-23,1.0,5.938853238398337e-178
2021-01-07,2.2153706149553282e-15,7.947947174800555e-15,0.9999999999999893,5.783045576711652e-132
2021-01-08,4.857359367475064e-17,1.9844549820345165e-16,1.0,1.0270334339625376e-141
2021-01-11,4.269060885979582e-17,2.4227917822294666e-16,1.0,2.854435408352983e-137
2021-01-12,1.2718741828041928e-16,1.2999354517671356e-19,1.0,2.0627270811186538e-158
2021-01-13,1.3755341475163531e-11,1.6508066146037963e-21,0.9999999999862439,4.983670967205986e-163
2021-01-14,3.36829586492458e-11,9.935244580284098e-12,0.9999999999563833,1.2601341812396998e-99
2021-01-15,1.1444213833833959e-10,3.838106894831581e-08,0.99999996150449,2.275525224909407e-75
2021-01-18,1.572105855518276e-10,1.6278341979398063e-12,0.9999999998411617,5.576919622457585e-107
2021-01-19,1.4724716331708286e-11,2.973372059741274e-21,0.999999999985274,7.3305777981358195e-152
2021-01-20,1.9825563961653816e-10,3.01253467148536e-11,0.9999999997716174,8.378251665364913e-90
2021-01-21,2.881328772495112e-10,2.4582700818359527e-10,0.9999999994660413,5.872906225394275e-85
2021-01-22,1.5072240281313134e-09,8.250463243827193e-13,0.9999999984919512,1.1587096964761294e-107
2021-01-25,1.524444536783901e-08,1.8527987573611903e-14,0.9999999847555366,1.1103380062054379e-111
2021-01-26,2.002404272172269e-09,8.59484197127031e-10,0.9999999971381115,5.553902792871642e-82
2021-01-27,1.6405451455891028e-07,4.6982625133359e-09,0.9999998312472229,8.944294793137135e-80
2021-01-28,4.2131713557811476e-07,3.3230553291925253e-09,0.9999995753598099,1.6889770191145866e-79
2021-01-29,1.4447875845794332e-05,7.230572593246758e-10,0.9999855514010957,1.1849598071280723e-88
2021-02-01,1.7047975461755905e-07,3.7809882498639317e-13,0.999999829519869,1.168196669201509e-111
2021-02-02,6.464162389097559e-09,1.0653996879639498e-17,0.9999999935358375,4.959177851715565e-136
2021-02-03,3.342531085093532e-08,9.502094669138787e-15,0.9999999665746812,1.9491074076894974e-118
2021-02-04,3.465138502490293e-08,1.552213851748923e-09,0.9999999637964023,3.944439856648746e-86
2021-02-05,0.00034066466702544325,7.16878621823688e-23,0.9996593353329742,2.8277665357290722e-192
2021-02-08,0.12513781153343542,1.8326240309068227e-15,0.8748621884665642,1.4817264715005117e-140
2021-02-09,0.0004928451535013465,6.061680905925176e-16,0.9995071548464997,2.3500924465542016e-148
2021-02-10,0.004646659315428894,3.991311775633064e-20,0.9953533406845723,8.688824782233654e-180
2021-02-11,0.0007686632148701255,4.1101124287178053e-22,0.9992313367851307,9.962965301369825e-190
2021-02-12,6.7666697428469e-08,1.2854056319932417e-25,0.9999999323333016,4.560796591519684e-205
2021-02-15,6.235666459123537e-08,1.9860823348119321e-25,0.9999999376433363,5.847961931649213e-201
2021-02-16,8.961125697853714e-06,2.2238648623006184e-14,0.9999910388742795,2.872717843277279e-140
2021-02-17,3.2706619379216885e-06,1.181019332634921e-19,0.9999967293380632,9.327520752891046e-164
2021-02-18,2.025117158150434e-06,4.544886236336597e-17,0.9999979748828423,2.575443297618608e-145
2021-02-19,2.249154402222672e-05,4.769415031000053e-09,0.9999775036865624,2.391304449361728e-74
2021-02-22,0.00023902454318221054,4.838839885859004e-14,0.9997609754567689,8.725107791492364e-103
2021-02-23,0.0005717051623785771,1.1245300555118986e-08,0.9994282835923194,1.881037828909055e-72
2021-02-24,2.8161014151061904e-05,2.486136548509187e-13,0.9999718389856012,1.093047916783614e-96
2021-02-25,1.070448449013714e-05,1.591217599097085e-10,0.9999892953563898,3.158205297133228e-84
2021-02-26,1.3379923842916738e-08,7.875298765587296e-15,0.9999999866200683,1.1793815538638032e-110
2021-03-01,1.7759693641592434e-07,4.2150958942835114e-11,0.9999998223609141,1.662371072400497e-94
2021-03-02,1.6266421168041222e-09,1.8515512357899712e-17,0.9999999983733581,2.210311051054737e-131
2021-03-03,5.5477374369470756e-11,1.1501574474435086e-13,0.9999999999444071,2.192621215273199e-101
2021-03-04,1.1419889168690075e-09,1.1605374162802378e-12,0.9999999988568504,7.535535283610307e-102
2021-03-05,3.923876789933371e-80,1.0,3.5871802312340814e-70,6.950611944637681e-38
2021-03-08,2.2161593135174088e-54,1.0,5.839626822962385e-46,7.385138126038838e-31
2021-03-09,1.418995510140028e-47,1.0,2.131426308616013e-39,6.936524228097417e-20
2021-03-10,1.5977152481526392e-59,0.9999999998592557,9.556554485857768e-51,1.407449413315662e-10
2021-03-11,1.439244062396058e-51,0.9999999916471509,8.162464645501047e-42,8.352848596889386e-09
2021-03-12,4.532437996722784e-59,0.9994836932746107,1.2862976088424234e-48,0.0005163067253877661
2021-03-15,6.290595631211916e-55,0.9999358916379613,6.40270339020829e-45,6.41083620385055e-05
2021-03-16,8.100370527640944e-60,0.9998927489575208,7.682204666912816e-50,0.00010725104247850531
2021-03-17,4.792750678432207e-53,0.9999925527395261,1.7129908413491723e-42,7.447260474816794e-06
2021-03-18,1.3300069633276685e-48,0.9983705207864577,1.5863828828441596e-38,0.0016294792135424418
2021-03-19,4.282353872226901e-62,0.9972301109041436,1.3255465079523065e-51,0.002769889095856825
2021-03-22,5.0431403872225784e-52,0.9998685772061292,6.316127412817009e-41,0.00013142279387012653
2021-03-23,2.2720992651719814e-60,0.9994678305228337,2.5161498880766727e-49,0.0005321694771666713
2021-03-24,4.144028744785851e-56,0.9710293160226944,7.484559303177845e-45,0.028970683977305577
2021-03-25,1.664301648455995e-53,0.9746562980168659,1.4525930940880932e-42,0.025343701983134164
2021-03-26,4.2508503773467187e-64,0.4248949178428417,2.0744611975203068e-52,0.5751050821571577
2021-03-29,4.242564282473472e-59,0.9856345390618618,6.308976093460154e-47,0.014365460938139382
2021-03-30,3.0999628578072526e-66,0.36467708511908214,1.5569542851289743e-54,0.6353229148809175
2021-03-31,8.906682346315157e-61,0.031206103606721717,7.259620784622466e-48,0.9687938963932783
2021-04-01,1.3762569761971905e-65,0.0028495312544868407,1.2962436512307082e-51,0.9971504687455124
2021-04-02,5.610791345146001e-58,0.03139434230520273,4.887312659401661e-44,0.9686056576947975
2021-04-05,3.868536470414591e-69,0.004076307139924598,5.57617319581221e-55,0.9959236928600749
2021-04-06,1.2056725167630077e-58,0.19861828276490112,1.3693381766061695e-43,0.8013817172350988
2021-04-07,1.3284758536867518e-70,0.6140630920503977,2.155037419903566e-55,0.3859369079496015
2021-04-08,3.7455258851997786e-62,0.26962652472704873,3.9489348099427728e-47,0.730373475272952
2021-04-09,1.8316545050442936e-68,0.0039014939918776983,2.707500761469725e-53,0.9960985060081221
2021-04-12,1.113334302792247e-70,0.0019127205903852777,1.6838495202464537e-55,0.9980872794096154
2021-04-13,9.16774887051171e-73,0.0008633547854827355,1.991639850645314e-57,0.9991366452145177
2021-04-14,1.184721419577449e-65,0.0013753201543628172,6.611160677542459e-50,0.9986246798456366
2021-04-15,2.5983380591649118e-71,0.0005055117628636422,3.499073187126711e-56,0.9994944882371369
2021-04-16,2.0793290867389234e-65,0.0013723195657137511,4.968417382726696e-50,0.9986276804342866
2021-04-19,3.3260525416794426e-57,0.04799002051752068,2.3075103349629072e-42,0.9520099794824797
2021-04-20,1.8251667167384792e-70,0.0007014123656948477,1.3540220061222215e-55,0.9992985876343058
2021-04-21,2.521576885087755e-73,0.0015770828395975545,1.653577969183641e-58,0.9984229171604019
2021-04-22,8.648980131934098e-70,0.007897864753718597,1.579656932008129e-55,0.9921021352462808
2021-04-23,8.095052329761262e-72,0.001050793417703013,8.579710010352631e-57,0.9989492065822977
2021-04-26,2.778961902056256e-68,0.0007612475855213274,3.69779728701446e-52,0.9992387524144785
2021-04-27,8.914973983993863e-64,0.0009311550515241269,1.2511207096751351e-47,0.9990688449484753
2021-04-28,1.0406166151547166e-71,0.00042844898210700645,1.9075054626266462e-55,0.9995715510178924
2021-04-29,8.522836238403746e-73,0.001727095482408382,1.9886078849822493e-56,0.9982729045175911
2021-04-30,1.0959297637337152e-70,0.005980073813633763,1.7836114812132162e-48,0.9940199261863654
2021-05-03,1.9743581582865668e-74,0.009860437354922064,1.0442916787070202e-52,0.9901395626450783
2021-05-04,5.1490731199077105e-71,0.002521282452270077,2.0169334275960752e-49,0.9974787175477292
2021-05-05,6.48490129860892e-66,0.004623177409466745,2.462924584438811e-44,0.9953768225905341
2021-05-06,7.894219194132017e-79,0.0004140061357879291,3.1062687423653634e-56,0.9995859938642122
2021-05-07,4.487103166768086e-81,0.00014291442806313516,5.5487237481743065e-52,0.9998570855719374
2021-05-10,1.9948082104620372e-76,0.00048181148091531957,3.8491506248135114e-47,0.9995181885190838
2021-05-11,2.1571570702779392e-79,0.0007808568015235273,4.359918332309717e-48,0.9992191431984765
2021-05-12,5.154917671318923e-80,0.0003594247186689004,2.952399934137398e-47,0.9996405752813312
2021-05-13,2.76091056053098e-80,0.00020430172258967353,3.298958456622928e-47,0.9997956982774099
2021-05-14,1.0138881304457339e-83,0.0001567584200781099,4.4041942006851835e-51,0.9998432415799215
2021-05-17,1.1178822984850613e-91,3.781802285331893e-06,1.0527992391317804e-51,0.9999962181977148
2021-05-18,4.280685685309998e-86,0.0002832975746928534,5.921979305170376e-47,0.9997167024253064
2021-05-19,3.1681953745653916e-92,3.3579721929217796e-06,4.047838795554481e-49,0.9999966420278062
2021-05-20,1.0415587291015912e-97,1.2361252841752426e-06,3.1658836825002578e-49,0.9999987638747162
2021-05-21,1.5392249497431402e-96,2.691428791680457e-06,1.0287012394386464e-55,0.999997308571208
2021-05-24,6.331296983481641e-89,6.142089161958179e-05,6.761631452648226e-48,0.9999385791083812
2021-05-25,5.836067592446541e-100,2.854734567017706e-05,6.4253170308795644e-59,0.9999714526543299
2021-05-26,8.56923115562373e-103,5.940707090716696e-05,6.099633493251812e-59,0.9999405929290928
2021-05-27,4.644757897142681e-102,4.733840227094609e-05,7.047641024778361e-56,0.9999526615977299
2021-05-28,2.8821451675380915e-104,1.0396229497709318e-05,5.330336313345103e-58,0.9999896037705022
2021-05-31,3.969114816720609e-98,2.2640199992007994e-05,5.337876307998784e-52,0.9999773598000083
2021-06-01,1.91198121223251e-104,0.00011852655819954973,7.09583695464038e-58,0.9998814734418005
2021-06-02,6.972769299466305e-98,5.055000243703728e-05,1.0524823591866364e-51,0.9999494499975636
2021-06-03,7.99590347112208e-99,5.3782164681346225e-05,5.126786997303443e-53,0.9999462178353183
2021-06-04,5.932739141547681e-106,5.0110114877780824e-05,2.1944726554001925e-59,0.9999498898851228
2021-06-07,4.3726694457273884e-95,0.9998577845047492,1.6701801805608714e-45,0.00014221549525067828
2021-06-08,1.9310211679549673e-72,0.9999997180219651,8.150111514794088e-24,2.81978036628107e-07
2021-06-09,9.934122722938194e-71,0.999988347485472,2.676813181078954e-22,1.1652514526225052e-05
2021-06-10,5.032512461505075e-75,0.9989418668491182,1.885735509924426e-26,0.0010581331508804173
2021-06-11,6.884433526603588e-114,0.0007246716789200683,6.818707895994088e-66,0.9992753283210803
2021-06-14,3.6432124844508787e-99,0.003374398270548521,3.966015366675814e-54,0.996625601729451
2021-06-15,2.6963655792704203e-103,0.0005281970293419475,1.1405054547531766e-58,0.9994718029706585
2021-06-16,3.2225176153532165e-102,0.005011760400690612,9.33674631784111e-59,0.9949882395993092
2021-06-17,1.0567233846572365e-91,0.05331937136038406,6.096972144686308e-48,0.9466806286396159
2021-06-18,1.3749977772173287e-103,0.03067258994890884,2.6209865661084105e-59,0.9693274100510899
2021-06-21,2.936928589600735e-102,0.00038737155945787967,2.5365202467170713e-58,0.9996126284405413
2021-06-22,1.417638656552876e-94,0.0004574461439442531,1.5595448043399934e-49,0.9995425538560557
2021-06-23,1.6152155353302796e-95,0.00014255412416125387,2.34928219163958e-50,0.9998574458758391
2021-06-24,5.935047530162452e-100,2.370184457598641e-05,7.488615560204205e-55,0.9999762981554238
2021-06-25,1.8812155070849206e-97,8.739952690989116e-05,5.537116153298065e-51,0.9999126004730897
2021-06-28,7.312137100240081e-92,0.0009058368670734803,9.460556463119566e-46,0.9990941631329269
2021-06-29,1.6138638316261062e-109,6.607526573937612e-05,1.296026498918655e-62,0.9999339247342615
2021-06-30,5.900426673607458e-104,6.125183273628316e-05,1.1142044400428325e-57,0.999938748167264
2021-07-01,8.770056044598128e-95,0.0013957473518066193,1.822290975537193e-48,0.9986042526481936
2021-07-02,3.1133335428540774e-95,4.1440543626357115e-05,1.6860828710525733e-49,0.9999585594563732
2021-07-05,7.478781156966516e-92,9.540413514814525e-05,3.3995261173511165e-46,0.9999045958648513
2021-07-06,1.6446986242920235e-104,3.6355487830177275e-05,1.5296722727603782e-58,0.9999636445121701
2021-07-07,1.0315242067012405e-89,0.04703114385250372,1.903026394216281e-45,0.9529688561474962
2021-07-08,4.5498770821724e-101,0.0003445674414694772,2.233921300971922e-56,0.9996554325585298
2021-07-09,1.4947970203107767e-93,0.0010515039381306815,2.9298256483031923e-49,0.9989484960618689
2021-07-12,2.4350124978725528e-91,0.0014548622829184915,4.359840869278079e-46,0.9985451377170821
2021-07-13,3.6789363818903435e-105,0.0004644538512828622,1.3165560617659099e-59,0.999535546148717
2021-07-14,1.5544630980858793e-102,0.00012140328072634471,9.596906917119233e-58,0.9998785967192737
2021-07-15,1.4432151087296185e-98,5.892350550179671e-05,1.1653088303166847e-52,0.9999410764944989
2021-07-16,4.0153045944812723e-94,0.0001254476433278207,6.393962334733812e-48,0.9998745523566717
2021-07-19,4.2632157529344894e-108,7.121175046408189e-05,2.253802500298263e-62,0.9999287882495361
2021-07-20,2.8596783051772938e-95,0.0015954200812523134,1.6128050615134437e-49,0.9984045799187471
2021-07-21,4.9385489532600136e-101,8.089057471187329e-05,1.0005808797599316e-56,0.9999191094252874
2021-07-22,3.1934708981333938e-99,2.9674495831569244e-05,2.906138200051125e-55,0.9999703255041686
2021-07-23,1.0307249438321058e-99,7.723927797811422e-05,6.098838614860916e-56,0.9999227607220216
2021-07-26,2.888630547365147e-91,0.0012870634151939027,1.8880897362863487e-47,0.9987129365848059
2021-07-27,3.678607848345014e-105,0.0003681579665439444,8.657495796983412e-61,0.9996318420334569
2021-07-28,2.6340527742046835e-96,0.000794132461741475,1.18289395186471e-51,0.9992058675382592
2021-07-29,1.6788673450616599e-100,0.015835383525488,1.0391452217384558e-56,0.9841646164745115
2021-07-30,1.2998872610154359e-90,0.04240125243555043,1.05268730235534e-46,0.9575987475644511
2021-08-02,2.254323059062104e-90,0.002111616107979903,6.700408788672672e-47,0.99788838389202
2021-08-03,6.194947387045693e-100,0.006065487336400969,2.7742668901189807e-56,0.9939345126635982
2021-08-04,1.4754017789648182e-98,0.0005940391486133851,3.5596009010139256e-55,0.9994059608513858
2021-08-05,5.667555092940347e-98,0.0002902664270910192,2.0238930274292838e-54,0.9997097335729092
2021-08-06,3.950767933921846e-98,9.521252814107617e-05,1.9542886431586288e-54,0.9999047874718582
2021-08-09,1.6378644157402406e-92,0.0001889529305024956,1.2654390495934106e-48,0.9998110470694984
2021-08-10,1.4058594945151111e-95,0.0001850422024003539,7.939745504413473e-52,0.9998149577975999
2021-08-11,8.87951272171779e-98,0.0002566164748667181,1.3236391511689647e-53,0.999743383525134
2021-08-12,5.078046867062961e-92,0.0014571026822069743,2.170208924442378e-48,0.9985428973177924
2021-08-13,5.875258355732257e-97,0.00019003484574478123,1.6328034725117787e-53,0.9998099651542545
2021-08-16,1.0561444769326672e-100,0.01607019463788469,2.0855848770773834e-56,0.9839298053621168
2021-08-17,7.30756113495886e-102,0.0011616186313514237,1.3060505936157634e-57,0.9988383813686484
2021-08-18,4.225744256377408e-99,0.0010234722654029601,2.244669467772539e-54,0.9989765277345966
2021-08-19,4.5206412908496844e-95,0.0009907547722452412,2.5690705282199766e-50,0.9990092452277539
2021-08-20,2.57391251719638e-104,0.0002347883398788766,3.5934109361023465e-59,0.9997652116601208
2021-08-23,3.5372882786171434e-94,0.0048651346644313365,7.678841881840423e-51,0.9951348653355695
2021-08-24,1.3946182984030684e-99,0.0001575269801218349,1.5851452820139619e-56,0.9998424730198778
2021-08-25,3.478994655299114e-93,0.0003228579241964756,4.138989626145823e-50,0.9996771420758039
2021-08-26,1.0819506852445732e-104,0.0004431155394322786,1.0843846141272391e-61,0.9995568844605682
2021-08-27,1.2304204872471047e-95,0.00285638312747785,1.005798813820915e-52,0.9971436168725227
2021-08-30,9.923836352252163e-105,1.638178369879785e-05,4.6079397848373645e-62,0.999983618216302
2021-08-31,3.327648969672551e-99,2.8290052906717542e-05,8.740465393293925e-57,0.9999717099470941
2021-09-01,1.7185759316211331e-103,0.00023761038318150126,7.294167046528232e-61,0.9997623896168183
2021-09-02,3.254352930608747e-97,0.00017809541979523557,3.0248174581560545e-54,0.9998219045802043
2021-09-03,3.397338844419928e-92,0.0001812375434152329,6.6969326892234465e-49,0.9998187624565845
2021-09-06,7.236519501503249e-106,4.727357445113787e-05,1.3171456849412457e-61,0.9999527264255486
2021-09-07,1.3912714887947182e-94,0.0015288487462624195,4.289743905419439e-50,0.9984711512537378
2021-09-08,3.4743784689239915e-98,2.3951579789464474e-05,2.558918582157205e-52,0.9999760484202114
2021-09-09,2.893195850677956e-99,4.433503251961173e-05,3.91001736085197e-53,0.9999556649674805
2021-09-10,3.8986212713304746e-97,0.0001567515745949587,5.0021120441138565e-51,0.9998432484254054
2021-09-13,5.067856250022553e-103,1.616850588017787e-05,1.1275404291976985e-56,0.9999838314941203
2021-09-14,1.899114955386552e-95,9.951951481056648e-05,2.5186436707019893e-50,0.9999004804851893
2021-09-15,1.5228406676842112e-93,0.00016792238413050118,2.918880445618359e-48,0.9998320776158698
2021-09-16,1.968008975341706e-92,0.0009685978533723087,2.4057021889905504e-47,0.9990314021466279
2021-09-17,3.8847663789976466e-103,3.333108411679776e-05,4.664516984000077e-58,0.9999666689158827
2021-09-20,8.192964141474544e-96,0.00027336210835596887,1.930886742878192e-50,0.9997266378916446
2021-09-21,3.395636401650743e-104,0.00018422998403437991,4.255374952524831e-59,0.9998157700159649
2021-09-22,1.4412459902591152e-98,7.812284050103388e-05,2.2117673675574975e-53,0.9999218771594983
2021-09-23,2.2480542133042483e-106,0.0002485978912454083,2.5843168939517496e-61,0.9997514021087544
2021-09-24,1.5040809688399314e-101,0.0006208752456210777,1.0171126153483216e-56,0.9993791247543796
2021-09-27,2.964370148851137e-96,0.0003959596109717487,5.650309554049213e-51,0.9996040403890276
2021-09-28,5.947089634903346e-92,0.00014342574563903384,4.734883813563754e-47,0.9998565742543605
2021-09-29,5.892923199049831e-109,6.556506591710736e-05,1.0914428779355151e-62,0.9999344349340836
2021-09-30,4.103810124681392e-98,0.00014157755602470576,7.089434037539948e-53,0.9998584224439755
2021-10-01,5.06212624916291e-96,6.442864271575112e-05,1.8165484395754866e-50,0.9999355713572837
2021-10-04,1.3842831551959819e-91,0.00020253165003873187,6.598861771374117e-46,0.999797468349962
2021-10-05,1.335921063344455e-96,2.151167165398415e-05,3.224896945551824e-51,0.9999784883283453
2021-10-06,2.079305328272379e-107,1.2286844265214089e-05,4.1224580451058015e-61,0.9999877131557355
2021-10-07,4.55079854072215e-105,1.2149206791633957e-05,5.751620966862186e-59,0.9999878507932091
2021-10-08,5.269697997911713e-96,0.0007158950619501433,2.9538951161872297e-50,0.9992841049380505
2021-10-11,7.279560354655645e-103,0.00043960544901760736,1.9847123147823754e-56,0.9995603945509826
2021-10-12,1.6805115681917777e-92,0.011606530493658262,9.084819598565125e-46,0.9883934695063415
2021-10-13,1.0458899756350518e-90,0.0012165770709250416,2.9800236518706956e-44,0.9987834229290754
2021-10-14,2.4509938366500462e-88,0.03903838579412545,5.3779954598543655e-42,0.9609616142058751
2021-10-15,8.195634979292995e-102,0.0015294784222476283,1.4291010438767175e-55,0.9984705215777518
2021-10-18,1.467380728377691e-93,0.0013890139928453545,2.6809254896235605e-48,0.9986109860071548
2021-10-19,6.364522799181637e-93,0.00323780889820939,9.201809659390853e-48,0.9967621911017899
2021-10-20,2.644210170853633e-105,0.0006669765150562933,1.0211209926097824e-60,0.9993330234849441
2021-10-21,3.41215325470208e-101,6.778844771040446e-05,6.710276329228653e-57,0.9999322115522897
2021-10-22,2.9458538924507716e-101,0.0001972813184251773,6.481132308484872e-57,0.999802718681574
2021-10-25,2.8762932433637743e-99,9.064441401400229e-05,1.0145057087935775e-54,0.9999093555859853
2021-10-26,1.245129407940112e-90,0.001210446237871156,3.2755443384617643e-46,0.9987895537621295
2021-10-27,1.8227585740153104e-92,3.7254240046159036e-05,5.007155594868988e-48,0.9999627457599547
2021-10-28,1.076379197852243e-99,0.0007035045428593046,6.065227282771199e-56,0.9992964954571398
2021-10-29,8.997206102929304e-95,0.001013687370808136,5.748968334812044e-51,0.9989863126291925
2021-11-01,1.0792695210393285e-100,0.00042159751470478623,3.950247765348632e-57,0.999578402485295
2021-11-02,2.3263833901365462e-98,0.000372214158944415,2.5035505848016848e-55,0.9996277858410548
2021-11-03,7.011632986180668e-102,0.0011756406883597851,2.5524545661278323e-58,0.99882435931164
2021-11-04,7.180520850528253e-94,0.0022009480005366184,2.042795148232461e-50,0.9977990519994628
2021-11-05,3.94797463173641e-93,0.00014841325590043492,8.382004732917969e-50,0.9998515867440991
2021-11-08,1.6702612262604084e-89,0.000720710100895873,1.3566173987511746e-46,0.9992792898991038
2021-11-09,1.0693987012323558e-87,0.003939342094428684,5.158677481985916e-45,0.9960606579055717
2021-11-10,1.2850611006157436e-100,0.003308210051578684,2.659046531138338e-58,0.9966917899484209
2021-11-11,1.762763555894109e-87,0.9929246988851543,5.965305375070785e-45,0.007075301114846096
2021-11-12,1.0004544854734533e-97,0.2629927182822779,1.6032665778909045e-55,0.7370072817177238
2021-11-15,1.6654484165438125e-94,0.023718764312398555,2.0875575156923963e-51,0.9762812356876008
2021-11-16,5.478109994544264e-92,0.026104006689375212,7.549523793375052e-49,0.9738959933106242
2021-11-17,6.822583378993567e-100,0.16177249597487978,2.757505356879333e-56,0.8382275040251198
2021-11-18,4.091270675501638e-100,0.0005026044736166866,1.4539993756635582e-56,0.9994973955263837
2021-11-19,1.676506174676201e-98,0.0002833466268384633,5.778074958889681e-55,0.9997166533731606
2021-11-22,6.772977084909556e-101,0.0002330517349966251,1.7265024941365822e-57,0.9997669482650042
2021-11-23,5.3552333550546905e-90,0.009296082781194346,1.4687636464145793e-46,0.990703917218805
2021-11-24,2.256394538045289e-101,8.553227419792281e-05,6.491614671260536e-57,0.9999144677258026
