date,0,1,2,3,4,5
2015-03-26,0.9940693130186796,4.9594940086857656e-05,1.0737875724387436e-87,0.00588109203653632,2.2091473952948405e-13,4.4760521487339776e-12
2015-03-27,0.9693209352752439,0.013591244193973702,2.7213932212191193e-61,0.017087755108861732,6.533108899640765e-08,9.083007551304705e-11
2015-03-30,0.9636463424412081,0.006376073653876765,6.6837860168278385e-68,0.029977578773864824,5.095343485315567e-09,3.570843778278342e-11
2015-03-31,0.8212812660585772,1.6344072921547527e-06,2.855971994437368e-71,0.17871707548770202,2.4041768933502924e-08,4.6586317115507946e-12
2015-04-01,0.898782398907963,7.31318588072629e-05,1.654595865050808e-89,0.10114446501983447,8.517222299983116e-15,4.213387604561229e-09
2015-04-02,0.16974555170083672,1.7825068182039819e-06,4.607653066187624e-100,0.8302526657040386,1.757288957931847e-17,8.830608001743591e-11
2015-04-03,0.8603119825847679,0.0002629531916777969,8.588790529438053e-93,0.1394250642232311,3.291561989618963e-15,3.1860510854054465e-13
2015-04-06,0.8501719375718202,0.007616725447866296,9.254554323044659e-77,0.14221133696065216,1.9334744194554193e-11,3.2764465175151275e-13
2015-04-07,0.8404961203845664,0.006016487726996497,4.259566092921905e-82,0.1534873918870135,1.1810727913218143e-12,2.4119486799423166e-13
2015-04-08,0.0029981676734594084,1.2917726781714361e-08,1.4904247536436211e-111,0.9970018194088125,1.1703575566255194e-20,1.719419850531315e-16
2015-04-09,4.414951596084166e-06,1.4662236375132643e-11,3.910110069015357e-140,0.9999955850337416,2.0804414825246715e-28,5.895462824423907e-18
2015-04-10,2.818894712584407e-06,2.0354344300991532e-10,4.3734359867674864e-125,0.9999971809017455,1.468471298743614e-23,1.7837408811748283e-17
2015-04-13,2.0847235051425188e-05,9.404335759102275e-16,5.870880742113553e-158,0.9999791527649484,1.0629771041343012e-29,4.3920522248188726e-17
2015-04-14,0.000556599623803171,1.5900445411784577e-08,5.968776226570264e-132,0.9994433844757505,1.2876899108994732e-26,5.688873400684981e-16
2015-04-15,6.852931895929032e-06,1.4164051643507173e-08,8.495612548385346e-104,0.9999931329040513,2.10732001470531e-19,7.622417846587718e-17
2015-04-16,1.0831939657225228e-06,2.3660003888491394e-08,1.3680763865171422e-72,0.9999988931411586,4.87119196356419e-12,1.4452886108801521e-16
2015-04-17,3.239682817059534e-05,2.7888567973094024e-09,2.2466459424143758e-89,0.9999676003829673,1.5167178714241978e-15,5.044328556512174e-15
2015-04-20,4.89442363352051e-07,3.9160620331264083e-17,2.64302615988013e-184,0.999999510557635,1.2757702434577463e-38,5.709852055091441e-20
2015-04-21,3.515740093039897e-07,1.6769517438392057e-10,2.910477973400976e-136,0.9999996482582972,6.2634511232719905e-28,6.061493899916857e-18
2015-04-22,1.7200173125375816e-07,3.841263912958221e-13,1.544982073293236e-151,0.9999998279978831,8.054095458879849e-30,1.7766713017643987e-18
2015-04-23,3.817825765841025e-06,7.477409645828748e-16,7.396014346504546e-164,0.9999961821742338,9.649230354894808e-32,7.9803897098895115e-19
2015-04-24,4.998597494439483e-07,6.07489934224402e-13,8.021994179092147e-147,0.9999995001396448,1.9749715276720488e-29,2.8898285617449764e-19
2015-04-27,5.92888931076022e-07,3.162066062737844e-11,1.5645424305450632e-97,0.9999994070794481,1.5001892488064594e-18,6.473527323645321e-17
2015-04-28,1.0663210992056819e-06,6.615362074894092e-08,6.706739708377212e-64,0.9999988675096727,1.5607353694697997e-11,1.0854859093406427e-17
2015-04-29,1.3398984828199864e-06,1.8731386268358515e-08,5.595087371942636e-70,0.9999986413663137,3.815962699963053e-12,2.7764913892005607e-16
2015-04-30,2.3103990407100332e-05,4.30064346255208e-06,1.416274121691962e-54,0.9999725852939444,1.0072182295428615e-08,2.1618852532895083e-15
2015-05-01,2.333996038337743e-06,4.0404937368224313e-11,1.1926509079262118e-100,0.9999976659635574,4.888453294302699e-18,8.176159634645314e-17
2015-05-04,1.5163121672222356e-06,1.0957839313377611e-08,4.247956080058273e-66,0.9999984726493925,8.060155615660299e-11,6.648637303860952e-17
2015-05-05,1.014587133324469e-05,2.3757526553698616e-08,1.424583299586165e-68,0.9999898303674342,3.693372816726594e-12,1.3101344752243973e-14
2015-05-06,2.9481808464856887e-05,9.707582147122198e-10,1.1685948860523178e-76,0.999970517220576,1.98005113491683e-13,1.8393910324547386e-15
2015-05-07,0.0005545734676087579,3.118186812583568e-10,1.614192096934598e-87,0.9994454262203559,1.2340230038486468e-14,2.0565539539099625e-13
2015-05-08,0.0010387959930502758,8.537241913095731e-06,2.7163955141957262e-68,0.9989526666122306,1.514546672339602e-10,1.35094872527364e-12
2015-05-11,0.003579437373627647,1.8898166557968314e-07,2.0023313421605753e-71,0.9964203734875253,3.057641519690127e-11,1.2660395848684822e-10
2015-05-12,0.006087332774237128,1.9663583457639592e-08,2.1861532091964892e-88,0.9939126208828424,4.150219313102518e-15,2.667933245482282e-08
2015-05-13,0.004432672491620668,6.43418546574015e-11,2.6054678676008257e-98,0.9955673003364106,1.192855888054653e-16,2.7107627163889666e-08
2015-05-14,0.005695296536354019,1.6855023544078575e-09,1.3058241088679915e-102,0.9943046755293843,1.2450057547246686e-16,2.6248759557048996e-08
2015-05-15,0.023344732020659547,2.6209298732000494e-05,1.7635250362401662e-76,0.9766280013739085,3.3860564349162313e-12,1.057303314348104e-06
2015-05-18,0.14664622701296398,8.7086234597273e-06,1.202577933894266e-89,0.8533450153717029,3.733054243493529e-13,4.899149969504348e-08
2015-05-19,0.1690981091774757,1.1293838638575254e-10,1.626129103075081e-114,0.8308991945502574,7.27228787856956e-17,2.696159327068647e-06
2015-05-20,0.8177658613464988,1.8904467943264446e-11,4.2898473986087547e-128,0.1822336010285245,1.2181033570166488e-18,5.376060722563767e-07
2015-05-21,0.6554427548367775,0.001957990865163114,1.3206996333768552e-74,0.3425980136800988,5.715773358106606e-09,1.2349021855144715e-06
2015-05-22,0.35124208680421687,8.766133328133085e-11,9.713842782083546e-109,0.6487577346266588,1.2168971551654054e-14,1.784814525303928e-07
2015-05-25,0.050355920624471875,1.867156739794881e-07,9.313061699255496e-95,0.9496438835745996,4.212414781224432e-14,9.08521391927436e-09
2015-05-26,6.553214004318437e-05,9.542470887596808e-12,5.551662753470976e-141,0.9999344678503422,7.899752295355902e-29,7.146060077310836e-14
2015-05-27,0.0007084619510499845,5.335321528931314e-15,2.8843647618241705e-151,0.9992915378929265,5.2402009799360835e-28,1.5601845653119834e-10
2015-05-28,1.5251245321607324e-06,9.692572035001578e-12,7.7734755990836e-141,0.9999984748657743,1.2863526494584516e-28,2.0961096510000395e-15
2015-05-29,1.3728986112673582e-05,1.3025899023712047e-10,5.0556469125118565e-127,0.9999862708835133,5.65914417995956e-25,1.167139352253428e-13
2015-06-01,9.532955295674996e-05,2.4732706721167424e-12,1.2700642433459166e-147,0.9999046704444146,2.1888265306437607e-29,1.5611425869775752e-13
2015-06-02,3.4572485583926695e-06,1.057649175027882e-14,2.1627380512916662e-120,0.9999965427514297,5.122515159625472e-21,8.322223299331043e-16
2015-06-03,0.0013461162705113723,1.0637063052809335e-12,9.645021705439431e-151,0.9986538835647817,9.37919394726283e-30,1.6364151228983073e-10
2015-06-04,0.003871545841246741,1.0679301989200053e-07,2.0581498945053664e-109,0.9961282769061667,4.19838141678528e-21,7.04595666458384e-08
2015-06-05,0.004244914906719284,2.1442233660915823e-16,2.920497258253731e-228,0.9957550850932259,2.9199768007254097e-47,5.493913794919408e-14
2015-06-08,0.01188520878533984,5.654662051447943e-14,5.971589046256635e-191,0.9881147912138405,8.046873142052964e-38,7.633866879637909e-13
2015-06-09,0.0020678255308114128,9.380959344495639e-12,4.543711234740531e-168,0.9979321744557486,1.1100144807426404e-33,4.059848187810083e-12
2015-06-10,9.209840475391379e-06,4.9802284991463394e-14,2.1166845573250562e-148,0.9999907901594639,7.74436712163479e-29,1.0045451514556799e-14
2015-06-11,1.6474524649587702e-06,3.306670849005213e-14,3.057833579395073e-138,0.999998352547493,4.331620195383723e-26,8.899531588834287e-15
2015-06-12,0.00021002104284209252,3.4166216179382335e-15,4.661750789918428e-105,0.999789978791207,6.11836281795476e-17,1.6594851700012226e-10
2015-06-15,5.958390486594707e-06,7.629584641677734e-10,3.157870206612763e-76,0.9999940408444232,3.901774237139248e-14,2.093739418550671e-12
2015-06-16,6.342119839892316e-07,1.3051928156568416e-13,7.60981321964235e-113,0.9999993657878065,6.005512372502248e-21,7.918418505109994e-14
2015-06-17,5.6494940669104926e-08,2.0470795710781913e-09,9.12106517860194e-81,0.999999941457954,2.498553955045534e-15,2.2720002034921073e-14
2015-06-18,8.318625734131657e-09,8.18353323952838e-12,7.084101902824475e-90,0.9999999916731888,1.7068713006255533e-16,1.143057160941126e-15
2015-06-19,6.990248223746215e-07,2.1701371275225545e-13,1.6248596713439884e-114,0.999999300974685,1.265675467234293e-22,2.7537124903031393e-13
2015-06-22,1.4218718070057302e-06,9.340368422388102e-13,2.486975300309075e-97,0.9999985781272099,3.58977858062203e-18,4.8715742947962547e-14
2015-06-23,3.762250174162448e-05,8.697265098567238e-08,3.498959824487224e-82,0.9999622905154427,2.3745725410160396e-15,1.0161217434679118e-11
2015-06-24,4.78633931178985e-07,3.462107322472718e-11,4.087372202333257e-97,0.9999995213314472,2.8969330862778486e-18,1.0498802873391786e-15
2015-06-25,8.06273709294876e-06,1.6098099945125623e-11,4.109591897210435e-110,0.9999919372467904,7.61714692369109e-21,1.895568044028941e-14
2015-06-26,7.165653351686283e-07,1.2394576965634504e-15,1.4030231015564061e-124,0.9999992834346623,1.4181212627969707e-23,9.069232768901653e-17
2015-06-29,1.5399771364790875e-06,1.3093340603942173e-16,1.6929785239938043e-122,0.9999984600228649,4.990134624456714e-22,2.0868511153761069e-16
2015-06-30,2.228685131564663e-06,1.0916679582443344e-09,4.9764012824721455e-83,0.9999977702231807,1.2528218209000023e-14,6.710920735794377e-15
2015-07-01,1.911246314294228e-07,9.859587998070201e-16,4.601068064795002e-153,0.9999998088753661,3.044048385891344e-29,1.3374948220186565e-17
2015-07-02,9.958023373326762e-09,3.715009193064978e-12,7.05643015206057e-125,0.9999999900382619,1.6880291824271376e-24,7.466856738620712e-17
2015-07-03,7.853170308135381e-06,1.2276290388864693e-08,4.5498140221340016e-108,0.9999921345533889,1.0634040856368446e-20,1.2961997119313694e-14
2015-07-06,7.296532431670345e-07,2.4180149042756464e-13,1.8577378874015886e-124,0.9999992703465137,1.2574448429964655e-21,1.5414736430115028e-15
2015-07-07,1.0822888120925609e-06,4.961241274095279e-09,2.7695314433948574e-103,0.999998912749946,4.3344416482354264e-19,1.455224481841562e-15
2015-07-08,4.182630682440721e-06,1.3412503285381488e-07,1.9588287209555806e-73,0.9999956832436896,5.076437767105663e-13,8.675050294128917e-14
2015-07-09,1.9539872660568177e-06,8.252181423572882e-15,2.8909561450990092e-115,0.9999980460127252,2.3937848989167844e-20,8.727991257904918e-16
2015-07-10,1.936243338536118e-06,1.622701127173373e-09,9.587392143118612e-88,0.9999980621338285,1.9050275140803538e-16,1.319430778157831e-13
2015-07-13,4.962640304057439e-05,1.5743705403120824e-08,2.616331567837955e-77,0.9999503577285265,1.1962859994720535e-13,1.246078244341795e-10
2015-07-14,5.347587110145449e-05,1.4914307861964499e-07,4.794172472831326e-70,0.9999463749310455,3.4439794244607103e-12,5.133107862286528e-11
2015-07-15,0.000661206200697294,6.416170473079984e-11,1.653364808024471e-125,0.9993385635881886,2.0776601570307135e-24,2.3014695212722873e-07
2015-07-16,0.0028992015815459383,2.264232935872055e-06,4.417743648573042e-87,0.9970829768485612,3.4185716323543255e-16,1.5557336958103557e-05
2015-07-17,0.0011706354116336462,2.42443223222844e-08,1.45863593652296e-87,0.9988268880792548,1.646719961167191e-15,2.452264787623887e-06
2015-07-20,0.0020904335423120473,1.140944801447989e-10,6.480187655024808e-103,0.9978888759063895,2.824157894568745e-17,2.0690437203216437e-05
2015-07-21,0.006708403151795644,3.45346372435941e-11,1.9979559821795487e-98,0.9932626285623967,6.1312835589882325e-16,2.896825127345856e-05
2015-07-22,0.007481178664301117,1.088859370301316e-07,7.055302989406344e-72,0.9925087648992357,1.3847835828325313e-10,9.947412049142216e-06
2015-07-23,0.00022610739001021325,1.2201118810879264e-08,1.348234867848038e-84,0.9997738732438771,1.4446727148540838e-15,7.164993989180038e-09
2015-07-24,3.176980120694159e-05,2.0558625005010003e-08,8.826769439194445e-89,0.9999682096231703,8.515221434216481e-17,1.699886095597468e-11
2015-07-27,4.039523833797457e-05,2.7611930902857787e-12,1.3844833030024161e-98,0.9999596047374567,2.3837635350611007e-17,2.144341302849729e-11
2015-07-28,1.84409682098248e-06,2.3047085411731806e-16,3.8660532771615164e-147,0.9999981559031731,1.0092077004345015e-28,4.2811184830384854e-15
2015-07-29,6.729375097145529e-06,4.2068822117999936e-10,7.031561902609053e-103,0.9999932702041863,1.4456127644710056e-19,2.939578341556424e-14
2015-07-30,2.137498515669345e-06,3.072453031215309e-08,3.781058118499637e-81,0.9999978317769469,7.045900304436007e-15,9.230854622725882e-16
2015-07-31,2.0815372887361735e-05,2.2231023854158014e-10,1.6593233378973487e-90,0.9999791844045974,3.496402638581372e-16,2.0459690104767126e-13
2015-08-03,3.4167621310329733e-06,4.834851246373418e-08,3.2544636367872936e-75,0.9999965348892518,1.0255510493523626e-13,1.6378787710357065e-15
2015-08-04,1.7307410113392077e-06,4.6530428653681634e-14,2.1171095608638242e-95,0.9999982692589404,1.7277792805610764e-16,1.7645583343035484e-16
2015-08-05,3.3521643972916713e-06,2.399463415569914e-09,2.8531486774122885e-76,0.9999966454360444,9.53096617566361e-14,1.965437089717397e-16
2015-08-06,0.00011717719480575363,6.857167889875186e-13,4.921114945264996e-123,0.9998828227893308,2.154552452250192e-23,1.5177636677421448e-11
2015-08-07,3.0350540501791184e-05,1.2902702394808583e-12,7.854091243293507e-109,0.9999696494574718,1.1823406283549178e-19,7.353956076939263e-13
2015-08-10,1.817907520826179e-05,1.0435468884760595e-12,4.5654546037288515e-112,0.9999818209218899,2.6533214646215933e-20,1.856606040431103e-12
2015-08-11,2.49535245617191e-06,1.8784097146984243e-08,1.0174825538205063e-80,0.9999974858633841,4.969990459610093e-14,1.2184849513200362e-14
2015-08-12,6.844478511892091e-06,1.6664761728268222e-11,5.097829829391596e-102,0.9999931555044135,9.031395452809678e-18,4.0907696188546036e-13
2015-08-13,2.1399268583446748e-07,6.537212513047637e-08,8.631429871848117e-62,0.9999997199675709,6.676124721018983e-10,5.141728870213093e-15
2015-08-14,3.2162332233889547e-07,2.9533405547425497e-09,6.59692377349853e-67,0.9999996752908936,1.3243644148813155e-10,6.112214913639725e-15
2015-08-17,6.105269096638087e-09,1.7203360777155667e-14,4.3473441889965415e-134,0.9999999938947148,1.803293385104817e-25,1.202753277641017e-18
2015-08-18,2.0906315219425195e-09,2.2535370168234565e-13,1.7589077878481956e-122,0.9999999979091427,2.913287491189108e-23,6.025769160286672e-18
2015-08-19,8.912208129508873e-12,7.750539151594543e-14,1.2888671219177222e-127,0.9999999999910116,6.710648331614258e-25,9.161195015606913e-21
2015-08-20,1.8781533414571265e-08,8.109249129773789e-14,4.770975477435317e-129,0.9999999812183838,8.275785029176723e-25,6.796847385252363e-18
2015-08-21,3.517286638297482e-08,1.768157167414069e-13,1.8591926692222004e-122,0.9999999648269556,6.54318493260267e-23,3.919952141556984e-19
2015-08-24,2.7261497425828776e-08,1.695645093604562e-12,1.8172462528180206e-98,0.999999972736806,2.3886130481969865e-17,2.3545011885401368e-18
2015-08-25,2.89847220999955e-06,1.6977165057988568e-09,1.353993301788635e-88,0.9999970998300727,5.595917793125371e-16,1.383739123421754e-16
2015-08-26,1.4988884641195622e-08,2.2165121716225924e-11,6.279398205095476e-99,0.9999999849889499,1.4705966860928646e-18,2.845115623966606e-20
2015-08-27,3.262821274141181e-08,1.2448252680430112e-10,3.5413266897203425e-97,0.999999967247304,8.451833993899724e-18,4.028763480663416e-19
2015-08-28,3.6151365651335647e-06,1.0177341801214689e-06,6.565010245113869e-68,0.9999953671085668,2.068770594129343e-11,2.08652154854399e-17
2015-08-31,7.2208200385113695e-06,3.9592124201958613e-10,2.5378649073921225e-90,0.9999927787840404,9.93206799835086e-16,2.456452436990616e-17
2015-09-01,1.5692781546833357e-07,6.42238851660858e-17,7.546298164202003e-141,0.9999998430721834,9.88773405009835e-26,6.678692883463798e-22
2015-09-02,8.895187355841848e-06,1.0786145198351668e-10,1.9316898901757008e-121,0.9999911047047835,8.582084523034165e-25,2.2292182411302923e-17
2015-09-03,7.992038078375833e-07,5.579952471527303e-09,3.772564853416112e-95,0.9999991952162409,6.613062732834452e-18,3.139266189771075e-18
2015-09-04,2.8324375121835727e-06,1.1499766779586358e-08,3.1515726357455383e-100,0.9999971560627198,1.4085586829529485e-19,1.63199182558502e-18
2015-09-07,1.9483887941088546e-05,2.5235739785445486e-07,7.806875880767175e-92,0.9999802637546604,1.988878502725489e-17,1.082648059176922e-16
2015-09-08,1.5652097172788918e-06,3.1219138714400135e-08,7.539938626159118e-108,0.9999984035711431,3.88572896385189e-21,4.821562344998852e-19
2015-09-09,4.379379129294726e-09,5.981280419250304e-13,1.1433840542877198e-116,0.9999999956200227,7.858733653076414e-23,2.0967755292729225e-21
2015-09-10,1.1008882502052676e-07,1.3257445340582903e-11,3.729713100567062e-103,0.9999998898979168,2.9410315908853896e-19,3.54307389299911e-20
2015-09-11,6.000816509046358e-06,1.782966524723518e-15,2.145544873247658e-152,0.9999939991834876,3.651954164478077e-30,3.150094825792507e-19
2015-09-14,0.00015894246635591165,2.1854376647991834e-10,8.111935961756397e-124,0.9998410573150969,5.176693982690917e-24,2.1066036179734255e-15
2015-09-15,3.4232672441335314e-05,6.956108992506453e-09,1.5460988681974851e-103,0.9999657603714512,6.725108461519458e-20,1.6887321807817448e-16
2015-09-16,0.00026536577027537435,1.404035019388062e-07,2.692626620119668e-85,0.99973449382596,8.964226617394164e-16,2.6271361355160037e-13
2015-09-17,0.0006192171640022466,6.14506931407492e-14,1.386240233226799e-120,0.999380782835816,7.158787167749025e-22,1.1975595307520298e-13
2015-09-18,7.345621068134964e-05,6.089501351426246e-07,1.992932697615147e-66,0.9999259348316109,7.484686625052293e-12,8.847876704118479e-14
2015-09-21,5.3635741748062485e-05,2.869963037208404e-08,2.9929540770314374e-65,0.99994633551977,3.881962806020557e-11,3.133714854619399e-14
2015-09-22,6.476615500158367e-06,3.7681745808559696e-11,1.8380341904087314e-88,0.9999935233468183,1.4859961409694799e-16,1.0435235422842305e-16
2015-09-23,9.23437086471821e-05,3.2741737935039715e-12,3.583009716896887e-101,0.9999076562879178,1.3047382003985784e-18,1.5966856716312354e-13
2015-09-24,0.0003646285110542784,2.140766501607632e-10,8.2202398669939e-105,0.9996353711714665,7.645960114653042e-20,1.0340148983918316e-10
2015-09-25,0.00113495432776399,2.7547838129063082e-14,2.0010046454423564e-129,0.9988650448428321,2.0990800658212948e-24,8.293774566096925e-10
2015-09-28,0.00043398450474311834,1.1737886136039152e-10,3.6768521082733904e-104,0.999566015234588,7.326254791176992e-19,1.4329054492833431e-10
2015-09-29,0.0003585858725071842,5.750721701839062e-07,1.3744461988492587e-94,0.9996408390511029,3.806053049886199e-17,4.2184891855605014e-12
2015-09-30,0.00033468922741205706,1.4245587403838032e-09,3.2008287527070007e-90,0.9996653093314743,6.134170442499739e-15,1.6547459582639244e-11
2015-10-01,0.00015436938372792288,1.694684643718824e-07,3.0482191568272825e-78,0.9998454611452888,1.8174246366852777e-13,2.3361122276913835e-12
2015-10-02,0.0007246339789101138,4.523909453965568e-09,1.6336602674777321e-99,0.9992753613617448,6.444239083890781e-19,1.3543531239547048e-10
2015-10-05,0.008208785384438729,3.2544191913870507e-12,1.8609595939899067e-137,0.9917910968932773,5.882713613234064e-26,1.177190289855566e-07
2015-10-06,0.0012060662612220587,1.2297468911302197e-11,1.0604118685174723e-120,0.998793916113796,2.1088087489205804e-21,1.7612683983760187e-08
2015-10-07,0.0015114437598178093,1.542772470485107e-09,1.6153090435975406e-114,0.9984885545452186,2.42054789263363e-20,1.5218970419865663e-10
2015-10-08,0.0020520570269797916,1.2097670895784607e-07,4.745996197584287e-103,0.9979478206236364,1.0857782637807137e-18,1.3726764753957927e-09
2015-10-09,0.0014529468080359102,2.042575587621224e-06,6.793782555833889e-78,0.9985450100015052,3.806406598437686e-12,6.110650146280401e-10
2015-10-12,0.004736751224448383,1.9726050639812447e-06,5.5662880902941415e-68,0.9952612741267087,1.351558221219052e-09,6.922206002846911e-10
2015-10-13,0.0010738905041078595,8.952123775558566e-05,3.2663388654156807e-48,0.9988316498313692,4.938411400477815e-06,1.5367167390690888e-11
2015-10-14,0.00010901047314843193,6.445025669499518e-08,3.819839058471752e-69,0.9998909250349421,4.116946588957705e-11,4.845582886251432e-13
2015-10-15,2.8707947311065608e-05,6.08444307064163e-14,3.5111166453962053e-112,0.999971292052626,1.583887429983304e-20,9.407602913890847e-16
2015-10-16,0.00019819790540130032,8.420067733320911e-07,4.517417942748471e-78,0.9998009600877149,4.4899538968082345e-14,6.636127149571856e-14
2015-10-19,0.0028311252043207694,4.030505347671116e-10,1.1552994666666131e-115,0.9971688743822129,1.466554258633076e-21,1.0415945492447736e-11
2015-10-20,0.009121275254251975,2.3266374313162273e-06,2.376135460189508e-88,0.9908763980063064,1.5762321115007601e-15,1.0200840026837967e-10
2015-10-21,0.0004264522335692752,2.505354954650609e-22,3.764970184833428e-188,0.9995735477663947,3.8355718218576227e-35,3.769791445485356e-14
2015-10-22,2.6605784915867098e-05,1.3620106971832593e-09,2.1925594166077612e-100,0.9999733928530627,3.4905531927602965e-19,9.821188756217843e-15
2015-10-23,5.1380256453475185e-06,4.571308205025844e-09,1.0681655775482494e-98,0.9999948574030455,5.818597238730486e-19,1.6219754728716597e-16
2015-10-26,6.410901102921678e-07,1.0766277422423722e-10,4.478292371969375e-92,0.9999993588022272,1.5610882405410823e-17,2.3805515309050054e-17
2015-10-27,5.48158218845472e-06,1.0216663638985638e-09,5.194282527483062e-96,0.9999945173961444,5.558853887211945e-18,3.928396516527062e-16
2015-10-28,2.67390696175947e-07,1.1111427806785741e-12,6.961744360759411e-103,0.999999732608192,1.874089205337114e-18,1.0624146626405578e-17
2015-10-29,6.103112482529714e-08,2.9147875593955666e-10,1.0486907995491766e-79,0.9999999386773536,4.264370528329044e-14,1.4141883454658017e-19
2015-10-30,5.921369140039779e-09,9.056867339914396e-19,7.166532708600425e-135,0.9999999940786317,4.786471028271259e-25,1.0066610386673831e-20
2015-11-02,2.2835680250012938e-10,1.1156910377231589e-12,3.399854421942877e-96,0.9999999997705231,2.749192103469437e-15,4.3419555926008565e-20
2015-11-03,4.29488400209791e-09,6.657553084877576e-15,2.8166221742376138e-111,0.9999999957051102,1.488946227210784e-19,4.635728653368703e-18
2015-11-04,1.203179896288924e-07,1.0128751450318624e-08,1.149544764946461e-77,0.9999998695532121,4.493867964716247e-14,1.3505855574273794e-15
2015-11-05,1.5347765842858985e-08,5.512789793684999e-10,9.163152598894242e-88,0.9999999841009545,1.0842977135240137e-15,1.1274053551270004e-16
2015-11-06,4.127125602592102e-09,7.348154559479636e-09,3.1448795258185144e-77,0.9999999885244791,2.4026886939818406e-13,1.8065190004927984e-17
2015-11-09,2.1027715772262626e-08,9.163105541392061e-10,2.306190731367111e-88,0.9999999780559714,2.1958399485320543e-15,1.2042044169749359e-17
2015-11-10,1.2727755414330991e-08,5.825323346592569e-10,1.833662628711167e-97,0.9999999866897121,2.3520396901115965e-17,1.0412270276029446e-17
2015-11-11,9.530757519960025e-07,2.0108778822099917e-09,9.558729771228193e-92,0.9999990449133498,3.13670348135279e-17,1.974826351964711e-14
2015-11-12,4.430754736078839e-07,3.1833005429879706e-09,9.121177708621107e-87,0.9999995537412262,5.143800368689595e-16,4.717118715932522e-17
2015-11-13,6.463455352916101e-09,2.257966349827611e-16,1.4275966521937882e-149,0.9999999935365445,4.423112725685594e-29,6.357481918701506e-19
2015-11-16,1.5748371596764448e-11,2.9241807732961826e-17,6.80109572841942e-161,0.9999999999842508,2.0045405589872566e-30,7.891201699324543e-20
2015-11-17,3.0655524065352175e-11,1.0984449183022301e-13,4.860460782898614e-141,0.9999999999692335,4.6771471567348097e-26,5.970461158839399e-20
2015-11-18,5.4127891386785314e-11,1.867804411918719e-12,1.5824103413604664e-117,0.9999999999440057,3.4048392675305306e-22,7.51823164717938e-20
2015-11-19,3.6319311101202673e-12,8.213948745225494e-18,2.4142127609122904e-141,0.9999999999963691,4.92723169124315e-25,5.920731220599238e-22
2015-11-20,3.0009827757940973e-09,2.406445797766166e-14,8.26167386790145e-134,0.9999999969989943,1.7898755484080786e-25,6.272818610545772e-19
2015-11-23,2.3629184255732316e-10,3.3490645805398883e-10,4.504240675798812e-99,0.9999999994288018,4.582474833716438e-19,7.945132477597485e-22
2015-11-24,7.695766701914095e-12,2.7355236742036375e-15,1.6982690371851661e-141,0.9999999999923013,2.4837734582627404e-27,6.462776977124305e-22
2015-11-25,1.6677454456685336e-12,2.1431296743340482e-20,3.139449143149632e-178,0.9999999999983338,3.306304676030727e-33,1.974874744620431e-25
2015-11-26,2.6674904112464986e-13,6.3334734574014e-16,4.833538909290484e-140,0.9999999999997335,7.7836355636987335e-25,4.6728435756125065e-25
2015-11-27,2.5615541865943682e-14,1.2377384296991184e-12,1.1175718938826871e-94,0.9999999999987352,7.219566006804246e-17,1.3574802056194459e-25
2015-11-30,5.367663597028563e-17,3.147385736401056e-17,7.421686912190331e-128,1.0,3.631219882152184e-24,1.7843996656300055e-28
2015-12-01,1.5205084517248162e-15,5.5513320031673684e-11,3.244448238053742e-80,0.9999999999443574,1.2938582314227642e-13,1.4500924875303494e-25
2015-12-02,1.2919509546686025e-13,1.2878901892231123e-16,1.2662846034979084e-115,0.9999999999998721,7.281904512328285e-19,2.2072927195016337e-21
2015-12-03,5.117051096809789e-16,3.0091227609051617e-15,8.200652073569058e-124,0.9999999999999964,2.0670449377342764e-22,1.422630379344183e-24
2015-12-04,3.235801471710458e-17,1.428798630762843e-16,2.6836846003470753e-128,1.0,6.950902454857766e-22,9.529103325793019e-27
2015-12-07,1.6061954544725824e-22,2.6922663235992322e-20,2.76589469826443e-155,1.0,6.709515148027526e-29,8.705770113548899e-33
2015-12-08,1.611810358439252e-17,9.626650285410068e-20,1.9294513685853124e-168,1.0,1.6035965174369813e-31,4.297230836669344e-28
2015-12-09,1.2251663932064938e-22,1.711110887804754e-20,4.328335398884213e-162,1.0,6.803639018674631e-30,2.5330401886806864e-32
2015-12-10,8.691533395146894e-16,5.181321309019619e-18,5.660049222664595e-169,1.0,2.4041259579593947e-32,1.665481364571394e-25
2015-12-11,1.4928128878758304e-12,3.204535263972469e-11,9.31306457561484e-131,0.9999999999664624,7.389054970657996e-25,1.458187111629674e-23
2015-12-14,1.9626812969107896e-11,4.635888039215053e-15,1.975710779107532e-119,0.9999999999803677,2.5950947549347717e-21,5.044534233405054e-22
2015-12-15,2.057827890168173e-12,1.8869443057253723e-11,8.301900642639759e-125,0.999999999979071,1.463073629868664e-24,1.6946055308780385e-23
2015-12-16,6.959175717357977e-14,2.9386086042927326e-13,6.792753048136305e-129,0.9999999999996376,5.469809003688949e-25,1.4668369668762348e-26
2015-12-17,8.746879537352589e-17,1.1017982145226528e-13,5.266482633555564e-98,0.9999999999998899,2.130813124674902e-17,6.567851138601577e-30
2015-12-18,7.989695153226748e-20,9.43073445644612e-13,8.836151241476668e-91,0.999999999999055,9.368068762796305e-16,9.054866650336401e-33
2015-12-21,2.578404335165388e-17,3.850641603970113e-11,8.576072249842495e-88,0.9999999999614921,3.0871724201414585e-15,1.3878071177685556e-30
2015-12-22,3.312459465182487e-15,2.7904152894882985e-12,9.874006373794204e-81,0.999999999995179,2.027397887526634e-12,2.4072328683910241e-29
2015-12-23,1.730795018841349e-14,1.175454618346791e-10,4.344839079200884e-72,0.9999999998770832,5.353804494905144e-12,1.2248309624954862e-27
2015-12-24,1.586288239803127e-12,1.7870214551040683e-09,2.206164010308875e-71,0.9999999982033749,8.018394148978051e-12,1.0619239003480364e-24
2015-12-25,8.901564052744431e-15,1.5569768158951832e-14,4.864180551323975e-96,0.9999999999999751,8.404374960463759e-16,1.0261052123474327e-28
2015-12-28,3.264607806387718e-17,2.459749096900978e-13,5.627441772262015e-99,0.9999999999997549,3.383060988568168e-16,9.692864298202791e-34
2015-12-29,2.5942783611590563e-16,1.4005994952324534e-13,1.8667744096330863e-94,0.9999999999998508,8.738614807441929e-15,1.9578714723710303e-32
2015-12-30,7.395501710239767e-15,6.835795982719183e-13,4.143842937410452e-92,0.9999999999992752,3.2522855690404135e-14,8.984185745933764e-31
2015-12-31,3.199506948950137e-14,1.3126706133915526e-08,9.47113430584517e-76,0.9999999868652695,7.99308107157645e-12,5.699074469766097e-29
2016-01-01,5.610716657285482e-12,3.061031036003522e-10,5.334304929788056e-92,0.9999999996882742,1.064325824892017e-14,2.7528224444213877e-24
2016-01-04,8.605613791519535e-11,3.2979215672937373e-12,1.64150171034043e-101,0.9999999999106421,3.398164791983361e-15,8.505344773586162e-23
2016-01-05,1.2863803244257204e-12,8.985682029476006e-13,6.532865876823643e-125,0.9999999999978151,4.501636128780702e-22,4.964715379049679e-27
2016-01-06,1.4988341091320685e-10,2.28403889803164e-08,2.341070951978354e-99,0.9999999770097292,7.092425818792417e-17,1.985359532144121e-23
2016-01-07,4.860113855851272e-09,8.30277576312591e-08,9.796445658563682e-94,0.9999999121121238,4.198689927342657e-15,7.701621693672023e-23
2016-01-08,9.815175708881194e-12,5.88906253632092e-11,4.469141339464786e-106,0.9999999999312941,1.6631236139791803e-17,3.2091607053947865e-26
2016-01-11,5.168707905322487e-12,1.1204453437082594e-08,9.614755172318862e-91,0.9999999887903357,4.3243501894256927e-14,9.017630147662609e-28
2016-01-12,2.264123033317212e-11,6.278017520372548e-06,1.8047133482071617e-66,0.9999937020634143,1.9896422447141775e-08,4.044394856394564e-27
2016-01-13,1.824067020595917e-08,0.00012999983449792476,2.367104975998031e-71,0.999869978931975,2.992855159822774e-09,2.5815916193795886e-24
2016-01-14,1.4074388723725213e-06,0.0014042541641600904,2.077182455597169e-60,0.99859329128314,1.0471138287320195e-06,1.1823209950595404e-21
2016-01-15,7.989973877951699e-08,1.9003807464267956e-10,4.575506483656493e-92,0.9999999199096617,5.627882585880235e-13,5.872971222877382e-24
2016-01-18,3.903363399538959e-12,4.0774230291063814e-14,9.69094720210807e-168,0.9999999999960565,7.664556666323225e-35,7.642054699551318e-30
2016-01-19,3.1499920555318596e-14,3.3582499672902997e-13,1.474581521022032e-149,0.9999999999996341,1.2474514609618476e-29,6.534987437659168e-33
2016-01-20,8.703030064685048e-11,7.725218701488573e-11,3.65510820126285e-147,0.999999999835719,1.2471740897602949e-29,1.2859978799053978e-28
2016-01-21,2.5066438809793432e-17,4.739356799523251e-19,1.154276033708579e-218,1.0,1.0259038618461818e-46,2.0211968521580974e-34
2016-01-22,5.74857292413999e-17,1.071631855457602e-14,5.401339226062072e-177,0.9999999999999893,2.9239598405949616e-36,1.1443826735139312e-33
2016-01-25,2.812434272415202e-14,3.1127136856226e-14,2.774556143461483e-141,0.9999999999999396,9.989204460144858e-28,8.613061687430027e-30
2016-01-26,5.681617807978904e-17,4.890555159556301e-16,2.6487207354754553e-148,1.0,3.812413199703292e-29,3.367362592505565e-33
2016-01-27,9.37117397812863e-22,1.698820575597055e-14,6.008923843207729e-128,0.9999999999999822,3.9231741012350023e-25,7.920231330896173e-39
2016-01-28,3.455196822579593e-17,2.4425723397659298e-14,2.6319685705880913e-120,0.9999999999999751,1.9486318825454315e-23,1.8321029132530535e-30
2016-01-29,4.675995936695302e-15,1.2440497276461032e-14,4.84023296916264e-115,0.9999999999999822,8.926051460592688e-22,3.9964883778804886e-27
2016-02-01,2.587241014061224e-13,9.067960423395934e-12,6.131205414449261e-103,0.9999999999906741,4.959820282913613e-20,5.993604946167774e-24
2016-02-02,2.8678715870531693e-09,3.5686789708768564e-10,1.4687128936170466e-98,0.9999999967752622,1.5104820082253079e-19,1.0579901774056584e-18
2016-02-03,7.953813252092124e-13,4.894642759612404e-12,4.335859509159814e-111,0.9999999999943086,3.813826071647274e-22,8.939672929589104e-24
2016-02-04,6.429734196464074e-12,8.145537861853709e-11,7.591910783295596e-102,0.9999999999121165,1.1946063570904107e-19,2.5905510005390184e-23
2016-02-05,2.635697125623444e-09,2.261303527192374e-09,6.981181472262598e-85,0.9999999951029963,2.2683195218959564e-15,9.2491488360457e-21
2016-02-08,7.605624857483628e-07,1.842714814834539e-15,1.9392248188358735e-132,0.999999239437512,1.5255097059859442e-25,2.5203970017219266e-16
2016-02-09,7.871930042990074e-07,1.616305800456092e-12,9.880590358156238e-104,0.9999992128053784,7.422910197805449e-20,2.9332348878951475e-16
2016-02-10,3.806346876911807e-05,4.191983501052502e-08,7.281482009930091e-73,0.9999618946101412,1.187457585371682e-12,6.705725820458227e-14
2016-02-11,1.350859409001848e-06,3.4728456254332774e-10,2.68767535508296e-109,0.9999986487933048,1.8486219166572085e-21,7.868093651308697e-17
2016-02-12,2.2152405013133953e-08,1.5543884668129303e-12,2.258018910031538e-124,0.9999999778460416,3.4963986942289105e-24,3.9533165169050824e-20
2016-02-15,3.6863424941790483e-06,1.519958530816712e-07,4.789937575339742e-87,0.9999961616616523,1.486243218313263e-16,4.86426058208797e-16
2016-02-16,0.0006308817427172565,1.3030154704562211e-09,2.2883073303931747e-114,0.9993691169485335,3.736292838337306e-21,5.732592919341351e-12
2016-02-17,0.0006959460195071413,1.9552679491480207e-08,1.5186524395738268e-90,0.9993040344229835,3.4035629573770604e-16,4.8305902074243895e-12
2016-02-18,0.005275039208050441,1.3138402412665907e-07,4.543166682705411e-82,0.9947248285847077,3.535632158640594e-13,8.228633213755706e-10
2016-02-19,2.5851681623713946e-85,0.9999999999999964,6.27592639037168e-17,7.31448997581876e-88,1.8502434144826505e-15,1.3212814309030227e-101
2016-02-22,1.7522821823309948e-51,0.1522586637167426,6.672875503907586e-07,7.254101403703452e-51,0.8477406689957085,3.543302889494429e-61
2016-02-23,3.445379481143715e-49,0.010825725720006368,8.271301756672433e-05,1.1770872572454106e-48,0.9890915612624285,9.142996581956209e-59
2016-02-24,5.974717911397563e-46,0.005374039776458137,1.3307884628821193e-06,8.815232579017068e-45,0.9946246294350796,1.1906230937995329e-55
2016-02-25,4.1657759545712335e-46,0.001096401703697914,0.041617417532155226,1.7459126501467736e-45,0.9572861807641484,1.9980119910273943e-56
2016-02-26,5.199889762139459e-51,0.0028944042083044654,0.3857687825201637,1.0689103456016404e-50,0.61133681327153,1.028596679223604e-61
2016-02-29,1.1039229106381139e-46,3.721042363967491e-05,0.9469952119682666,9.41929560474519e-47,0.05296757760809315,1.5760839855715517e-56
2016-03-01,2.5758274085493726e-55,2.0073559484245942e-06,0.9990281068613436,4.672808360101891e-56,0.0009698857827083506,1.1778711633863868e-66
2016-03-02,1.689036172153487e-49,0.0004496554711500721,0.38166624314505,5.149032098806001e-50,0.6178841013838012,2.195897495013023e-61
2016-03-03,6.73603663962278e-54,1.1474094961673008e-05,0.9916867640261938,5.5486892852121535e-55,0.008301761878843673,1.0278923735365862e-67
2016-03-04,1.8193714193641392e-46,3.145889270675273e-05,0.9739447843464577,1.0469508691226349e-47,0.026023756760836084,2.1019137990507244e-60
2016-03-07,1.81942199283588e-49,2.7295252243123327e-06,0.9933408107910308,6.170229227240736e-51,0.006656459683744735,6.522227073726178e-64
2016-03-08,1.4583971256084834e-46,9.635353519951282e-07,0.9973583656696589,1.3649821825592723e-48,0.0026406707949895103,5.359130144683803e-61
2016-03-09,8.682302714346194e-60,3.503253959431692e-07,0.9999814237042757,4.092687514160352e-63,1.8225970328153048e-05,4.25052089203107e-76
2016-03-10,1.5886983175878546e-52,1.7017386927535514e-07,0.9998934667016466,2.4281956321369913e-57,0.00010636312448336625,6.543336048743152e-69
2016-03-11,8.786920332109296e-44,1.9022619439591772e-06,0.9982328600120098,1.1067914970057897e-49,0.0017652377260463183,1.6663199556507177e-60
2016-03-14,8.69708245960119e-61,1.0397167333390726e-06,0.9999836550069384,3.5619830351955226e-67,1.530527632874623e-05,7.104643508479602e-80
2016-03-15,2.0477289663566876e-54,1.0519699940595559e-08,0.9999935208729858,4.156529484491693e-61,6.46860731415076e-06,4.602045852478328e-73
2016-03-16,1.9702971832569062e-59,2.0571408961148954e-07,0.9999636491798558,9.488451400055454e-66,3.6145106053953055e-05,2.6171226163638866e-79
2016-03-17,6.330018982536192e-59,7.801253329447007e-09,0.9999961766971888,1.4194830352851706e-65,3.8155015583394435e-06,3.8256931740488205e-79
2016-03-18,1.1570159738546024e-52,2.5419691167174255e-07,0.999860563874503,7.7433250290600695e-59,0.00013918192858548216,2.3075515189359212e-71
2016-03-21,4.059314628366557e-59,1.313386758145021e-08,0.9999955380261979,7.753285688474121e-66,4.448839934168723e-06,7.155427746621227e-79
2016-03-22,6.445070862808522e-52,2.0430141268233796e-07,0.9998905593913912,8.017614506321806e-59,0.00010923630719615753,1.833247475947803e-70
2016-03-23,4.460656523110993e-46,1.315157324665152e-07,0.9997804639561099,8.951278489620546e-53,0.00021940452815841617,2.9201065340043676e-64
2016-03-24,1.645292211358554e-58,3.865472243210861e-07,0.999968178144718,1.9237144160382292e-65,3.143530805859732e-05,1.676402329055452e-78
2016-03-25,2.0864456553866243e-59,3.0055938153846185e-08,0.9999862830453619,4.769068534348875e-66,1.3686898699949071e-05,3.4678835047244007e-81
2016-03-28,8.939305529669824e-49,2.202516736844327e-06,0.9997127947533424,9.189861625655791e-56,0.0002850027299213831,5.51295183255972e-70
2016-03-29,2.8828748505149055e-53,6.584647198095635e-08,0.999944413781141,5.096336611115741e-61,5.5520372387194625e-05,1.5021946618632704e-73
2016-03-30,3.217840393590855e-46,3.1979610427806656e-07,0.9992662935664836,2.3482448973044166e-54,0.0007333866374123895,5.6876024459116944e-67
2016-03-31,1.0175244544210553e-55,4.211376067871425e-07,0.9999248021105144,3.572056470669678e-64,7.477675187936417e-05,7.659984124823515e-78
2016-04-01,1.3608642567406995e-49,7.106768240590869e-07,0.9995106848589492,1.7529424534529778e-57,0.0004886044642272283,3.0521621267066503e-70
2016-04-04,1.3169428129441032e-45,1.6903605136590275e-07,0.9993607992686331,2.9619801651057137e-53,0.000639031695315765,7.468063816714362e-66
2016-04-05,6.2248962792429064e-58,2.839093891975378e-06,0.9997415196682383,6.075633697232098e-66,0.00025564123786883804,1.6757850530015407e-79
2016-04-06,3.07099630603705e-48,8.454519129064309e-07,0.9994885125743784,3.7753760248104892e-56,0.0005106419737083759,4.478104819748159e-69
2016-04-07,3.704326075444679e-50,8.979744194957968e-08,0.9996741549112648,2.9468895605306653e-57,0.0003257552912931373,3.5716433909122675e-71
2016-04-08,2.0492566365471893e-46,3.0132818359156737e-07,0.9982938495380994,2.40808382666437e-54,0.001705849133717559,6.451161038312328e-67
2016-04-11,2.2971584478127035e-59,3.31963393765017e-08,0.9999949298349633,3.0054795824592978e-71,5.036968697625202e-06,2.1020367988034088e-85
2016-04-12,3.0414272248988724e-53,5.5584714783167834e-08,0.9999063414418851,2.8843154736070743e-65,9.360297340083861e-05,1.5660249719073264e-78
2016-04-13,1.9802965081544453e-57,3.4953048753644704e-07,0.999768611371404,5.144807146971383e-70,0.00023103909810843898,5.30921748023758e-84
2016-04-14,5.636681836027112e-48,3.0096349822826744e-07,0.9999862768403839,3.319282111930867e-66,1.3422196117131693e-05,9.592298968909298e-82
2016-04-15,5.922455347630616e-61,3.1879678039408177e-06,0.99998410875555,2.993230316724999e-79,1.2703276646391486e-05,4.566616155819117e-96
2016-04-18,2.1846047278060747e-58,6.177726655333623e-07,0.9998749242280104,1.066961579615643e-75,0.00012445799932466026,2.50157892424545e-93
2016-04-19,6.95889849360587e-49,1.4248640511182753e-06,0.9999330463110201,9.346672682793238e-67,6.552882492933831e-05,9.22016886386371e-84
2016-04-20,1.3908934880329918e-55,4.043371367269314e-06,0.9998428099899471,1.240951937647719e-73,0.0001531466386851653,1.106707973996414e-90
2016-04-21,1.5474858775864037e-50,1.6013167239047788e-06,0.9998220154397868,1.6673868325510984e-69,0.00017638324348950995,1.1280716222967526e-89
2016-04-22,1.2656421388879342e-56,1.6365929755506822e-07,0.9999941230307924,7.745571887306828e-77,5.713309909620972e-06,2.97276902128514e-98
2016-04-25,1.588400426837828e-50,4.0588580359249516e-07,0.9999595801321269,1.5702739536352402e-71,4.00139820693315e-05,2.1401052783962687e-92
2016-04-26,2.0061527950898886e-58,5.788941967088349e-07,0.9999967726482734,1.0215226441940706e-81,2.6484575303016797e-06,1.04258170840168e-105
2016-04-27,1.390797379313329e-52,1.1578167460782567e-06,0.9999525721970027,7.318756661955269e-78,4.6269986250982995e-05,2.441379286553083e-101
2016-04-28,5.533568487503698e-52,1.717684999839891e-07,0.9999848303619726,2.7157887571468154e-77,1.4997869527087386e-05,9.585104369950032e-101
2016-04-29,9.775599752924774e-55,9.937311547341896e-07,0.9999783038775162,2.8495936515013892e-80,2.0702391329842716e-05,1.2871975869918995e-103
2016-05-02,7.623992498118985e-58,2.8055057973106685e-08,0.9999993381872918,8.838684970245836e-85,6.337576498288796e-07,1.0705078264607027e-110
2016-05-03,5.492146273848292e-59,1.2246672960932144e-07,0.9999987947822466,1.7959768060265263e-86,1.082751023492555e-06,4.3039018335863254e-113
2016-05-04,7.957038906182623e-49,1.3313241768701621e-05,0.9999814928969588,7.126118898383747e-82,5.193861271805955e-06,3.7850396145725305e-110
2016-05-05,2.403059157700244e-58,4.308310614695105e-07,0.9999991705608278,5.171118066334408e-96,3.9860811126859073e-07,1.5681329489409842e-120
2016-05-06,5.244653498439363e-57,1.7294021876458037e-08,0.9999978330174328,6.74722884317964e-92,2.149688545222584e-06,2.3299977057577334e-119
2016-05-09,1.5567188235720805e-56,1.4373960298756568e-08,0.9999994794311999,5.685942493074536e-94,5.061948399754962e-07,7.590452869775137e-124
2016-05-10,6.456766845734578e-54,1.4608188376245497e-06,0.999998171325061,1.4507609855537077e-92,3.678561020820696e-07,9.898010857840307e-132
2016-05-11,2.2296042299795695e-49,2.351624347984095e-05,0.9999762719697773,5.5433770636875214e-89,2.117867434071789e-07,1.6468405142576522e-129
2016-05-12,3.23070498799216e-54,1.098245818666582e-06,0.9999986054766079,9.430955653633424e-96,2.9627757370841107e-07,9.207886167848221e-129
2016-05-13,9.49696398095721e-47,1.326649791364541e-05,0.9999812468395863,9.500474762636372e-89,5.4866625000216445e-06,8.446159208257168e-122
2016-05-16,9.164762093835999e-50,3.0625246044877984e-06,0.9999959862106399,2.1651682273703033e-92,9.512647551742877e-07,5.534961352155363e-127
2016-05-17,8.793017294831998e-48,7.991788852354159e-07,0.9999969628795895,5.6276817013683475e-90,2.237941526056991e-06,3.283592808345544e-124
2016-05-18,2.198913020090669e-50,5.720272071659564e-08,0.999999614879417,1.5440818233838713e-94,3.2791786142798903e-07,4.0984348373791446e-128
2016-05-19,5.384611240993738e-59,1.025754477736687e-05,0.9999889518752869,5.202647964998509e-102,7.905799356082605e-07,1.0803462784929234e-136
2016-05-20,2.6978651641766565e-47,9.620379044955953e-05,0.9999031559190786,1.5546290126857717e-91,6.402904722695082e-07,1.3040911935057777e-124
2016-05-23,1.2131637403362285e-45,0.00047274483729720595,0.9994948833390843,3.89228446201491e-90,3.237182361818913e-05,6.043522954383283e-123
2016-05-24,5.581315135112624e-50,5.74365676187547e-05,0.9999418050945372,4.082870973691282e-95,7.583378431956974e-07,7.360384626090201e-128
2016-05-25,2.742821182654423e-54,0.03971144238590559,0.9602688627495339,2.7662100252787376e-97,1.9694864561832795e-05,7.410051933494595e-133
2016-05-26,5.301628377056492e-54,0.014113670785152934,0.9858791244866212,1.0924609109308626e-95,7.204728227076374e-06,5.189241856017254e-131
2016-05-27,6.232073610073977e-48,0.008623033331381202,0.9913641648668693,8.616186884108083e-90,1.2801801749790652e-05,2.972285828148512e-124
2016-05-30,1.877959208732389e-51,0.0009688329683557286,0.9990285266243174,1.6491929847988262e-92,2.640407327418905e-06,4.6017115578844454e-128
2016-05-31,2.1449346996652887e-46,0.0077917917686663625,0.9921761813239911,1.489807489017525e-87,3.2026907342594635e-05,3.4291719192561165e-122
2016-06-01,5.9526961331079696e-55,2.882458302998986e-06,0.9999963985212829,3.117208739571312e-95,7.190204136798719e-07,6.9654682797389355e-130
2016-06-02,7.278508079126051e-53,1.0032276769494092e-06,0.9999976019744603,2.7338189852725322e-92,1.3947978624841025e-06,2.653151914721307e-127
2016-06-03,3.2143860588112e-58,1.7449488698096554e-06,0.9999970626215469,1.114976825391292e-97,1.1924295829646638e-06,4.552527541537323e-133
2016-06-06,2.5423598225748173e-58,2.9087219067409927e-06,0.9999950444961566,1.5319534381437272e-96,2.0467819367903636e-06,2.0128296713862228e-132
2016-06-07,2.0123587180773202e-59,5.505741890618371e-06,0.9999904821185801,2.1854829784905548e-97,4.012139528925117e-06,4.273435437500887e-134
2016-06-08,4.584345626920037e-50,1.6138609628537535e-05,0.9999780879227755,2.626354049928687e-88,5.773467596363352e-06,2.4891252816077575e-124
2016-06-09,5.031535966270423e-52,4.704020889066812e-06,0.9999869981848234,9.40573346544891e-90,8.297794286754111e-06,2.2749948641818265e-126
2016-06-10,2.37177970440849e-46,6.429095475995215e-06,0.9999564050773782,1.9381375982126472e-84,3.7165827145040416e-05,3.8678179494786854e-121
2016-06-13,1.4192051941341461e-49,7.526923255408657e-07,0.9999899474224642,8.499226262640989e-88,9.299885209985532e-06,1.8196389749526136e-124
2016-06-14,2.229973876900718e-48,1.8513658803584538e-06,0.9999112778442185,1.0710709808375767e-86,8.687078990052461e-05,6.050337516825587e-124
2016-06-15,2.889401299335931e-54,1.9222739524253967e-07,0.9999987347134012,3.271113732561331e-92,1.0730592039391663e-06,8.37148504108111e-130
2016-06-16,1.6107593797748331e-49,2.4898630646361433e-07,0.9999968765482993,1.4005373688430378e-87,2.8744653945826738e-06,4.97363801801505e-125
2016-06-17,5.861619534010964e-45,2.98948939748105e-05,0.9995329451576274,2.1782502921826117e-82,0.00043715994839864245,3.175356545771732e-118
2016-06-20,2.0822994758754216e-49,4.246184281379623e-06,0.9999564245270178,4.3079767009758925e-87,3.932928870003594e-05,7.323946681162295e-124
2016-06-21,1.266501790723558e-61,1.1043238050169079e-06,0.9999982079714317,1.5544634232937908e-99,6.877047625670176e-07,4.854099664255478e-137
2016-06-22,1.4088462257434014e-180,1.0,1.117173989569216e-102,3.218876542176609e-244,8.962900925028616e-88,1.1769925795748362e-277
2016-06-23,0.018703084303078116,0.9812968101415936,1.5621983563592809e-40,5.280235401780041e-43,1.0555532916497806e-07,2.0028177795647663e-71
2016-06-24,0.8121427139442017,0.18785728605501942,7.496809861095197e-51,1.1458300867497694e-44,7.776619268472788e-13,1.0568590117965627e-75
2016-06-27,0.8961248715389152,0.10387512846108421,2.523873030483029e-63,1.1178809823300032e-45,2.4170656610318505e-18,1.2651541883338213e-76
2016-06-28,0.9999102504588588,8.974954114254692e-05,1.6256767253085002e-83,1.0969820646985981e-48,1.1172210424077303e-23,3.2186102614075053e-79
2016-06-29,0.06964669537073422,0.9303533036753981,1.1574806578451274e-45,4.897494639187523e-44,9.538658403349747e-10,3.2418781865649132e-74
2016-06-30,0.999999868281735,1.317182437341687e-07,1.6261085707099668e-84,1.2549864428778337e-43,2.1836210501640117e-14,3.174395657740521e-69
2016-07-01,0.9988540249420989,0.0011459750579000325,4.5180079571020926e-82,7.242205350818883e-39,3.635262129622559e-16,3.2054958195038053e-69
2016-07-04,0.999999999999801,1.9819215527935257e-13,9.114765928456745e-113,3.3572544108611243e-46,7.499771012212127e-24,4.3523832373736386e-69
2016-07-05,0.9999985035623992,1.4964376010913558e-06,2.8223202400779343e-92,7.03661375562675e-40,1.4133919897289422e-24,6.647578542639876e-64
2016-07-06,0.9983240644890938,0.0016759355109065956,2.8684482413990545e-80,5.805437231305251e-37,2.0393824049075716e-20,3.873218158639203e-57
2016-07-07,0.9999997675862907,2.324137095261991e-07,6.864492442122652e-92,5.547735160163087e-33,7.168433893619383e-18,3.35043251786446e-51
2016-07-08,0.9996930711645157,0.00030692883548544335,3.492851270652907e-80,3.7224593828661504e-34,9.638324065554791e-20,2.76459274771049e-54
2016-07-11,0.9999891667995258,1.0833200472623636e-05,9.454493363433705e-89,1.977226384427783e-34,5.3749998122504464e-24,2.774101051847157e-56
2016-07-12,0.9999941128633543,5.88713664528218e-06,1.2806635274177978e-86,2.109425157262919e-29,2.910663515012844e-20,1.0813468074784608e-46
2016-07-13,0.9999995292920516,4.707079477426462e-07,2.696572787536664e-89,4.602393664939581e-26,3.2474178282538957e-19,9.843733538827195e-43
2016-07-14,0.9999999999999538,4.4741275288910756e-14,6.318624607282737e-155,1.8007311985350354e-28,1.963456211103732e-35,7.25411465990323e-36
2016-07-15,0.999999941761155,5.823884343729117e-08,2.739613612306368e-112,4.4392882286875055e-26,4.9180433011727175e-25,1.8909404941495095e-32
2016-07-18,0.9999999987965289,1.2034723071573867e-09,9.505141188394164e-125,8.400835428793078e-25,1.6288099451541494e-29,4.7183222928366303e-35
2016-07-19,1.994028769761707e-76,1.0,8.843754012162979e-55,1.4685031609502647e-103,1.8209899799768962e-27,9.884525621862897e-118
2016-07-20,7.318562022830617e-44,0.9999999999945395,2.6902970249854764e-41,3.410068762761341e-67,5.460282022378753e-12,4.2126084507936306e-80
2016-07-21,1.0529984887945535e-49,0.9999632879705581,1.1233790879630502e-15,1.6102669864582463e-70,3.671202944182613e-05,4.359102235589697e-83
2016-07-22,8.31829001085089e-46,0.9997745611491093,7.067511574839942e-15,1.6218146452828825e-66,0.00022543885088502236,8.653959484425757e-79
2016-07-25,5.441165005713762e-120,1.0,1.4814655519207135e-82,2.1397016755794913e-155,8.856596812029688e-57,1.575176971412361e-166
2016-07-26,0.9986354056552168,0.0013645943284607237,8.112107096708881e-66,7.424524543451984e-19,1.6322591253634105e-11,4.557268995384169e-28
2016-07-27,0.999973350164966,2.66498119960334e-05,2.396095742663463e-66,2.0920321099673056e-18,2.3036798426174756e-11,4.686163134224718e-29
2016-07-28,0.999999986167481,1.344390577215557e-08,1.811330086533632e-118,3.8861470945116407e-10,1.8763606081272203e-22,8.892721122127278e-23
2016-07-29,0.9999733547245252,2.664038291702855e-05,7.76659558337384e-91,4.892556074628527e-09,5.147468071371657e-16,2.5735094321620017e-22
2016-08-01,0.9999999937026303,4.2258435712957164e-10,1.863488632729607e-125,5.874783839118431e-09,1.8919583808307117e-22,3.0453069154378226e-22
2016-08-02,0.9999999963359194,6.019411195930787e-12,3.680604627340283e-131,3.6580622266251377e-09,2.2427397007167315e-22,3.209538509874056e-22
2016-08-03,0.9999998784140269,1.2139144315398468e-07,7.560376277299429e-104,1.9453070737533447e-10,5.453032369065028e-19,6.04914072379886e-22
2016-08-04,0.9993703140352183,0.0006296818998238425,7.996378627818704e-62,2.0106893580132377e-09,2.0542686898792597e-09,7.533649749209883e-18
2016-08-05,0.9999999970433251,3.8594518859490564e-10,1.8830822373062588e-101,2.5707287835314365e-09,1.5468572606487445e-16,3.961088928427267e-20
2016-08-08,0.9998543449016216,0.00014564886359666164,9.697381162629883e-67,4.511049601712726e-09,1.7237334527944403e-09,2.1358526097458615e-19
2016-08-09,0.999993999517089,5.996515840729879e-06,1.89821753336921e-79,3.966809168522193e-09,2.6067945826355385e-13,1.002063639134676e-17
2016-08-10,0.9997730664420035,0.00022692984503054118,8.803624950799813e-75,3.712581938278124e-09,3.84712519785856e-13,3.2864887406420624e-16
2016-08-11,0.9999580041317914,4.198287763607978e-05,6.214686380663999e-100,1.2990571880526381e-08,5.370683445352992e-18,1.6983327197935973e-18
2016-08-12,0.9993925410045618,0.0006074493171337269,1.946385468705826e-83,9.678288668865759e-09,1.6536706515885647e-14,1.6309642076733366e-16
2016-08-15,0.9999999999966711,4.203898307874522e-13,7.979912047867222e-141,2.9058985678340204e-12,7.302482055974459e-28,2.1052723820714532e-15
2016-08-16,0.999999991312972,8.613278787258262e-09,3.4697674953998094e-120,7.354638163991018e-11,6.5027606129336816e-24,2.0105477728107733e-13
2016-08-17,0.99999999981992,5.349545974647643e-14,2.7803594555072706e-147,1.8001997165158144e-10,1.2698781421875723e-27,7.069594561810947e-15
2016-08-18,0.9999999989206607,3.8297403874921976e-10,1.453266479593193e-119,6.127598066794371e-10,1.2940428205311932e-22,8.36045558293558e-11
2016-08-19,0.9999999980845082,1.4095364461406172e-16,2.414795409509626e-202,1.915478560838482e-09,4.9790363332786166e-43,1.4670185982153477e-14
2016-08-22,0.9999999108150601,8.383117213489579e-08,1.5869961984889074e-132,5.350031688128571e-09,2.14617436078045e-28,3.735743708660715e-12
2016-08-23,0.9999999575167502,2.9475532725287242e-08,4.175048843640002e-121,1.2947108840004585e-08,9.328099166514644e-25,6.060675181373821e-11
2016-08-24,0.9999997855428705,2.7226696890581824e-11,1.2533499578515154e-137,2.1440901677209002e-07,7.815562972830724e-28,2.0886769511461684e-11
2016-08-25,0.9999861224819471,2.8441505842924615e-06,1.6040235169767538e-103,1.10327314022379e-05,2.968147956854216e-19,6.360664320179111e-10
2016-08-26,0.9992966471438075,3.4725069042199415e-07,1.9677957714292374e-82,0.00070299805182648,2.1085937609037623e-13,7.553463344577958e-09
2016-08-29,0.9997411419112915,1.8206423194391534e-06,4.662134180459402e-72,0.00025701250100042917,2.75154951941744e-11,2.491787234387693e-08
2016-08-30,0.9706385319332066,7.994092489628854e-09,5.263736959135501e-91,0.029361454696987355,2.0670813397159712e-15,5.375712269778371e-09
2016-08-31,0.021106742853807692,8.297749120835107e-11,3.4016196455087143e-131,0.9788932570435448,1.8046391403380636e-25,1.9668800182474696e-11
2016-09-01,0.10543729739947534,3.0167636394568705e-08,1.6299632443845655e-116,0.8945626720927706,3.3118953290095826e-21,3.401161449423031e-10
2016-09-02,0.021977710550434668,2.2002964157379638e-07,2.3609844871498292e-111,0.9780220694143642,3.778385824494193e-21,5.5582210251632966e-12
2016-09-05,0.3561244993618603,6.231898257652447e-10,7.038220655041617e-134,0.6438754997492772,3.1698478374261155e-25,2.6567271738416476e-10
2016-09-06,0.18993357248835396,4.18752899321175e-08,5.750419846861312e-117,0.810066385465027,8.594303644865804e-22,1.7132832474690975e-10
2016-09-07,0.01572194755514222,1.4182064524661743e-05,4.060412384175274e-82,0.9842638697792857,1.42905087740731e-13,6.009038725273155e-10
2016-09-08,0.04097169609880608,5.409583381410694e-07,2.313858082102167e-82,0.9590277616962735,5.0028839305810825e-14,1.2465323427547895e-09
2016-09-09,0.06609037918076849,4.082009756305049e-07,1.496382963782846e-82,0.9339090280265034,3.815808337427048e-14,1.845917154101312e-07
2016-09-12,0.11583319419383108,1.3451905795558065e-05,2.296220661670692e-72,0.8841453096382899,4.997424205466662e-12,8.044257084564586e-06
2016-09-13,0.004603385652490235,1.1895273182917075e-07,5.035338062075797e-86,0.9953964432221376,2.4692249289399494e-14,5.2172615683781415e-08
2016-09-14,0.00044863538088309873,9.350865304965416e-12,6.909151698721374e-108,0.9995513644142544,1.1040087533959534e-18,1.9551094700340149e-10
2016-09-15,0.00018121336888899747,1.0731887003602378e-07,3.916721684818066e-94,0.9998186772934007,1.1536979898636219e-15,2.0188397977875553e-09
2016-09-16,0.0021281597918078508,6.586785641795027e-07,1.014803059023915e-75,0.9978711801453668,9.334495622634808e-12,1.3749264502614063e-09
2016-09-19,8.887786002235134e-05,1.1647312110154031e-07,1.3263624415662337e-85,0.9999110055901737,1.9369713535768608e-14,7.666421131017399e-11
2016-09-20,5.563311783784461e-05,1.3235853625125686e-10,1.8531338125533716e-103,0.9999443667122438,4.9823383986645313e-17,3.755989772192523e-11
2016-09-21,0.00025627042465747115,4.246993414671851e-07,6.52982061238476e-83,0.9997433041553605,1.2365886320168312e-13,7.205152692043291e-10
2016-09-22,0.000540228491785702,8.13319438831347e-06,6.404350971959896e-67,0.9994516367731625,2.912931065147975e-10,1.2493694854843185e-09
2016-09-23,5.757296534395077e-05,1.64391881858611e-09,9.556538216490796e-125,0.9999424253900406,3.882126626368593e-24,6.955574850494658e-13
2016-09-26,1.1114421081368584e-05,1.618361908088916e-08,3.2008027250567273e-93,0.9999888693951574,2.7133216141316446e-16,1.4258761502112328e-13
2016-09-27,5.183987899011119e-41,0.9999999995083364,2.6932453433223892e-42,6.738298663692512e-38,4.916622104616447e-10,9.325655144563891e-54
2016-09-28,9.041699766889601e-26,0.9585554412825164,3.6934172084281763e-31,1.1434356656212166e-21,0.04144455871748264,3.109463948506739e-37
2016-09-29,1.6427938465062087e-24,0.8506329232116174,1.2007147704242079e-30,8.961585761118198e-20,0.14936707678838396,3.292935217705523e-36
2016-09-30,1.711726506253353e-23,0.00012356964766383928,5.338577356615981e-10,4.0562205028868223e-20,0.9998764298184772,5.035261309238769e-35
2016-10-03,3.6807740002961874e-26,3.449948745244212e-05,3.588952136842804e-12,5.2641326530423976e-23,0.9999655005089589,3.08091601024411e-37
2016-10-04,7.627813512438602e-31,5.036467913698546e-05,5.26282177198698e-09,2.596608232373643e-27,0.9999496300580419,6.2379383570211196e-43
2016-10-05,2.8398710335543855e-18,0.4832774710454401,2.236110250669077e-23,2.9067268809443876e-15,0.5167225289545573,4.206257407277227e-28
2016-10-06,3.9254505665504074e-24,0.004836281316933264,9.069172563045215e-17,5.283373832573871e-19,0.9951637186830661,1.8788504820783246e-36
2016-10-07,1.9038197453778314e-24,0.0028392353362331926,2.116281292564461e-21,9.009458883247867e-20,0.9971607646637684,1.6122990474789356e-36
2016-10-10,1.2239315450645035e-23,0.0020470091669410645,5.986505493558435e-18,1.9956288071159998e-19,0.99795299083306,2.1815711738339488e-35
2016-10-11,1.6532444086509276e-24,0.0015830307566931975,4.268267326642469e-15,2.229753460972751e-20,0.998416969243304,4.438448363722635e-37
2016-10-12,8.359925069171434e-26,4.637012397004227e-05,2.7193505778489605e-10,1.431462266323626e-22,0.9999536296040966,2.6140964905460446e-39
2016-10-13,2.0180816219098915e-21,0.007897916432748573,3.900709952633791e-19,7.136331642822189e-18,0.992102083567252,1.5343457673307056e-32
2016-10-14,1.1731524512188125e-20,0.0005937777355363275,8.092052949518832e-15,8.653476504470211e-17,0.9994062222644547,4.1027401747074817e-32
2016-10-17,3.038777739737303e-27,0.0016862700213742278,9.868694196731938e-14,1.4153656925693537e-23,0.998313729978527,1.9001472691739167e-40
2016-10-18,1.4643348344495367e-24,0.0009668528292605292,9.904493942944652e-14,2.261433612408261e-21,0.99903314717064,1.3001999234675766e-37
2016-10-19,2.2352981859629055e-30,0.0027227019514826797,6.898838904381474e-13,3.981976184072945e-27,0.997277298047827,1.937247984650846e-44
2016-10-20,5.143553356780411e-22,0.0014694348424210359,3.625998222616554e-10,4.920768231113559e-21,0.9985305647949779,4.1923316883517947e-35
2016-10-21,2.7245394504459623e-27,0.0005587486711719365,1.285193519942458e-07,1.0324630517079468e-27,0.9994411228094753,7.62631801368549e-43
2016-10-24,2.2616396247878477e-22,0.4990438287379332,1.2113776430209475e-30,5.696153756498536e-20,0.5009561712620684,1.8871938175424474e-37
2016-10-25,1.7045843863210982e-17,0.11681041920661442,6.429019552444063e-28,1.471345631825772e-15,0.8831895807933834,3.4398856753468757e-32
2016-10-26,3.54502226810145e-22,0.11674233670885491,2.53323536553973e-23,7.979354099255026e-19,0.8832576632911456,1.6790529234125485e-37
2016-10-27,2.865630197638205e-28,0.030753388861200413,2.5339548678879086e-21,1.5983047299282201e-24,0.9692466111387981,6.5175865357347e-45
2016-10-28,4.423455635398306e-25,0.2140078491371593,6.776713137257669e-22,3.127563889108886e-22,0.7859921508628389,1.6298194953948016e-40
2016-10-31,1.7599053859825055e-26,0.0004915866075677977,3.489731234850113e-11,2.1259245433563833e-24,0.9995084133575352,1.2920544318520923e-40
2016-11-01,3.487565930181791e-21,0.0008093432420541764,1.0121009480138813e-14,2.615248268278353e-18,0.9991906567579354,1.1623196136650774e-35
2016-11-02,1.3461624651559821e-27,0.0001664664824674688,6.210822023645637e-14,1.7055537180618407e-24,0.999833533517471,1.3424160053940612e-43
2016-11-03,1.375054980764235e-28,7.608272486143381e-05,2.513689975035186e-13,1.8866609179505808e-26,0.9999239172748868,1.1353015331512676e-44
2016-11-04,2.3570732542917738e-26,1.4958342533212203e-05,3.051953139603956e-14,1.1147247899012587e-23,0.9999850416574375,5.211564759168876e-43
2016-11-07,3.542872476726673e-29,2.091607157911707e-05,4.8143549304892796e-12,4.202201277148565e-25,0.9999790839236056,4.369579841851783e-49
2016-11-08,1.176912796781702e-33,1.906556559216785e-05,9.73887471033197e-14,1.5241678607074926e-29,0.9999809344343089,4.962731086014082e-55
2016-11-09,4.2253017492133515e-23,0.00308748590263345,3.359726645828531e-22,2.5839201099936813e-19,0.9969125140973651,4.397632389650136e-41
2016-11-10,4.866605608446257e-36,0.00019639584232440218,5.373500336940522e-13,3.574944876502747e-31,0.9998036041571388,5.0266350746546714e-57
2016-11-11,1.1950921042466928e-24,0.003443528384088902,1.5797547462450915e-15,1.3574518002252295e-23,0.9965564716159102,5.061170261572332e-48
2016-11-14,8.535747310455034e-24,0.0008099205693670076,1.3659527497717043e-20,9.477741423305738e-22,0.9991900794306343,3.519558583640532e-48
2016-11-15,8.2249573645753e-32,0.0012546863181082208,2.2905331345116124e-23,1.9291718919376486e-29,0.9987453136818917,8.716352317294787e-58
2016-11-16,7.373098412480808e-26,0.00019612050125489798,5.04431109175749e-16,2.892856731488392e-25,0.999803879498743,1.0888995964709853e-51
2016-11-17,1.8389413772266112e-24,7.974669695371877e-05,8.745989131611257e-16,4.634023320082975e-24,0.9999202533030443,3.6413934257261173e-50
2016-11-18,7.636166924227152e-27,5.812739149891596e-05,2.4517996241852685e-09,2.3456814614947803e-27,0.9999418701567019,4.07875750832003e-52
2016-11-21,8.466867586379783e-27,9.532711979180558e-05,2.0629792242961812e-08,6.32154351172292e-29,0.9999046522504165,1.0793522612033695e-53
2016-11-22,1.307660555893711e-32,9.993263072806882e-05,1.4246236842378067e-05,4.0852002368491025e-37,0.9998858211324307,6.482547269170308e-60
2016-11-23,2.256645778938694e-30,0.00028819789190451315,8.893201162202609e-06,4.639351658205886e-39,0.999702908906934,1.6407857723761316e-60
2016-11-24,3.322280101591247e-22,0.009960738509103445,1.2497785612034806e-12,8.49053562928746e-31,0.9900392614896473,6.001714520224814e-50
2016-11-25,1.0398715594554751e-29,0.005194308292664797,3.083677179729543e-07,2.221953878787676e-38,0.9948053833396178,1.1030694906870055e-59
2016-11-28,6.135161228195604e-28,0.0017326447518651682,4.371472418367759e-09,8.951832515510321e-36,0.9982673508766619,7.895562068857635e-58
2016-11-29,4.036641049096613e-24,0.005205617215265954,3.396971216840834e-12,4.7206207952348413e-32,0.9947943827813367,1.2615308392012018e-52
2016-11-30,1.8482765020512288e-28,0.0034875012442021334,2.7627969497452954e-10,3.715631656771696e-36,0.9965124984795177,1.7848340300517324e-57
2016-12-01,4.441821887950463e-19,0.6569885044516743,1.7561634042469893e-22,8.831476215830842e-26,0.34301149554832533,1.6040803660426475e-44
2016-12-02,2.7254745400634736e-20,0.014154279633756149,5.250166145702237e-14,1.0184403655361723e-27,0.9858457203661917,7.393631548579754e-46
2016-12-05,1.5274460544270575e-18,0.09504854559714848,2.2128340933730185e-19,2.556729885242956e-26,0.9049514544028504,2.1124261591106482e-44
2016-12-06,1.806200672282663e-28,0.15709873584762335,5.004732567655031e-13,1.2141080344926988e-37,0.8429012641518767,1.5403999818233472e-56
2016-12-07,1.229165760080328e-23,0.06532987173491339,4.218402714266959e-14,1.4044413552551976e-32,0.9346701282650449,1.8182662546777342e-51
2016-12-08,1.0718625028300141e-19,0.0003649534254036735,2.1927023151690675e-19,1.0800349790777796e-28,0.9996350465745967,5.686258257092638e-48
2016-12-09,7.454066593323108e-27,0.0006652386089996375,1.4969291286607046e-06,6.528061562580292e-36,0.999333264461872,1.4591608266635762e-55
2016-12-12,2.4667821417305118e-21,5.802648473479471e-05,6.034981724205378e-17,7.537587536069373e-32,0.9999419735152654,9.132413607013984e-53
2016-12-13,1.6696086942352062e-23,0.00010269490891523633,1.8551955733674242e-08,1.8866840073400758e-34,0.9998972865391307,3.963887030266846e-55
2016-12-14,5.944872731979603e-26,7.030312422927688e-05,4.381233061639618e-11,8.613359900151265e-37,0.9999296968319578,2.0180164844209184e-58
2016-12-15,1.6300316884997934e-26,0.0005421493276741249,1.1029352331284428e-10,7.772599633312944e-37,0.9994578505620333,1.3243871615705324e-57
2016-12-16,1.7174774831797551e-22,0.001340640517681549,1.8254528433902168e-10,6.576439786045267e-37,0.9986593592997726,1.6092574709252876e-58
2016-12-19,6.103558030667665e-29,0.002692945440873786,3.5619237392685725e-06,8.903578996838629e-43,0.9973034926353876,8.395808375623662e-66
2016-12-20,1.3661271924918177e-19,0.02379522249841284,1.3355942340796312e-15,5.442422218385785e-34,0.9762047775015866,7.6670116900076e-55
2016-12-21,4.578266633772334e-22,0.010201527027327791,2.0307668746973117e-12,4.6323719831972254e-36,0.9897984729706425,2.4175249287523184e-56
2016-12-22,3.113435950702113e-28,0.0026642846774530267,1.5556022311737624e-09,3.673865178714509e-42,0.9973357137669441,5.340683430451584e-64
2016-12-23,1.3431001273755122e-21,0.0031001379051420388,1.0022937274878156e-13,4.832629178869257e-36,0.9968998620947591,3.475158096356041e-57
2016-12-26,4.031858450376965e-25,0.0009371518299964286,5.506993300526368e-08,2.969070282398055e-39,0.999062793100071,7.751032900110437e-61
2016-12-27,1.8694421754817546e-26,0.0007351027688179527,2.9639924159496327e-12,7.378175278403543e-41,0.9992648972282183,5.471851830004035e-62
2016-12-28,5.829027319375298e-19,0.027307645752600126,6.360830740345868e-16,2.9028332622488727e-34,0.9726923542474003,3.30072948176544e-55
2016-12-29,2.3131029037021806e-22,0.0011230165954425506,6.946523855238815e-08,4.169694014789607e-38,0.9988769139393181,2.409313361834405e-59
2016-12-30,4.857570009363473e-23,0.0009888837363386195,1.0493774212802169e-10,9.671399014625795e-39,0.9990111161587236,1.6240616481122526e-60
2017-01-02,3.6322807173826383e-20,0.005523244692892582,6.644604668138449e-13,4.245806922025403e-35,0.994476755306442,4.327249373593946e-58
2017-01-03,4.301910288259374e-24,0.0025417737077388603,4.6531243020836046e-09,4.687095948730609e-39,0.9974582216391363,2.355975543122959e-62
2017-01-04,2.0501469614585704e-25,0.0003576871268843967,6.62844826761743e-08,6.956153318220346e-41,0.9996422465886335,2.047476764330668e-63
2017-01-05,2.0399654220779514e-28,0.000340693084370134,1.3656434612915923e-07,3.381130840319304e-45,0.9996591703512839,2.727408399247608e-68
2017-01-06,3.7533251457248057e-29,0.00045093606437486105,0.0002960554564552471,5.442496489065105e-46,0.9992530084791696,6.662664415202576e-69
2017-01-09,1.3093190641702752e-25,0.0006197145016318852,3.8042565920958623e-08,4.754990951742881e-42,0.9993802474558029,1.1470556620991327e-65
2017-01-10,4.0731490255669705e-25,0.0005231937266708812,1.4407574866872565e-08,2.9531950019267035e-41,0.999476791865754,2.9840503369187053e-65
2017-01-11,2.9804216180852135e-22,0.00038902697561882526,1.0393682250411997e-09,5.298584189632533e-39,0.999610971985013,9.159055328616424e-63
2017-01-12,1.4602128024716284e-23,0.015218132987273817,2.2109342047408436e-13,8.7387881986255e-40,0.9847818670125057,4.810099461884226e-62
2017-01-13,2.390666783902923e-22,0.012887239567389764,8.355798114917118e-11,6.296465658550297e-39,0.9871127603490523,7.142370463262604e-61
2017-01-16,1.0280112947303606e-17,0.7620628359669925,1.6224572775070033e-17,4.752123016272388e-37,0.23793716403300846,8.596373969832691e-57
2017-01-17,4.6233143078192583e-17,0.15143670309788232,2.6288521568729098e-14,5.281908006011537e-36,0.8485632969020913,4.369823985020697e-56
2017-01-18,2.528172961686215e-24,0.19135874526382773,8.825864826231003e-15,4.617463721827718e-44,0.8086412547361638,1.3287011872761801e-64
2017-01-19,9.176269742316866e-20,0.06469320950814517,3.680432004409915e-10,1.5179797859356284e-39,0.9353067901238116,2.8281896533956883e-59
2017-01-20,5.338927806452755e-25,1.0,4.86900014627719e-68,1.4697566222329555e-48,1.2220928997997107e-16,9.770686205911841e-68
2017-01-23,0.9999053571345318,9.372781504132513e-05,5.879009771029506e-62,7.186871278330373e-22,9.15050426883677e-07,3.449793422007292e-41
2017-01-24,0.9997582251625242,0.00024162400074429413,4.105836215395302e-65,5.439599257815578e-21,1.5083673223348555e-07,7.304848321747189e-40
2017-01-25,1.7804015190968454e-40,0.9999421243573325,4.840827737499462e-06,3.702193014760283e-62,5.3034814930594497e-05,2.9901818050171673e-84
2017-01-26,6.405546625342601e-23,0.008676360388282955,2.6868697611438583e-06,6.1050892476468504e-43,0.9913209527419564,4.70222886106728e-64
2017-01-27,4.102384201787308e-21,0.2969597842206246,1.921058665671002e-13,6.364548919387058e-40,0.7030402157791825,3.7369951941859208e-62
2017-01-30,8.56606008219137e-22,0.584338401045657,4.5178398885081514e-12,2.375659689238854e-41,0.41566159894982335,1.210539140857723e-62
2017-01-31,1.2881915413863837e-19,0.02447548023425575,4.305561570595951e-14,7.369582126267863e-39,0.9755245197657013,4.284609440000226e-59
2017-02-01,2.158760859216278e-24,0.13088260643672592,9.238891680297557e-11,8.28071324278364e-44,0.8691173934708835,2.164533517995775e-66
2017-02-02,3.8587746936069395e-24,0.11147144398191197,4.905849879665985e-08,5.27757300416036e-43,0.8885285069595905,3.4373280755101605e-66
2017-02-03,2.2983747420793345e-20,0.026218746316720568,8.938188151211145e-09,2.9650493697082784e-39,0.973781244745091,1.5446731281748795e-61
2017-02-06,6.793096194467149e-19,0.0035917713082374274,1.2370314237850633e-10,4.492240429695676e-38,0.9964082285680587,6.863680164981521e-61
2017-02-07,3.5915746635251615e-21,0.006606899261792025,1.0074421679584238e-06,3.7092232143828947e-41,0.9933920932960383,1.2586747724480033e-64
2017-02-08,1.0044975263983339e-27,0.01335606545834171,0.0016256702999405544,1.8237863056214792e-48,0.9850182642417162,2.919252466171105e-72
2017-02-09,1.8073323540709253e-28,0.003135716097793169,0.00012028692467190283,4.33486632187111e-49,0.9967439969775338,8.936541650591433e-73
2017-02-10,2.1533554336050788e-27,0.013876695409777906,0.0006654190129445197,6.850173305908547e-48,0.9854578855772788,8.74878474092936e-71
2017-02-13,5.683319987978871e-25,0.006653971840969674,4.5774303901153956e-05,1.852591683353306e-46,0.9933002538551275,7.192431704403021e-70
2017-02-14,1.3186061546999922e-24,0.9931881185636363,1.228785858016632e-16,6.517190202879737e-45,0.006811881436362355,1.297773514392071e-66
2017-02-15,2.4845200560968492e-18,0.968153567790146,2.6944956586859047e-18,1.0389314971265395e-38,0.03184643220985359,3.514360696057289e-59
2017-02-16,3.2491249099571273e-20,0.8583106119765467,1.0697630035306373e-12,1.3815834382471274e-40,0.141689388022383,5.1500849595022915e-62
2017-02-17,1.6162560735745825e-23,0.9093259694708941,1.113369293948615e-09,2.9059694871168366e-44,0.09067402941573836,2.4425673492326827e-65
2017-02-20,1.8222236065612503e-23,0.9999644932140528,4.950833521896256e-27,1.0961448336832853e-42,3.5506785948662226e-05,1.5356706329927877e-60
2017-02-21,2.3709500954778683e-22,0.9992604040369354,2.578668911481172e-20,1.9371472822176436e-40,0.0007395959630638592,5.952658830800515e-60
2017-02-22,3.6364473147010085e-20,0.9989156151300356,4.229179084329564e-25,2.1748197754580724e-38,0.0010843848699637496,1.2918323596458044e-56
2017-02-23,1.3649155607805232e-18,0.9997709325371413,7.567860434412011e-23,9.827641776353615e-38,0.00022906746285912528,4.248052814297442e-57
2017-02-24,7.814408480508119e-26,0.999897533225904,4.7882321118917666e-23,3.2701277846493967e-45,0.00010246677409682374,1.8996848867059682e-65
2017-02-27,5.449019841963137e-20,0.3625829400960859,2.5284341582965375e-12,1.0544132924508061e-36,0.6374170599013865,2.2021676988301525e-57
2017-02-28,6.460531092520095e-28,0.03537969240226775,8.689755720425022e-09,7.126640199865113e-45,0.9646202989079757,9.164934413519486e-66
2017-03-01,4.026786788826576e-27,0.003126886281383847,0.0011710773165508495,2.3556594256719597e-44,0.9957020364020661,7.272088754458976e-65
2017-03-02,1.8947556795833772e-18,0.29272018004483114,5.299920289488209e-12,3.581447813149317e-36,0.7072798199498694,7.850085675849727e-56
2017-03-03,4.907353030797405e-26,0.8874997366338724,1.4410332792797858e-13,3.690937501648222e-42,0.11250026336598386,1.31052266433189e-63
2017-03-06,5.0430965639823034e-23,0.9997673530021718,6.160985195589356e-32,6.16829463812282e-39,0.00023264699782882015,1.9834961458142947e-56
2017-03-07,3.5519985646331473e-19,0.9942213422218321,7.05160056326303e-24,4.566406189178511e-35,0.0057786577781672776,4.680960267897336e-52
2017-03-08,2.960951307611987e-21,0.9950245316124234,2.722487943067092e-23,3.356787163659995e-37,0.004975468387577526,1.198560345211997e-54
2017-03-09,9.069287212312767e-25,0.9993900719347149,6.962682065382189e-25,5.491032276120781e-41,0.0006099280652844594,4.396130899255839e-57
2017-03-10,6.309025478051281e-25,0.9990672120699979,1.1174271189749844e-32,4.115617323720402e-39,0.000932787930001245,4.3740405450958546e-51
2017-03-13,9.770774798411241e-26,0.44505822416399077,3.8706662628659234e-17,5.417133696495147e-40,0.5549417758360095,5.055718274419199e-52
2017-03-14,3.0139933858569934e-21,0.5186242862631489,2.1910079580910087e-17,5.857974507460581e-36,0.48137571373685206,2.795078725401842e-48
2017-03-15,6.588094120498365e-24,0.9137604390221848,9.366031733956033e-18,1.8715800182704992e-38,0.08623956097781642,6.832638343448266e-52
2017-03-16,5.54848778071566e-18,0.9068780340300785,1.2366925401147868e-22,6.312949103867092e-33,0.09312196596992245,4.4590759588874863e-45
2017-03-17,6.441294925457947e-19,0.00043063728471781144,1.5986680420338033e-17,1.3699988384741926e-33,0.9995693627152825,5.923145627872415e-45
2017-03-20,1.0373207905001066e-26,0.005550495063219184,4.7722596900790526e-15,7.042104818064517e-41,0.9944495049367756,5.900717022574378e-54
2017-03-21,1.227641557761239e-25,0.0021486282565692945,1.208076884174917e-08,2.919725810447452e-40,0.9978513596626624,1.4803969699731874e-52
2017-03-22,1.208431796199037e-27,0.0007750598668693657,4.211845722395239e-09,1.2910322795038783e-42,0.999224935921284,2.0319658155166297e-55
2017-03-23,1.038287971990955e-26,0.0003455066136449586,6.463490683262825e-06,6.784828207574883e-42,0.9996480298956721,1.4231654848676928e-54
2017-03-24,8.311007147740993e-26,0.002644420446009033,3.251480671097773e-11,3.772030122746972e-41,0.9973555795214768,1.4878897764454468e-52
2017-03-27,1.0049040220443005e-21,0.0010872949658555955,5.424367125005439e-09,1.1112249295521786e-37,0.9989126996097767,1.508405225820917e-48
2017-03-28,4.300419157036624e-26,0.0007664919850128863,1.9931010924777654e-07,1.5299823956784639e-41,0.9992333087048778,2.0641400550094677e-53
2017-03-29,1.6323985851331393e-23,0.0005764732116081024,6.548980121911356e-11,2.8871248595372273e-39,0.9994235267229017,2.1780706025605154e-50
2017-03-30,2.9148024765052183e-22,0.0007465667200894861,1.5310860453784556e-08,1.1241949662203002e-37,0.9992534179690504,3.758313954607623e-49
2017-03-31,2.396431318320459e-20,0.00039354050793671597,2.0730011934101465e-12,1.4921878501592228e-36,0.99960645948999,2.1196715112334782e-47
2017-04-03,3.571559636236633e-26,0.0005942228128157437,2.44046034874123e-10,1.2949652067172766e-42,0.9994057769431383,5.335343559473176e-55
2017-04-04,9.622106244346323e-28,0.0006885365627415854,4.360146127724236e-06,1.363865066194116e-44,0.9993071032911311,6.043865009306982e-56
2017-04-05,2.180921719883703e-20,0.0027040389423917226,1.2968644092960747e-09,1.544360316358347e-37,0.9972959597607439,4.030766572287248e-48
2017-04-06,1.4597955475132168e-25,0.0017008497338968879,1.5345280293142324e-12,3.3310103340173604e-43,0.9982991502645688,6.775572305459071e-55
2017-04-07,4.3194603262735896e-23,0.0008916619904817327,2.932253263241706e-07,5.75074513960403e-42,0.9991080447841926,4.6176104210516975e-53
2017-04-10,4.008399434933423e-23,0.00025076331148755687,7.51410622615011e-05,2.865692208622578e-43,0.9996740956262504,1.2748554437608538e-54
2017-04-11,6.612959646575378e-57,0.00038415335575654974,0.9995406505700766,6.841474002537194e-78,7.519607416819386e-05,5.6115291065902526e-92
2017-04-12,1.644287987552028e-55,1.7536048821407118e-06,0.9993908736225872,1.0008687946029157e-75,0.0006073727725299901,5.8169239104423926e-90
2017-04-13,9.054379826749412e-58,2.0370879662322756e-07,0.9999159209326607,4.993136377800217e-78,8.387535854283643e-05,1.2447367163941368e-92
2017-04-14,3.2424365301964e-50,3.547250337075784e-05,0.9857352983075403,4.667115137174675e-69,0.014229229189088309,3.633092081757136e-84
2017-04-17,5.275991738376313e-50,8.87779314064456e-06,0.9939840578829788,3.082824051503642e-69,0.006007064323880221,6.487355860996867e-84
2017-04-18,5.095653275725769e-44,0.00103795665523249,0.8293956552462084,8.394689793631983e-65,0.1695663880985591,3.809715875531841e-77
2017-04-19,2.1472162775089724e-45,0.00019378914786984575,0.9455014050473903,2.1121076307161406e-66,0.05430480580473904,1.8119980370611523e-78
2017-04-20,9.935264201691658e-42,0.0009509879057453299,0.6841299289801241,3.2047347321626916e-62,0.3149190831141308,1.3534308958664833e-74
2017-04-21,2.347816008322872e-41,0.00012314004838023083,0.8542567224827077,1.5322533048548982e-63,0.14562013746891123,1.0145558870894973e-74
2017-04-24,1.4271763520356936e-43,0.006262046242866362,0.1844360018107575,1.5426584011431473e-65,0.8093019519463769,2.4478231404160353e-76
2017-04-25,7.30432783841978e-58,8.059905545365597e-05,0.99847342277467,3.921391341439722e-80,0.0014459781698757139,3.110552924464967e-92
2017-04-26,2.900208444814637e-51,4.327236115794676e-05,0.9922763295161341,6.83393042130418e-74,0.007680398122708426,2.8346261749950483e-85
2017-04-27,5.837898063315123e-47,0.00019905287964188924,0.9559744736788921,2.9364940043214013e-69,0.04382647344146611,1.5841100680027737e-80
2017-04-28,2.482635944426304e-47,9.623094641609192e-05,0.966828187663591,1.0955126755887383e-69,0.03307558138999368,6.731516968081966e-81
2017-05-01,6.307296301623562e-56,3.210531671646732e-06,0.9993683514625626,1.666325000953674e-78,0.0006284380057659306,9.287449765148499e-91
2017-05-02,9.702274044763354e-50,3.080030348037914e-06,0.9985629943461243,2.1798823429169931e-72,0.0014339256235280842,8.800834419539037e-84
2017-05-03,1.3880061831859983e-52,4.608285852767708e-06,0.9977634324889392,3.0030772246428923e-75,0.0022319592252087383,5.331716378200219e-87
2017-05-04,3.485813682194887e-52,1.276934367788601e-05,0.9956710107116457,7.531486993374588e-75,0.004316219944676776,3.572183863880305e-86
2017-05-05,1.9717429391886724e-44,0.00021913987180945777,0.9537619050345364,1.785944865968199e-67,0.046018955093654175,1.3273194590145988e-77
2017-05-08,3.427530830330065e-51,1.08726704637332e-05,0.9978802295692822,1.4013566439074482e-75,0.0021088977602536033,4.2344492610468434e-85
2017-05-09,6.489831354576589e-50,1.103111762818524e-06,0.9997688355864224,4.22971308362961e-77,0.00023006130181543882,6.0268486313917325e-86
2017-05-10,5.1528955195396307e-48,1.6066403913008703e-05,0.996460429432202,5.046251528586893e-75,0.003523504163884643,3.979033774470177e-84
2017-05-11,9.185219427189251e-49,3.0008509188437786e-06,0.999235591143335,6.674692955439685e-76,0.0007614080057469027,1.0369086535069677e-84
2017-05-12,4.047165521447466e-56,2.546289861999405e-07,0.9999765879624655,5.055093991172788e-84,2.3157408547838052e-05,1.5626588896999753e-93
2017-05-15,2.793110533203052e-49,1.1272590860637047e-06,0.9999106023820775,4.231425355082427e-80,8.827035883570996e-05,3.9082871877479875e-90
2017-05-16,5.779607689804554e-54,1.6484571468641577e-07,0.9999840720665011,1.1126671976303812e-85,1.5763087783835225e-05,4.577629780830343e-96
2017-05-17,2.7818018320261132e-49,1.60047022300203e-07,0.9999587633019927,6.869766457098659e-80,4.107665098531532e-05,5.09414116005601e-91
2017-05-18,1.412115060155795e-58,5.7668332294431614e-08,0.9999974408954742,1.067399981850059e-89,2.5014361934168323e-06,1.518198287286459e-101
2017-05-19,4.566291771995714e-46,3.474474496769813e-06,0.999883324084894,5.1050280129180065e-77,0.00011320144060859685,2.4190305043635333e-88
2017-05-22,4.120689866619385e-47,2.8275130110921703e-07,0.9998902655610854,5.888411578990869e-79,0.0001094516876128565,3.2640872229929048e-90
2017-05-23,6.204739283668169e-53,3.0174104596929054e-07,0.9999628771932497,8.084991103287346e-85,3.682106570402844e-05,9.40915157565427e-97
2017-05-24,1.5984840029855502e-54,1.9302854731664074e-07,0.9999692187135478,1.559811903454211e-86,3.058825790497228e-05,1.8246059061580895e-98
2017-05-25,8.344018794224647e-54,3.473350723981648e-08,0.9999955630695756,4.680648953712294e-87,4.402196917137583e-06,1.582129090385393e-98
2017-05-26,9.843583121272987e-49,8.76164841102261e-08,0.9999944515361558,1.7443176964860723e-84,5.460847359983952e-06,1.5567048974098785e-95
2017-05-29,2.5632774291860825e-49,2.409199361647157e-07,0.9999979413742446,5.2610195063579065e-87,1.8177058185505396e-06,3.519810763000057e-103
2017-05-30,2.0796082464741556e-48,2.858194284821791e-07,0.999995617443457,1.1687574875100032e-85,4.096737115205057e-06,7.970645220532158e-102
2017-05-31,2.6537831647550258e-45,7.572264690847103e-07,0.9999910515809312,1.3816930971123912e-82,8.191192600007118e-06,1.1508540975290697e-98
2017-06-01,5.364425233950697e-53,7.014191402779417e-07,0.9999969747718823,1.0533025774075706e-89,2.3238089766807392e-06,1.7372454100621133e-107
2017-06-02,2.5789158491098248e-49,1.1751956600589464e-06,0.9999814222773458,1.3534724186713384e-87,1.7402526993918458e-05,2.473729686982538e-109
2017-06-05,7.310031062200892e-54,1.249550672736513e-07,0.9999978275092873,5.4196579935444775e-93,2.0475356457549472e-06,1.7967602509543485e-114
2017-06-06,1.7855799054191692e-50,2.408353124768642e-07,0.9999943484270107,6.259231275986851e-89,5.410737676767527e-06,1.189436365701526e-110
2017-06-07,3.683374320405763e-52,1.3177791021767083e-06,0.9999858548058354,2.7375845380778137e-91,1.2827415062708376e-05,2.1190471015331702e-113
2017-06-08,6.028508351247844e-48,5.567290539948003e-07,0.9999808444116236,1.1162536262981212e-87,1.8598859321510763e-05,1.487586407650628e-109
2017-06-09,2.4984364779030743e-63,2.6002332103580165e-07,0.9999996413854187,3.2487844649454445e-103,9.859125937547051e-08,2.4369238121142204e-126
2017-06-12,4.19295601315235e-58,7.919670310058425e-08,0.9999982450956535,4.6492733180884793e-97,1.6757076437886315e-06,3.684616801704496e-120
2017-06-13,5.540388421086442e-55,1.5521984796543772e-06,0.9999684592973969,4.6344476959199043e-94,2.9988504123743823e-05,5.8848006588255476e-117
2017-06-14,1.9106090538137642e-47,6.593399289234606e-07,0.999987335181539,1.1558280920638088e-86,1.2005478532467108e-05,1.2828209836354973e-109
2017-06-15,1.8148354575256617e-52,8.559026387984701e-07,0.9999801397941717,1.2547047260932263e-91,1.900430318950219e-05,2.5189700172215856e-115
2017-06-16,1.1303322618425524e-55,8.318841277331011e-08,0.9999976974885585,1.9134281619782142e-94,2.2193230285887935e-06,3.06401009726785e-120
2017-06-19,2.5189643277249414e-55,4.698569574632684e-08,0.9999986552433464,2.419692482564401e-94,1.2977709575662427e-06,2.809145899668195e-120
2017-06-20,1.82813464141207e-54,1.5134196169571048e-08,0.9999984080326259,2.9015707302297343e-94,1.5768331779133877e-06,1.6874278194652415e-119
2017-06-21,3.810118738446002e-48,9.717249116104639e-08,0.9999922598529313,9.329450357916932e-88,7.642974577297204e-06,1.0709200988877273e-113
2017-06-22,1.7116045422766608e-45,8.005019502254686e-07,0.999961757594641,7.959289566250257e-85,3.744190340864534e-05,5.190214279842145e-110
2017-06-23,2.9011924733000285e-46,2.3762008556702987e-06,0.9997928007271112,4.398839804280711e-86,0.00020482307203363942,1.0798754100264011e-109
2017-06-26,1.5301419392943746e-46,1.0718211001104206e-06,0.9998842081173654,1.7222089031093522e-87,0.00011472006153497128,2.9758859496888196e-110
2017-06-27,3.7082696676313214e-57,4.209153452507715e-05,0.999920755887265,7.856413341986743e-98,3.7152578210487003e-05,1.211554338747739e-122
2017-06-28,3.003363201878951e-55,6.545807640440362e-06,0.9999560229464266,5.633988947011065e-96,3.743124593333297e-05,5.829510479214646e-121
2017-06-29,1.0466289426432406e-50,2.779420472852704e-06,0.9999458858827763,2.281645305655655e-91,5.1334696751380516e-05,3.377838616026415e-115
2017-06-30,7.188605511201586e-50,3.9808430772639326e-07,0.9999741984042243,1.6689387797496656e-91,2.540351146824203e-05,6.8231586404011585e-115
2017-07-03,4.417297709342464e-57,3.530968615457406e-06,0.9999700392918764,8.65436198530207e-99,2.642973950744563e-05,6.79539063526969e-123
2017-07-04,4.08462499091055e-50,3.861608830165621e-07,0.9999915233112852,1.1520454741362564e-91,8.09052783199108e-06,1.3961773337228897e-115
2017-07-05,2.9571266105622793e-59,1.2218300008309237e-07,0.9999992185191793,6.406961885593633e-101,6.59297820610674e-07,1.420908201607499e-125
2017-07-06,1.9124391596602233e-57,3.5602775203722074e-08,0.9999991024526529,4.981473604921657e-99,8.619445721843221e-07,1.5851873778834094e-123
2017-07-07,2.871614390060168e-56,8.915569934763168e-08,0.9999965814449111,2.138613283904789e-98,3.3293993897470967e-06,5.4074912507359804e-123
2017-07-10,8.083397694559586e-46,0.00024081104926623143,0.999300900793465,1.043262180335849e-87,0.0004582881572681293,3.0606911360201826e-111
2017-07-11,2.0391985917441576e-47,1.593057824744764e-05,0.999823550015611,5.567980656105091e-90,0.00016051940614137062,1.5105110594647605e-114
2017-07-12,1.697787775210758e-51,3.3563912398257524e-06,0.9999822217184243,5.501272200670865e-94,1.4421890336372795e-05,1.9455060093029237e-119
2017-07-13,6.929365493551048e-38,0.9999999517960998,1.5787742015194428e-10,3.396903844445691e-83,4.804602103048816e-08,5.741362152645933e-106
2017-07-14,9.601641223717189e-18,0.6641810061444491,8.368971393935039e-12,1.1588626015671607e-63,0.3358189938471819,5.947640445474238e-85
2017-07-17,9.221642839897356e-24,0.8281553572535761,0.0005212345375671681,1.4568023855307204e-69,0.17132340820885847,2.419456403918662e-93
2017-07-18,2.776282439578355e-17,0.9992922340898371,3.1414494407661495e-15,2.8522840675111155e-66,0.0007077659101588087,1.907011106988032e-86
2017-07-19,2.2720826231143714e-24,0.9999990752029659,2.1338323595166667e-11,1.0434683499364589e-73,9.247756951314728e-07,4.870975055470386e-93
2017-07-20,3.3421709365466164e-40,1.0,3.783113014295608e-65,1.3327235727042202e-85,1.171943059945064e-27,8.072733259637105e-107
2017-07-21,0.997693430833618,0.0023065673450844183,2.2605037481146802e-60,8.032989767824116e-41,1.8212990920358964e-09,2.52409664602224e-59
2017-07-24,0.6610223454010001,0.3389776444190639,9.516938645377348e-56,2.5811656665542613e-36,1.0179936853545254e-08,7.731033230990731e-57
2017-07-25,0.9999988983964015,1.1016035984155557e-06,8.28917779756084e-95,1.0929597826406006e-41,8.861779738978108e-27,6.696425399962556e-58
2017-07-26,0.9999768483154111,2.3151684588212313e-05,1.1987453610227146e-77,4.612368308082096e-41,2.3087266666927353e-21,8.170762000865438e-57
2017-07-27,0.9994812017444402,0.0005187982555611911,1.2113295046506278e-71,3.826131399025638e-39,1.8360299839670146e-18,6.594676292062325e-55
2017-07-28,0.9979853626086836,0.002014637391315392,1.2490405847788138e-70,2.0115883371196624e-39,1.0532417999118966e-18,4.660698981606218e-56
2017-07-31,0.9999999999999858,1.1502163199719306e-14,1.0330811347506688e-173,1.4646585961572974e-39,1.0390860487876707e-46,1.1095753599904111e-52
2017-08-01,0.9999999999974492,2.551993604528403e-12,1.957559733453306e-152,2.2161530365315686e-28,9.740692370712038e-39,5.001841256433882e-42
2017-08-02,0.9999999989130544,1.0869445455349214e-09,6.813001277403223e-132,6.811057954404693e-28,8.207205697831893e-35,1.2270031471186227e-40
2017-08-03,0.9999999999991118,8.870306845010364e-13,2.2690248136193575e-151,5.401415618223223e-28,5.334477403087393e-38,2.807431390511873e-41
2017-08-04,0.9999999999951292,4.870115394080547e-12,4.690752742698256e-173,7.967333209069816e-25,2.3292097519008845e-42,2.8480465645347793e-38
2017-08-07,1.0,8.116674829952964e-16,9.055562509901622e-171,8.861681732121753e-20,3.2766091460254064e-35,9.273891577759503e-23
2017-08-08,0.9999999977488656,2.2511328595994483e-09,1.272176367071413e-103,2.773767206111162e-16,4.8369778770813553e-17,4.1953874381412995e-18
2017-08-09,0.9999999999999929,8.03954557720021e-15,2.0329549048182992e-175,1.7875485231373942e-19,6.357382435176872e-40,2.3799890730839887e-22
2017-08-10,1.0,2.9978845463573807e-16,1.0778136771623843e-171,2.493977025677543e-19,2.357016464713195e-38,4.4798838043115004e-21
2017-08-11,0.9999999680659255,3.1934073691585256e-08,3.6956428683330204e-122,2.740567670265591e-17,2.045538583398538e-26,3.1354634995011104e-19
2017-08-14,0.9999988980895895,1.1019102698912812e-06,1.5999579308720254e-85,1.1221141116842872e-13,2.6535679133741324e-14,7.144039734190072e-16
2017-08-15,0.9999976610422825,2.338957427593302e-06,1.8657642047387906e-84,2.8348360516368076e-13,3.3927385229383233e-15,1.491293023765908e-15
2017-08-16,0.9999999963381043,3.6598463458673048e-09,9.906376410540134e-78,4.397357758036326e-14,1.9941630694588562e-12,1.2817254584026404e-14
2017-08-17,0.9999999813059085,1.8693501350002843e-08,2.239563135446115e-89,2.809296265456015e-16,2.8623395786304084e-16,5.898459938709904e-13
2017-08-18,0.999981352942757,1.8647048764937786e-05,1.6138323748083057e-68,2.0276344218452118e-14,7.927722788264828e-12,5.303104201195643e-13
2017-08-21,0.9999996526288654,3.4733215887548475e-07,2.101198672926717e-83,2.028583087293592e-13,7.894020288144734e-14,3.8693755939613626e-11
2017-08-22,0.9999997514948074,1.3481771898280226e-09,1.0785834146460052e-124,9.034705081448971e-12,4.564853313645872e-23,2.4714797905498865e-07
2017-08-23,0.9999975173758152,2.3838323723669678e-06,1.0437641259045008e-101,8.945936041642594e-12,3.891672060492013e-18,9.878286613555785e-08
2017-08-24,0.9999992186215925,4.8377651076989195e-11,6.815562027807111e-137,4.1130230751377253e-13,6.163609436223145e-26,7.813296188250689e-07
2017-08-25,0.9991688881758242,7.899424717389706e-06,2.476178793350917e-97,2.0030497410383675e-12,9.794000116682104e-16,0.000823212397454855
2017-08-28,0.9994434211870825,6.761276411210904e-07,9.373644380165492e-109,4.100279818757736e-13,1.497338609333652e-17,0.0005559026848663287
2017-08-29,0.9999969744712028,2.312835726692602e-16,4.537456705577208e-218,2.333323065933021e-13,1.4703098809777048e-47,3.0255285658928518e-06
2017-08-30,0.9999995765459005,1.529937149148109e-17,2.075801598324958e-225,6.708633597602132e-14,4.256746206233913e-48,4.2345403317729015e-07
2017-08-31,0.9999701325057578,5.8053975814502696e-11,5.69286818536478e-159,6.548372639686934e-11,1.2516737081813044e-32,2.986737070268915e-05
2017-09-01,0.9997070994745283,2.755441424622007e-09,8.761860360247955e-151,7.745660646152334e-09,4.142135937551974e-30,0.00029289002437119275
2017-09-04,0.9997617845850799,2.1566902893379997e-15,1.3437753279307609e-198,8.780130327248959e-13,2.6953579636806194e-41,0.0002382154140389575
2017-09-05,0.9714469548810967,4.021773288092908e-10,2.1096980685794273e-117,1.2871735025419547e-08,1.3639861647032499e-21,0.028553031844990175
2017-09-06,0.9442976494937856,6.454107881638366e-12,2.002586255263267e-113,7.864642847989462e-09,3.8583349964171002e-19,0.05570234263511633
2017-09-07,0.9114948378200342,9.576091061577645e-07,2.8721413793806553e-81,4.370875477909673e-08,1.021218370880205e-13,0.0885041608620035
2017-09-08,0.7135234329519639,6.535076386813013e-11,1.1138229859734163e-109,4.825838184218177e-10,2.75415723594443e-19,0.2864765665001005
2017-09-11,0.20374945966531008,2.3132977297060415e-12,1.8595936902056825e-111,1.2173067502367638e-10,2.4283364112402115e-20,0.7962505402106459
2017-09-12,0.028981654237132823,7.112075547389629e-08,4.601791009728007e-71,2.7112898688396166e-12,5.449309427497861e-13,0.9710182746388565
2017-09-13,0.005969515707975744,3.055071127410231e-14,2.1558672296297183e-118,1.6414933351586225e-13,2.146363911615497e-21,0.9940304842918309
2017-09-14,0.020451408482890003,4.837152439240254e-09,6.59542501230832e-76,9.937851422040131e-13,1.4752444866267733e-13,0.9795485866788178
2017-09-15,0.0007699734500461144,1.2389633639649971e-09,3.927248158966905e-78,1.4822373865638404e-14,3.0617309025499937e-15,0.9992300253109714
2017-09-18,0.011817718798446418,1.1291474020542207e-11,5.598151670902314e-104,8.857566170016651e-13,3.3056600798334784e-19,0.9881822811893763
2017-09-19,0.0003807026932823234,2.058950713671656e-11,1.3655190291972949e-101,7.693800598082261e-16,5.062765240051462e-20,0.999619297286127
2017-09-20,0.05686116337747236,1.9912666939833e-10,7.191698463863078e-123,8.647176921210362e-11,5.060284002706534e-24,0.9431388363369305
2017-09-21,0.04412400139422238,1.0855377220398985e-11,2.3612854618311096e-126,4.3507507406445003e-10,1.5541569354400674e-23,0.9558759981598464
2017-09-22,0.01523064400162455,1.1673723297245901e-09,1.0364289780266417e-115,2.1529490139815557e-09,4.558559900788183e-21,0.9847693526780549
2017-09-25,0.01424124678081199,3.766086283529709e-10,7.808333095743178e-121,7.738420055423403e-09,1.6994080735422223e-22,0.9857587451041593
2017-09-26,0.0023401782809906067,5.117711834748685e-09,3.465625116672365e-98,9.627465028906923e-11,3.388918153509062e-17,0.9976598165050244
2017-09-27,0.0012892547623227434,2.9415606143656315e-08,2.2494652163866466e-73,3.514428318541667e-11,5.511765478062038e-12,0.9987107157814135
2017-09-28,8.695323590105358e-05,1.5733681041310768e-10,2.970881233590815e-106,3.8934052733729784e-14,2.340992285304891e-21,0.999913046606724
2017-09-29,1.5957709274851606e-05,1.2968993715229902e-15,8.628797358499206e-124,1.1907201615606165e-14,7.698193146924022e-23,0.9999840422907126
2017-10-02,3.086382081147941e-05,5.060059049165642e-16,9.811225447986376e-123,6.967458617070731e-15,3.9670129698365134e-22,0.9999691361791813
2017-10-03,5.6272616193988256e-05,4.405950476687107e-09,9.770156080181681e-89,3.2717105189689104e-14,5.399209619017721e-16,0.9999437229778212
2017-10-04,3.5312141975755584e-05,5.043089312958267e-10,2.318534711840434e-84,2.0153553617192528e-14,1.3218597366476874e-14,0.9999646873536832
2017-10-05,2.3514438619693675e-05,2.048474933804842e-12,2.909107352634221e-78,6.182328005370263e-16,3.8432527561491426e-13,0.9999764855589464
2017-10-06,2.785343713863949e-06,2.7956595658754026e-12,2.858028991740801e-91,1.445545913904816e-17,2.68891004394178e-17,0.9999972146534897
2017-10-09,5.129471436219621e-07,2.5097371201998764e-14,4.769951507662606e-104,2.6632206789983476e-20,1.0326883894357063e-20,0.9999994870528327
2017-10-10,2.019701954306707e-06,1.1347863897285701e-14,2.5085138423366248e-105,6.733630802052939e-19,6.206349377460378e-20,0.9999979802980338
2017-10-11,2.9747033552310554e-06,1.4259027142667364e-11,8.04248842310799e-90,2.2169575949943037e-17,2.3828579992309857e-16,0.9999970252823842
2017-10-12,1.1859170258506924e-07,6.757677262365721e-13,9.169080663140293e-110,5.976771289537773e-20,2.518756310733742e-22,0.9999998814076213
2017-10-13,2.204270749361276e-05,2.3970735910817824e-14,7.691887036937149e-138,1.329065197069984e-16,1.4021651882680453e-25,0.9999779572924817
2017-10-16,6.009540633103137e-06,4.838835850541671e-11,2.967771956132336e-93,1.6453634910541078e-16,4.472840607411215e-16,0.9999939904109773
2017-10-17,3.3036758931401093e-06,4.300147937686524e-11,4.369831572751766e-107,2.4024321678622757e-18,5.227467603613537e-21,0.9999966962811054
2017-10-18,1.8532374382845556e-06,1.4148297455175245e-18,9.474673363104575e-147,3.0419190574756753e-19,2.2353325486577854e-26,0.9999981467625622
2017-10-19,1.2887061447438829e-06,1.7286439283925295e-11,3.215537777508865e-88,1.3692699825095708e-18,7.055508539928223e-15,0.9999987112765599
2017-10-20,5.726618767057726e-08,2.2827536642256425e-10,4.32739346635705e-72,2.2229919829987303e-20,4.07927438780488e-13,0.9999999425051288
2017-10-23,4.146743227936704e-08,8.234306578468727e-14,5.280370043152334e-99,5.126798405633016e-22,4.056693170986014e-19,0.9999999585324852
2017-10-24,2.349903705533076e-09,2.4115038528111178e-14,2.264828243713881e-108,3.45918406699605e-24,3.148878685464206e-22,0.9999999976500717
2017-10-25,4.503683758679471e-10,5.0676496547983216e-17,7.947653625681953e-119,8.700503455625627e-25,5.771751044004953e-23,0.9999999995496331
2017-10-26,1.254037020673409e-10,1.8418201036377727e-17,6.371903503797929e-136,4.395064698732513e-27,6.670414467673867e-28,0.9999999998745963
2017-10-27,8.2296644386817e-10,1.2201904141916937e-14,1.1564949326574585e-109,2.963256262062624e-27,2.9571906632105112e-21,0.999999999177021
2017-10-30,1.26136405220158e-08,9.111645667335935e-15,1.4059853681430494e-115,6.0462696947147615e-25,8.537772615914108e-22,0.9999999873863495
2017-10-31,4.805472384589e-09,1.7873017022457376e-12,1.1052002245197691e-93,1.5752985750848548e-25,1.7751412972225025e-17,0.9999999951927396
2017-11-01,3.801445954655092e-09,1.1110355754031801e-13,1.6222709250187998e-109,5.760226363322642e-25,6.376432301098661e-20,0.9999999961984436
2017-11-02,1.519528842033657e-09,6.544764014689103e-14,4.181357225722847e-93,8.447682311735268e-26,1.437849783669312e-16,0.9999999984804049
2017-11-03,8.097202367189052e-08,5.147438442261352e-14,3.3133107205528403e-130,3.193387731723041e-22,5.876245990280542e-25,0.9999999190279244
2017-11-06,7.75228020711151e-09,3.012025063445296e-14,6.120249551964331e-154,9.530712955799499e-26,5.435670545328075e-31,0.999999992247691
2017-11-07,4.69783578330959e-09,1.754491320470676e-14,5.792434685903249e-147,7.178460882931406e-26,9.801880406777937e-29,0.9999999953021472
2017-11-08,3.1039857323831513e-10,3.4555782069066627e-19,5.782264876306474e-203,2.925989488107951e-29,5.053032690785115e-42,0.999999999689603
2017-11-09,1.6167134555746207e-09,1.4167479127297002e-16,9.083450794400605e-180,2.1353159672975624e-29,4.201085829076193e-36,0.9999999983832879
2017-11-10,1.0130374163913883e-11,1.3884879168155373e-17,1.8312187598121807e-145,6.03695331899224e-30,8.249340692573367e-29,0.9999999999898712
2017-11-13,1.9728110743713934e-11,3.3792470076077476e-16,3.6166671377859586e-117,8.53231822374535e-30,6.74102033306642e-21,0.9999999999802718
2017-11-14,8.158317337924588e-10,2.8422543740787753e-15,2.0976851208377526e-122,1.3933288124216412e-28,4.11400732710622e-23,0.9999999991841655
2017-11-15,1.3518994449829365e-09,2.698338954951288e-12,5.634034711208734e-73,2.6531483524492524e-28,2.5459312187173956e-13,0.9999999986451478
2017-11-16,3.786633847920401e-08,2.238726618423699e-12,7.330310838867104e-83,2.4923916789404712e-27,3.874390953990508e-15,0.9999999621314195
2017-11-17,1.6630174690216113e-08,1.329640095942783e-17,1.3296730058672079e-108,7.133662752747557e-28,2.6733758213256246e-19,0.9999999833698255
2017-11-20,2.5284890803261427e-08,3.485120534870716e-14,8.219261722216762e-98,1.9189650212597094e-27,5.158844713908864e-18,0.9999999747150742
2017-11-21,5.622192216570775e-07,7.552194389701185e-14,1.515286895952858e-110,8.181118443021812e-24,7.739137414077584e-21,0.999999437780703
2017-11-22,2.0352876019487896e-07,1.0364812123478985e-10,1.2619418160044521e-89,1.203040030623244e-23,1.350284590460541e-16,0.9999997963675907
2017-11-23,6.52825912885608e-07,1.6686953929936884e-12,5.168372943844897e-96,2.238814064792732e-23,5.607451224163877e-16,0.9999993471724195
2017-11-24,8.73905067219155e-07,2.0278650285639904e-15,5.54021689890505e-150,1.3678169777722296e-20,1.3014356714544975e-30,0.9999991260949325
2017-11-27,5.001273186483536e-06,2.4160376528563724e-13,4.865714225947395e-136,2.0078142669841666e-18,4.633430130870764e-27,0.9999949987265717
2017-11-28,3.040006616856132e-06,3.0204364491900853e-14,4.178527162272301e-125,2.5750721369702164e-19,7.11960537171024e-24,0.9999969599933524
2017-11-29,1.3045228825047645e-06,5.6800696945196884e-12,2.6967494961469475e-110,1.3256810320697294e-18,5.267245199006591e-21,0.9999986954714384
2017-11-30,6.344289685098943e-07,2.9605847688248943e-13,1.9083593171567343e-116,2.054538935804725e-18,5.106761721098473e-22,0.9999993655707359
2017-12-01,8.328079451795487e-07,8.77777323259657e-11,3.190570235784447e-74,1.7442438964639407e-19,3.7308675918697966e-13,0.9999991671039035
2017-12-04,7.269694641931508e-07,1.0905980307897743e-09,2.100263613285735e-68,8.538257120288004e-20,1.4728412277573836e-11,0.9999992719252105
2017-12-05,7.297487211251037e-07,5.923067034410518e-11,2.4357320686914483e-71,5.752794970758498e-20,9.733922672684594e-12,0.9999992701823145
2017-12-06,3.5699292756392425e-07,1.3133509998640024e-10,3.7532339268025126e-90,1.2898965681417867e-17,7.157858196108366e-15,0.9999996428757318
2017-12-07,9.737877225109874e-08,1.91713277729169e-09,2.1833504659075934e-80,1.486741869619912e-18,7.194106237797212e-13,0.9999999007033771
2017-12-08,4.4993406690492377e-07,1.858264720512417e-11,1.878732164749844e-91,2.4078635621323436e-19,1.966861104152027e-15,0.9999995500473471
2017-12-11,9.682332434109797e-08,2.462714672355242e-13,2.044706272228458e-103,1.287773998398281e-19,5.1642409122116964e-17,0.999999903176428
2017-12-12,2.928920917944173e-06,3.913381622724008e-11,8.579519285909484e-92,1.9529144804617e-18,7.346313392659754e-15,0.9999970710399401
2017-12-13,6.518017182519885e-06,4.4978794968912885e-33,8.960918763857352e-196,2.814211731724799e-19,5.299093168393002e-32,0.9999934819828169
2017-12-14,5.808566520922829e-06,1.084786907212586e-19,1.070454872423051e-143,3.9852068332274285e-15,1.3646807162823537e-23,0.9999941914334741
2017-12-15,1.2360701728169261e-06,8.697989614384199e-09,1.4808909719746178e-88,7.400693968851966e-15,6.476665920834488e-13,0.9999987552311824
2017-12-18,1.0437174663351059e-05,4.445081137268666e-16,5.8337217793501996e-158,1.262964585941472e-16,1.4905224809287427e-28,0.9999895628253351
2017-12-19,0.000117264444411831,4.3951753852145645e-11,8.28343923014673e-131,3.4007667874346546e-19,8.680209629658178e-25,0.9998827355116365
2017-12-20,3.9547139797489326e-05,9.61208518329879e-11,4.1776953712660796e-140,1.0367493539491334e-20,4.58802248086859e-27,0.9999604527640819
2017-12-21,1.2047232005651706e-06,5.36093279380221e-12,1.6717100519299839e-133,4.8813330699266124e-24,9.07284662395313e-28,0.9999987952714386
2017-12-22,5.849381106581997e-76,1.0,4.295066239648535e-58,4.616576203263033e-97,1.4318229664477985e-20,8.849488968591041e-79
2017-12-25,1.7649907289201221e-38,0.9992030373470757,4.802259193675887e-42,5.825633537019562e-56,0.0007969626529228837,2.500491791186741e-36
2017-12-26,8.218258960680852e-40,0.9597236140932668,6.615813968603468e-34,4.0981773325830186e-57,0.04027638590673313,5.368719650367896e-38
2017-12-27,1.413175764220631e-47,0.6449611594415773,1.1841141899477454e-25,2.6492754049314214e-65,0.35503884055842166,2.607962964532912e-46
2017-12-28,2.0212315799453e-53,0.00022154202776129275,3.2952887482902095e-09,1.222577189429527e-71,0.9997784546769505,3.0760503575582833e-53
2017-12-29,2.0896946954139612e-47,0.00013299228893032982,1.0820366910842242e-08,5.1918262904477655e-65,0.9998669968907045,2.343880272507746e-47
2018-01-01,4.0912869992548735e-42,5.3994955440554166e-05,5.405638866016218e-09,1.4249313918686577e-59,0.9999459996389205,2.914613456009779e-42
2018-01-02,3.4247536433114894e-49,0.0002971992991029666,3.051821779168791e-07,2.4090219193328774e-66,0.9997024955187176,1.6197735071655946e-50
2018-01-03,1.5580260207275008e-42,9.405956856131806e-05,2.074309813771465e-08,5.714984133631704e-60,0.9999059196883395,2.8879723994278837e-43
2018-01-04,1.3459170874338501e-43,4.696739229580982e-05,3.1076951214914646e-07,4.07648214449312e-61,0.9999527218381907,3.4352697085380614e-45
2018-01-05,2.2205919534069183e-42,0.00014587683244280693,2.7216394184012466e-11,1.125254934066287e-60,0.9998541231403423,6.346473209685895e-44
2018-01-08,7.729707543579149e-50,0.0003777714982775615,5.4675666850609205e-08,7.344751322327409e-68,0.9996221738260538,7.278316220580405e-52
2018-01-09,2.8447538989774363e-46,0.00013522614929481716,2.327180992425413e-09,4.142736031792595e-64,0.999864771523523,2.1157381715552175e-48
2018-01-10,1.2689973293729883e-50,0.0006005281387909488,1.2069184794752855e-09,7.586196254190327e-69,0.9993994706542921,3.961050985564839e-53
2018-01-11,6.503491411898023e-50,0.00020394468614091485,4.174157153475337e-10,1.8364058787959494e-68,0.9997960548964449,2.600327501900274e-52
2018-01-12,1.9583701788490827e-52,0.00024771540086639316,8.22593012516884e-09,2.43704749010699e-71,0.9997522763732021,1.6928973974962853e-55
2018-01-15,1.6738291322127516e-52,7.768974391696525e-05,1.9863292575102183e-05,1.128177781036455e-71,0.9999024469635095,1.1334700896655682e-56
2018-01-16,2.6222846520353967e-51,9.267924826411857e-05,0.0001717876336640079,1.4107761217891965e-71,0.9997355331180708,1.1209317606567849e-56
2018-01-17,1.6041888496704904e-46,2.6739719774664115e-05,0.0046278094069916766,5.7237747836215235e-68,0.9953454508732343,6.003529461673341e-53
2018-01-18,1.6450996440819505e-48,1.7410504714591573e-05,0.0009115374558706363,6.164011916944714e-73,0.9990710520394142,1.2362880089125032e-58
2018-01-19,1.1898354036562635e-51,3.314706634640965e-05,0.2514553844657444,5.674396424565641e-76,0.7485114684679108,3.626638365247782e-62
2018-01-22,1.5133186370445054e-43,6.555908709926823e-05,0.03610902564409158,2.2169435366469955e-68,0.9638254152688107,1.0171571087107998e-53
2018-01-23,1.9773078851408614e-47,2.8409579764665203e-05,0.05383886533524663,3.2889885207325527e-72,0.9461327250849886,2.8526064103971085e-58
2018-01-24,6.458273638372126e-42,2.0497863364158696e-05,0.11798795337744408,2.106323895301771e-67,0.8819915487591905,2.9583481496821345e-53
2018-01-25,6.77429366699606e-27,0.07915613482004197,1.4602028535632265e-13,7.822555123815448e-53,0.9208438651798123,2.574463867325326e-36
2018-01-26,1.7552263086102984e-30,2.0427594379573923e-05,6.98072610256891e-10,7.361361383550551e-56,0.9999795717075475,1.0324822155423414e-39
2018-01-29,9.426301150632546e-22,9.457987274211113e-05,1.8659472352601267e-12,1.6621247987427114e-47,0.9999054201253935,5.0430865279771534e-33
2018-01-30,6.355780100002615e-19,0.0007797044663857707,7.3615590141872e-20,1.7108545439905565e-41,0.9992202955336145,6.795025360767163e-29
2018-01-31,4.837326030902031e-21,0.0030409645215113113,3.952928956689161e-20,1.8710248170312163e-43,0.9969590354784892,3.1635783374606594e-34
2018-02-01,1.3799268741277346e-22,0.00046668022614632803,7.412581713581141e-20,4.418651099582973e-45,0.9995333197738537,9.484508593183113e-36
2018-02-02,2.5446285965702155e-24,0.0002557248172677627,3.939803748391571e-16,1.518659700624451e-46,0.9997442751827316,6.956802235467827e-38
2018-02-05,2.9592891202675566e-24,0.0002550323823410058,5.4515002749324635e-15,2.4269780232821114e-46,0.9997449676176542,7.931172127176749e-38
2018-02-06,5.780940589462696e-21,4.0323171774015313e-05,4.5679243611703603e-17,3.8020384245945787e-44,0.9999596768282274,1.5558117265318834e-33
2018-02-07,1.881001212634794e-23,1.4940292252850617e-05,4.408521998005666e-18,8.306951771804383e-46,0.9999850597077456,5.654454409830909e-36
2018-02-08,1.7647219411039287e-28,1.0410437243319871e-05,8.997982158219126e-11,4.537071947493547e-51,0.999989589472776,1.9870034485127118e-41
2018-02-09,6.306276364944387e-30,8.901999454533898e-06,1.3056692124376203e-10,6.488283647597431e-52,0.9999910978699792,1.778425655183035e-44
2018-02-12,3.9999501548623674e-29,1.263061089336964e-05,1.575944948120901e-10,1.9270643022537734e-51,0.9999873692315118,3.0706793742287956e-43
2018-02-13,1.364283334734653e-27,8.927152037775103e-06,1.0741247793373927e-10,5.212794108948101e-50,0.9999910727405502,3.657787115247057e-43
2018-02-14,3.5195929345379405e-26,1.1666216194286106e-05,2.8248966758978793e-11,8.794929593561988e-48,0.9999883337555573,8.842347565929959e-42
2018-02-15,8.288994467343433e-21,2.8632574806689195e-05,1.3339430464128301e-15,6.732700692539428e-42,0.9999713674251937,8.579801987567605e-36
2018-02-16,7.9838380700759895e-28,0.00013484109132108708,1.7330358093203257e-11,1.6360298552402877e-50,0.9998651588913482,1.0908784464836392e-47
2018-02-19,2.767805065630865e-26,2.1470792961209935e-05,7.979602484137296e-14,3.3061331589652452e-50,0.9999785292069603,4.268219299828229e-46
2018-02-20,8.951814784374831e-26,0.002323646592566668,1.2242125149839486e-18,2.6049793598998784e-45,0.9976763534074343,1.0543131579915606e-44
2018-02-21,7.949643297865552e-23,0.0016617459124427284,1.2444428191030353e-17,5.2161055743564864e-43,0.9983382540875567,5.098186717705473e-41
2018-02-22,2.6837191323249464e-22,0.0028410534595275268,1.3361966622634206e-16,1.3996564303963254e-42,0.9971589465404732,5.682217084332036e-41
2018-02-23,4.961747861870508e-23,0.0009843290092734222,2.1920003162214202e-17,7.762114609054019e-43,0.9990156709907271,3.933908073858797e-42
2018-02-26,1.407268984191593e-17,0.01634769500703062,1.3262269193439249e-24,4.817334654939218e-35,0.9836523049929706,9.627947899708622e-36
2018-02-27,1.6023006305859812e-19,0.00014856492020640064,6.583281392578741e-15,1.4418217243085826e-37,0.9998514350797875,3.4501051955705526e-38
2018-02-28,2.633575931906049e-21,0.00013090527399579985,8.164238273073589e-14,9.939618775705161e-41,0.9998690947259232,1.0990110570092282e-41
2018-03-01,1.9784797905601626e-21,0.00010647246121806211,7.675863431597128e-16,6.334324914525091e-41,0.9998935275387811,4.669698015048683e-42
2018-03-02,1.9625438981127187e-27,0.00022990760884242944,2.6788783300668036e-08,5.341323948520738e-47,0.9997700656023748,7.2450522380782995e-50
2018-03-05,5.292163076781382e-25,4.910606959129807e-05,7.308866356472605e-07,2.898159219946109e-45,0.9999501630437739,1.0143715099368524e-47
2018-03-06,3.7934436911645816e-25,0.00018526055518308762,9.660496623945712e-22,3.4944039066931884e-43,0.9998147394448175,9.228462400550321e-47
2018-03-07,8.772311368099185e-23,0.00017399206456093425,1.6704360141849275e-12,5.414722165749015e-42,0.9998260079337694,1.0740522668401992e-43
2018-03-08,1.0362561710477334e-27,0.0007251327660352358,5.17190010871929e-11,1.6305029850646174e-53,0.9992748671822461,2.42026475040995e-50
2018-03-09,8.517451052290099e-26,0.0017157529770142792,5.926218290546495e-13,2.00377336007025e-51,0.9982842470223935,1.4252267557063514e-47
2018-03-12,2.5936353141617254e-24,0.5661707942910761,4.947745610024271e-19,2.3193419914332193e-55,0.43382920570892325,2.0288772407374707e-52
2018-03-13,3.826740163729212e-20,0.0009448919010111251,1.386976059055054e-25,2.411317100935894e-48,0.9990551080989902,5.627414390932376e-49
2018-03-14,4.336317080539875e-20,0.021295146505585918,1.0774066551753814e-12,3.25060569835401e-52,0.9787048534933371,2.557136347907604e-53
2018-03-15,1.901890214417928e-28,0.36916813998351194,2.071848177664476e-10,9.601105973396073e-64,0.630831859809303,5.783045639640424e-70
2018-03-16,4.4276476351126874e-21,0.26572218926382835,4.142703792247434e-18,9.07778499355333e-56,0.7342778107361724,1.4841025167334938e-60
2018-03-19,7.53283674313658e-24,0.021422533724073146,3.7128737512055465e-10,8.354662171844408e-59,0.9785774659046411,1.1452073433461866e-62
2018-03-20,2.03676952024402e-20,0.00852327863682284,3.4716786852606566e-10,4.667411314116095e-56,0.9914767210160094,1.657443283259684e-59
2018-03-21,1.2203429987599994e-29,0.004590257906480551,1.6266014229801513e-06,8.546073095564275e-66,0.9954081154920963,8.21934616217639e-70
2018-03-22,1.9893726149976654e-26,0.027283912071301115,1.1250137558321753e-13,2.0771526578331647e-61,0.9727160879285875,3.9123941389095046e-67
2018-03-23,4.045130573932874e-22,0.012414391528368814,1.4595944940624026e-10,5.506171203884878e-57,0.9875856083256721,1.5381091686623695e-61
2018-03-26,2.300609972488187e-22,0.0023788066320860617,1.0546425109327806e-09,1.036740571045546e-56,0.9976211923132708,5.676711482300625e-62
2018-03-27,9.094802874730247e-20,0.002211687224881062,2.1667202428423303e-12,3.6201881804515547e-54,0.997788312772952,3.149551085928683e-59
2018-03-28,9.466867671001471e-22,0.00031090388817961727,1.149086223542573e-15,4.191787357512688e-56,0.999689096111818,1.8056128683447933e-61
2018-03-29,3.9525611260889755e-18,0.004624981333580437,2.762410087496524e-12,1.2711160547549946e-53,0.9953750186636586,1.998401026740359e-56
2018-03-30,5.797898293184611e-26,0.007107093431779959,3.097799358736994e-06,7.5887960848253224e-62,0.992889808768861,7.270001119564256e-67
2018-04-02,2.8320795985077455e-24,0.003491139247227392,1.4819529717305125e-08,2.340702088016911e-58,0.996508845933242,6.803776208710744e-65
2018-04-03,8.627236136222683e-17,0.4343337215320346,7.124190762010368e-16,2.6990354105449766e-51,0.5656662784679661,5.211911526363849e-55
2018-04-04,5.809624335455262e-27,0.15446711014187228,6.31498028161345e-12,1.4807617857851521e-61,0.8455328898518111,6.399213186582326e-67
2018-04-05,7.76881085221793e-19,0.7453137388286843,4.15605297864984e-16,4.405759148398006e-52,0.2546862611713144,1.955824851210162e-57
2018-04-06,7.2204554269784e-28,0.7153863946486991,2.9700564728489285e-12,1.515850126241368e-61,0.28461360534832936,3.603155418002402e-67
2018-04-09,3.964406360888914e-22,0.23823369440642328,1.313240212455407e-11,5.256738101631271e-56,0.7617663055804433,6.243247967503493e-61
2018-04-10,5.644933203915761e-28,0.0038247812404912456,7.876629307389767e-06,2.455697668234504e-60,0.9961673421302006,4.8921892391834295e-67
2018-04-11,5.782170743782191e-22,0.010279882342823586,1.2313700443534087e-11,7.470675381866906e-55,0.9897201176448615,4.6478063492437087e-60
2018-04-12,1.1308987493018237e-20,0.0010471913243674412,1.1851219293964737e-08,1.9077169782254623e-54,0.9989527968244123,1.8096684459389498e-58
2018-04-13,1.0048230182245568e-29,0.005765846046345132,7.259638585529409e-06,3.263620931587322e-64,0.994226894315068,5.333533541585005e-68
2018-04-16,2.217929819859269e-27,0.0019889314380254403,4.4290493597617464e-07,3.54786646442114e-61,0.9980106256570382,1.7165608164174901e-65
2018-04-17,6.083267265609696e-24,0.006425764843526365,1.6348953920918284e-12,1.7261971394396576e-57,0.9935742351548374,4.0884974011187377e-60
2018-04-18,2.306465623143357e-22,0.6223516395443942,1.247942604932217e-19,1.7001418017064283e-53,0.37764836045560635,8.906112077809149e-60
2018-04-19,4.1455813948085726e-21,0.9983722161599906,9.764964195174044e-25,2.5953730193334015e-52,0.0016277838400102875,1.02917941492198e-57
2018-04-20,3.7794705126302725e-16,0.9979563736248271,8.216990660966801e-25,1.8978854784753798e-47,0.00204362637517081,4.874307144631701e-53
2018-04-23,2.061878033986046e-13,0.9999999999997939,5.137896512559208e-78,1.6566460403402494e-48,1.3103075851813512e-18,2.792848527271098e-49
2018-04-24,0.9999475313006124,5.246869938822889e-05,1.7114698782362212e-86,5.502618780611546e-34,6.714397533739691e-19,6.072956142391807e-39
2018-04-25,0.9999913028488283,8.697151172877586e-06,1.1995685654515518e-88,9.315945402555626e-34,5.1697863027292665e-18,1.0932625231327086e-34
2018-04-26,0.9999999991388435,8.611557830763635e-10,5.801074003869038e-104,4.3831872236454414e-32,2.287805042059563e-18,2.0641537705873852e-33
2018-04-27,0.9990998207852564,0.000900179211781668,6.4651883526971e-72,3.9526430872155393e-32,2.9620910050331878e-12,1.2103079005042982e-32
2018-04-30,0.999999860584995,1.3941500557978344e-07,2.4145940609810956e-102,5.908652404403155e-33,1.6084856293069508e-18,9.742477551687175e-29
2018-05-01,0.9999910256078054,8.974392190742878e-06,1.9638888279021107e-84,6.593600562651916e-32,2.421358459292712e-15,4.1717490585248266e-29
2018-05-02,0.9999276201622389,7.237983775867754e-05,2.288333225326414e-82,2.2263756366218177e-31,8.642511631676882e-16,2.147230408424865e-30
2018-05-03,0.9999687472684394,3.1252731543241326e-05,3.083083534446621e-79,5.934566035609209e-31,1.804162677285241e-14,1.2290206616302122e-29
2018-05-04,0.9999999999994884,5.122662053435215e-13,1.689035209957587e-128,3.017371962486353e-36,1.2350459005191363e-25,9.103531451843403e-30
2018-05-07,0.9999999629949563,3.7005045242801826e-08,2.459672643218808e-94,9.275111323110683e-34,4.3049970867986375e-17,6.477451200414951e-28
2018-05-08,0.9999999933583297,6.641669605796471e-09,2.3141068149476998e-96,4.656971665648836e-35,2.975036029197344e-18,2.8075229040732356e-28
2018-05-09,0.9999999999901199,9.880828353812906e-12,1.2790147093538536e-112,1.7753611850470807e-37,2.5668281446707717e-20,7.878178767596762e-28
2018-05-10,0.9999989212759735,1.0787240278459184e-06,1.7360264280498103e-92,6.451239314207066e-39,2.5391390894031638e-19,1.5988255212443135e-26
2018-05-11,0.9999997737796888,2.2622031023692097e-07,1.8501127562998394e-98,1.6413338144287792e-40,2.272859356137791e-19,6.472233430997823e-27
2018-05-14,1.0,1.0275556308980709e-17,1.1488835368102485e-149,2.7961437352757875e-35,2.699227295617715e-27,3.7001414142767574e-24
2018-05-15,0.9999999999381508,6.184799340843623e-11,3.2681230077170953e-136,1.4065931144400257e-37,1.7033329916427805e-28,1.6909337043515307e-24
2018-05-16,0.9999999999481481,5.185127470098358e-11,1.146022387451446e-134,6.3575290240228724e-37,1.6075955285780351e-27,1.343889045299674e-23
2018-05-17,0.9999999999876685,1.2332651708930303e-11,6.800339567602352e-133,7.77159684131325e-34,6.059995059395267e-26,2.0245043346649704e-22
2018-05-18,0.9999992786026484,7.213973529474953e-07,1.101390132894953e-98,2.8650627741416398e-33,1.0484827536297703e-19,1.5200253272803407e-22
2018-05-21,0.9999996021086065,3.9789139224150163e-07,1.6489761035016536e-102,1.2762481624726239e-31,1.1730320335418262e-20,1.1844345068107177e-22
2018-05-22,0.9999953750348902,4.62496503700154e-06,1.4985178133250932e-82,2.28615068800576e-28,7.450691036336351e-14,5.701802811337214e-19
2018-05-23,0.9999925900324967,7.409967455164211e-06,1.1890538461058611e-82,1.3479444260554178e-28,4.7161296834794684e-14,3.3028710074276014e-18
2018-05-24,0.9999997433406423,2.5665935634508786e-07,2.817753774141833e-94,1.1034410370246626e-26,1.0024466585461022e-17,2.4689443575876807e-19
2018-05-25,0.9999926470545408,7.352945456514552e-06,6.46879136931025e-85,1.9512410673723805e-24,2.0542132535191145e-15,1.294853271933757e-17
2018-05-28,0.9999992668510759,7.331489242261148e-07,3.8135080045380724e-88,1.0635085903024449e-24,1.044144738965642e-15,1.1867729952417323e-17
2018-05-29,0.9997430034530924,0.000256996546729897,1.2522900722702107e-73,4.893597765306209e-25,1.7899595819696474e-13,4.357007740795497e-18
2018-05-30,0.9998486504143441,0.00015134958507145288,1.5014514032677425e-75,9.992977498923747e-25,5.858550154556469e-13,2.2309353834054194e-17
2018-05-31,0.9999985893236458,1.4106763173055166e-06,1.701060179217261e-79,5.100501188786918e-24,3.521539876555684e-14,1.9859232270139623e-18
2018-06-01,0.9999993105046766,6.894937333438373e-07,1.123280363446397e-75,8.693217938293122e-25,1.5902709761599465e-12,3.6137983356551754e-18
2018-06-04,0.9999999816589452,1.8340701191360028e-08,1.389628211150363e-82,8.081376064467726e-25,3.5317591790640167e-13,6.035739833710131e-18
2018-06-05,0.9999986345724756,1.3654270955981599e-06,4.7656712115790925e-76,2.8096404884801046e-25,4.2786971232345683e-13,6.081128892279511e-16
2018-06-06,0.999818925763694,0.00018107138656287135,3.2984760922178488e-62,3.2534406495607346e-24,2.84973968354625e-09,4.87908861814734e-15
2018-06-07,0.9999826140877212,1.7385911889399817e-05,1.4197617742193023e-78,9.791532750572938e-25,3.544866346788554e-13,3.646939349002304e-14
2018-06-08,0.9998493557591933,0.00015064423889903629,5.789620808646737e-76,4.668880475883466e-24,1.8710065994513387e-12,3.5889709175884555e-14
2018-06-11,0.9998560301566299,0.00014396983403217351,1.9057990817471132e-72,4.93396657451838e-24,9.319183486339361e-12,1.9893542075458765e-14
2018-06-12,0.9999999975089437,1.979179299745217e-13,6.451351139764607e-156,2.280037858005921e-23,4.1197103878855666e-30,2.4908575390909674e-09
2018-06-13,0.9999999995166569,1.19630560961859e-12,1.8602499197173917e-138,2.1444768459847534e-23,1.382891103651682e-23,4.821471501906963e-10
2018-06-14,0.9999993957789619,4.0022473275102236e-11,4.129024946118079e-168,1.9290434873390327e-18,8.006143922134415e-34,6.041810170093897e-07
2018-06-15,0.9999993761371001,4.8066002190592285e-09,1.9862389574759005e-154,1.4616062072092335e-16,6.57781220162131e-30,6.190563005650146e-07
2018-06-18,8.082380453513954e-29,1.0,3.035457760531572e-101,4.5871453487316024e-45,2.4885673531507e-21,1.5810409095622792e-38
2018-06-19,3.734010374190378e-17,0.9999998585959162,1.0790470194365118e-61,1.1108667010202017e-30,1.4140408348795085e-07,7.323266772026972e-22
2018-06-20,2.2521325276017563e-19,0.9999999513387022,2.3439471947776632e-64,1.2161804945807297e-33,4.866129622395155e-08,1.4817889944039244e-24
2018-06-21,1.1109374403960882e-20,0.3652787697703045,2.4240766155624483e-27,1.0235145332445768e-35,0.6347212302296954,6.852385584336789e-25
2018-06-22,3.1659059617263724e-23,0.004428326754402878,6.571811444972063e-22,1.360181554048746e-37,0.9955716732455985,3.6682315331452575e-27
2018-06-25,9.93083163943347e-20,0.0023807968935783195,3.8959528791038277e-17,1.703519289498588e-34,0.9976192031064213,4.0048726371899476e-23
2018-06-26,2.0969483922104127e-25,0.0013730149517037953,9.645313648659511e-16,1.3836105202983993e-40,0.9986269850482965,9.444922422016538e-30
2018-06-27,1.9831049582787863e-22,0.0005697706434894833,5.485726162970817e-14,1.056238982907698e-37,0.9994302293564574,1.5203876853041373e-26
2018-06-28,9.58445191467411e-21,6.666935514282507e-05,6.761533772577723e-16,2.719066077599575e-36,0.9999333306448548,2.736785517045593e-25
2018-06-29,2.5753726318758363e-22,6.605042120678997e-05,2.1601032865578522e-10,2.733722087355244e-38,0.9999339493627829,2.902202200764206e-27
2018-07-02,3.200295974404075e-18,0.00020493108054472136,1.4829921238634638e-13,3.881674595577418e-34,0.9997950689193063,2.8243607605633393e-22
2018-07-03,1.2765005439087093e-23,7.968316151381971e-05,1.6510922872827148e-08,3.7722352692453705e-39,0.9999203003275644,6.559366190362666e-28
2018-07-04,2.5631655139009578e-26,0.000104295930664148,1.0273539288596852e-13,3.270658934874194e-42,0.999895704069233,7.367863779752499e-31
2018-07-05,1.3701802437614057e-18,0.0011546263787716026,1.0726000744259107e-15,6.866059239026232e-34,0.9988453736212268,8.317598297223086e-23
2018-07-06,4.190283403189377e-18,0.0010918376339892945,1.7431774779996885e-17,1.6657875685183433e-31,0.9989081623660113,3.019025617424222e-22
2018-07-09,3.1476510250785683e-19,0.0012260966169177457,9.98853853235306e-22,3.805466495285302e-31,0.9987739033830813,3.2307976190774147e-23
2018-07-10,9.444006536548e-19,0.013384570260657673,4.164351020115556e-27,1.5698993453223157e-28,0.9866154297393422,1.0253210874703596e-22
2018-07-11,2.309325434752315e-25,0.19205746709994945,1.8693497636094766e-23,4.6886104411937125e-36,0.80794253290005,1.6008546191602404e-29
2018-07-12,7.018170423840317e-18,0.22345777612340031,2.4047476873589405e-27,1.0978223504834749e-31,0.7765422238765997,3.7165302468301064e-24
2018-07-13,1.4450666608540765e-24,0.04139316414644061,1.3525234554413262e-20,8.868034039907808e-38,0.9586068358535611,5.806364799379618e-32
2018-07-16,9.295858565748695e-21,0.02843252798469222,3.083945238842379e-23,6.557075790823665e-35,0.9715674720153088,2.5554046651097176e-28
2018-07-17,1.0874130966367034e-25,0.0028735047695490194,6.307500944105755e-17,3.5541082689556735e-38,0.9971264952304494,1.9027869908996587e-33
2018-07-18,1.2884411414162159e-20,0.0029671136047376453,1.09606708244172e-15,1.7608869466569546e-33,0.9970328863952613,3.335849567900299e-28
2018-07-19,3.07753509529955e-26,0.0008293711221992963,1.3783665990003228e-13,7.749118555587941e-40,0.9991706288776631,1.1690830710459737e-34
2018-07-20,2.631153814448395e-26,5.125113712437805e-05,4.6337358237735765e-11,1.1663980004097984e-39,0.9999487488165375,2.8841950352929035e-35
2018-07-23,2.7256358799135675e-28,0.00014187861021273986,9.88929069978697e-11,7.215204026947208e-40,0.9998581212908947,5.880387849948932e-39
2018-07-24,2.2465425115476846e-21,0.0001458678599860979,1.396189279088256e-17,9.28258595910659e-33,0.9998541321400142,1.4992511511069454e-31
2018-07-25,9.482352177208223e-27,6.535413662100384e-05,2.831535144157839e-10,2.2640446686493435e-37,0.999934645580226,2.2290110068414574e-37
2018-07-26,2.5807570887503454e-24,5.065488170510818e-05,1.0561544370245176e-09,4.616068769313521e-35,0.9999493440621413,8.742514889619172e-35
2018-07-27,2.281818472027456e-26,4.5773506535755543e-05,5.067667419987135e-12,1.1645253360163988e-35,0.9999542264883957,3.9394345151063106e-38
2018-07-30,3.468246784828348e-22,7.081685365328545e-05,6.435000455224011e-13,1.3983717359563641e-31,0.9999291831457015,1.0593393145775368e-33
2018-07-31,1.6037335685805447e-28,0.00013527366250488406,4.957208984299589e-13,1.1247090250395893e-35,0.999864726337,1.7691770541238257e-40
2018-08-01,1.2096097774985025e-22,0.00020791406349610195,3.2168353446062896e-13,5.002594935125505e-29,0.9997920859361814,5.507935685639018e-35
2018-08-02,1.2149218031536988e-29,6.90891037173115e-05,1.1269902718386164e-11,3.4017863085574006e-35,0.9999309108850127,9.065862409731834e-45
2018-08-03,3.718333145942474e-32,3.4421662452779306e-05,1.2396586134886114e-10,2.8440820635067943e-36,0.9999655782135813,4.420241580106695e-49
2018-08-06,7.366829739918651e-29,3.388060433200681e-05,9.233381290523667e-17,9.683984014079434e-34,0.9999661193956675,1.436168225166832e-45
2018-08-07,3.982237271511623e-33,9.794370026883098e-06,1.552108091658466e-10,1.6052914802436784e-38,0.9999902054747608,1.3676518562893434e-55
2018-08-08,2.127489402994028e-29,1.0539217740521436e-05,4.7436637101148935e-14,8.280488570590817e-35,0.9999894607822118,3.46623682165155e-52
2018-08-09,3.1513791328737933e-31,1.3791503979709406e-05,7.325435719442505e-12,8.728394345877457e-38,0.999986208488694,9.174061971521782e-53
2018-08-10,4.0096970088066546e-25,2.8165238526164337e-05,3.5963505597826863e-12,1.2687785462026303e-32,0.9999718347578772,1.29840145942784e-46
2018-08-13,3.290073963165107e-27,1.6612605757864082e-05,5.384869479947276e-12,1.5301097813292205e-36,0.9999833873888555,6.475245644388245e-49
2018-08-14,1.2662975436046782e-29,7.658940185910862e-06,1.3125326157003591e-12,5.163459957134973e-40,0.9999923410584999,9.089096949918527e-52
2018-08-15,3.1564568135293757e-27,2.9482252842635297e-05,2.9158528201640117e-20,1.6897559924476158e-35,0.9999705177471578,1.230847940227834e-49
2018-08-16,5.725437208902515e-31,5.077264729847382e-05,1.3370899259058779e-08,7.989367379403961e-42,0.9999492139818027,2.6752455952228876e-54
2018-08-17,1.3683647649692537e-29,3.1773885032177545e-05,7.783369516478543e-13,3.7522537731908727e-41,0.9999682261141886,5.03028109965173e-53
2018-08-20,6.887954163289862e-28,0.00019107631322674547,9.803008597141902e-11,3.265388286190658e-40,0.9998089235887441,3.3036090384095446e-50
2018-08-21,1.6160204666998298e-30,0.0001605500543434688,1.243564021975084e-10,3.806674457923878e-42,0.9998394498212998,1.6691327753899695e-53
2018-08-22,3.379696034190951e-29,2.0174105765044052e-05,3.633134016945767e-14,1.429573569780694e-40,0.9999798258941978,1.3653634787142592e-52
2018-08-23,2.7577972907365934e-21,0.0003313094349357478,1.2727494466852613e-17,1.019006761780442e-33,0.9996686905650658,1.799361037882411e-44
2018-08-24,5.1000885127445085e-23,0.00027215941733085326,7.11924074732847e-14,1.0665001916446778e-35,0.9997278405825988,1.2662588676138641e-45
2018-08-27,1.6103194833375217e-21,8.373889924670405e-05,3.4556508894046224e-12,6.86564490036581e-33,0.9999162610972976,1.707306305742388e-44
2018-08-28,4.422855261482053e-28,0.0002658434101018945,5.3848639612476385e-15,4.491496097762251e-39,0.9997341565898915,1.3900042357368551e-53
2018-08-29,1.442688691863977e-22,0.00042005912616195043,3.980132031959254e-10,2.834827266048638e-34,0.9995799404758252,1.3114875143720162e-46
2018-08-30,1.757120588911657e-28,0.0001316488975358241,9.937544888928095e-08,6.1494683510005705e-40,0.999868251727016,4.0233339193210996e-55
2018-08-31,1.2429261029495058e-28,0.0008988717344514093,4.172780160123099e-12,8.655810709468559e-41,0.9991011282613765,3.2656466008585943e-53
2018-09-03,6.834408113322597e-22,0.002124979844881303,6.761805549011479e-16,3.562205021805538e-33,0.9978750201551168,1.4095750109478908e-46
2018-09-04,1.183762343056953e-30,0.02353611749830757,4.36210686312626e-14,5.815726073724449e-43,0.9764638825016473,4.965263063721728e-60
2018-09-05,1.0741743748244133e-25,0.002520623124129685,3.214880475218836e-18,4.279852245000914e-37,0.9974793768758721,3.539021040548762e-55
2018-09-06,8.364169254101545e-21,0.2688713994951649,1.3932423453800304e-10,1.1728678879943904e-39,0.7311286003655112,1.0990060897674556e-59
2018-09-07,3.60728292201379e-24,0.0023212651281994115,6.418087739944773e-07,1.924822534947526e-43,0.9976780930630271,2.2396004550545888e-63
2018-09-10,7.446214381755499e-24,0.01213439208754365,3.2146075874406386e-11,4.724429032627937e-42,0.9878656078803107,2.1413452373194527e-63
2018-09-11,1.8114700450901603e-26,0.007418009106143303,5.0482537268544236e-08,2.389436617035707e-45,0.9925819404113202,4.7255956401826216e-67
2018-09-12,7.344567378454912e-30,0.012707813745431186,7.79732137042561e-06,1.4538155043675277e-48,0.9872843889331981,9.83079158152389e-72
2018-09-13,1.4233224356678254e-20,0.18060537223296955,1.2813594025346878e-13,2.1697528762582362e-40,0.8193946277669035,2.7878581091568825e-64
2018-09-14,2.3932255768542627e-28,0.23495360611653757,6.245179731461157e-08,2.828877860213487e-48,0.7650463314316643,2.446634030692715e-72
2018-09-17,2.1976462721841264e-28,0.0011802221635350153,0.003970753058787162,2.348517317232427e-48,0.9948490247776781,4.722695497402105e-72
2018-09-18,5.4217995047163746e-33,1.0,6.133219533695259e-66,2.3107045113226765e-55,6.749975250172697e-20,3.2754692933705712e-77
2018-09-19,0.04929752775286939,0.9507024506714306,7.285353162310011e-59,1.8877215873097293e-20,2.1575700798792562e-08,2.4074555286615155e-42
2018-09-20,0.4984704669450123,0.5015295236560122,6.589314896843598e-61,1.5927483589226507e-19,9.398974559108631e-09,1.6858201423890724e-40
2018-09-21,0.2720971959143413,0.7279020612169498,5.379118988794505e-53,1.382058125896585e-19,7.428687100584529e-07,6.327153844055065e-40
2018-09-24,0.4143134757272388,0.5856865105827357,1.811533762021488e-62,4.576467164754788e-19,1.3690024187657109e-08,2.4460230416781916e-40
2018-09-25,0.952097210809702,0.04789730550822408,6.087502843876762e-58,3.856768567700096e-18,5.483682074503737e-06,4.900456118811453e-39
2018-09-26,0.9739240805860744,0.026075907482667394,9.000891557195052e-68,6.796890407991465e-19,1.1931257882671285e-08,1.983778230974367e-37
2018-09-27,0.9999926856657183,7.29398022683211e-06,1.7384536481076198e-74,5.53283736353946e-19,2.0354055479455935e-08,3.381734631579678e-37
2018-09-28,0.9999999999982521,1.7466473375289906e-12,8.874155669130819e-156,4.3246869083182574e-18,1.5702808076994294e-34,8.105409492317248e-41
2018-10-01,0.9974480167885516,0.002551983211448123,1.1858226547178392e-93,4.0545157025299613e-19,6.430999281757375e-22,7.881707817938291e-41
2018-10-02,0.9999999972727878,2.7272127881854147e-09,1.2706841184813595e-138,2.1664600127434562e-19,2.687979350475892e-29,5.888721750797871e-42
2018-10-03,0.9999962117442064,3.7882557919625768e-06,3.276607069292632e-113,8.872997546591258e-19,2.015863188198767e-24,2.235086409544735e-42
2018-10-04,0.9999999962150845,3.7849148987774624e-09,3.582460856699531e-141,5.537736923265983e-17,1.0121684810660491e-32,4.548198040030768e-37
2018-10-05,0.9999998296916639,1.7030639604233706e-07,6.897150085228458e-94,1.940566110909668e-12,3.1298090253074506e-16,6.125934556734524e-34
2018-10-08,0.9984761732281762,0.001523826768416537,6.3745927903867525e-74,2.8884102805797646e-12,5.204694229150822e-13,7.219989934175641e-36
2018-10-09,0.9771041907018517,0.022895809288550343,7.886160981440643e-69,4.592783034061992e-12,5.0037535517030195e-12,1.8213546579171486e-35
2018-10-10,0.9999999026138949,9.738228952174153e-08,1.5540973535557866e-117,3.817299848861548e-12,1.130867432493553e-24,8.12560891697929e-40
2018-10-11,0.9993334543560222,0.0006665449689882738,6.563463146617849e-79,6.744029489168043e-10,5.865709270618698e-13,4.964418881145903e-35
2018-10-12,7.074216061584567e-69,1.0,1.8428111577894348e-24,7.649125972279733e-81,4.126784822887609e-17,1.845160356361828e-110
2018-10-15,5.066502396066915e-43,0.9999935299371875,1.0255227296191997e-17,1.4606482857993768e-52,6.470062811769298e-06,1.4938360846986252e-80
2018-10-16,4.5922969006413495e-39,0.9999637591661845,6.441329404157563e-17,3.542943391679994e-48,3.62408338140789e-05,3.6869094674092565e-76
2018-10-17,6.061021994207418e-49,0.0021405626686006904,0.9963910798089713,3.850803269969544e-58,0.0014683575224295209,1.068726960337364e-85
2018-10-18,1.0251372570178378e-52,1.1085485159836884e-05,0.9999732604634843,2.580744361001998e-62,1.5654051355789693e-05,9.827702425237985e-90
2018-10-19,9.046033398746162e-49,0.0002055569685331207,0.9993780484692159,3.700849551233355e-58,0.00041639456224943164,8.510947964953783e-86
2018-10-22,6.46747923058817e-54,0.0006199008116909117,0.9991214003500751,1.7527241068660655e-63,0.0002586988382335223,5.974986618777068e-92
2018-10-23,3.627168788180942e-48,0.0002547458588122251,0.9995408731030314,3.456096922450282e-58,0.0002043810381563001,7.493376786642363e-86
2018-10-24,4.250104421175883e-45,0.00028157449013961773,0.9988971572132531,6.719227639719921e-55,0.0008212682966087356,2.7691750896525075e-82
2018-10-25,7.515282541496242e-55,0.011869718071967362,0.9868519892365466,7.685022269532408e-65,0.0012782926914852789,6.2163256372666275e-93
2018-10-26,1.9044313001185074e-55,2.5165102282541694e-07,0.9999993269999967,1.3025130059423081e-67,4.2134898120563277e-07,7.258356294114757e-95
2018-10-29,5.033987685836997e-46,3.411609591438925e-05,0.9998986915555287,5.962321264102368e-58,6.719234855736265e-05,6.172886532629197e-85
2018-10-30,3.2108218867439356e-51,1.8332274171614875e-05,0.9999526545550093,1.0548393147203493e-62,2.9013170818728037e-05,1.644233791130041e-90
2018-10-31,2.12924481451798e-50,1.7721842730880622e-05,0.9999466743538268,6.407549017063816e-62,3.560380344242491e-05,2.012723625160183e-89
2018-11-01,1.8442913021842643e-47,6.802126750228289e-05,0.9997270870236764,9.924402190183735e-60,0.00020489170882099058,9.028150070828788e-88
2018-11-02,6.077932019300672e-50,3.715714708424787e-05,0.9999252066779026,1.7618606408350266e-62,3.76361750131481e-05,3.4759328836487503e-90
2018-11-05,2.5447512224868166e-60,4.467411438308809e-06,0.99999503054967,1.7030013550762514e-73,5.020388910553726e-07,7.392676936434542e-102
2018-11-06,1.7523273553436173e-49,9.201406283324961e-06,0.999989088263265,2.3490347116984563e-63,1.7103304509489792e-06,1.5573612077958364e-90
2018-11-07,5.521598934985477e-48,2.4485315290123513e-08,0.9999999564751603,1.3787910328702526e-65,1.9039524674834876e-08,3.2563471594005684e-93
2018-11-08,2.1649566913419057e-64,1.763561035345092e-07,0.9999998230103163,1.577853017110618e-82,6.335805035499987e-10,4.61924858730061e-112
2018-11-09,1.8345165206957017e-61,8.064870366716575e-09,0.9999999910850725,1.543321488866972e-79,8.500572066017673e-10,9.926105067044551e-109
2018-11-12,1.9686185878655967e-53,2.2366955186980257e-08,0.9999999759658336,5.635790654319627e-72,1.6672119565659482e-09,5.8014474190069e-101
2018-11-13,3.994271458412534e-52,1.4754510658023184e-07,0.9999998277377375,5.8830627219505824e-71,2.4717155165768284e-08,1.614201160617185e-99
2018-11-14,6.931335779529339e-55,7.193141494951198e-07,0.999999241171171,1.1547609469939373e-73,3.9514679480754944e-08,9.579656977167251e-102
2018-11-15,3.4519777931086654e-54,1.4109722226505785e-08,0.9999999842615815,4.373311468198087e-73,1.6286965971826e-09,4.280097948077471e-101
2018-11-16,3.2198688648765274e-51,4.1880221900908295e-08,0.9999999529218144,9.33076086851857e-71,5.197963456953124e-09,3.540221678653682e-99
2018-11-19,3.601556985170625e-55,9.088615000235584e-09,0.9999999905299832,2.715299193950756e-75,3.814016114669067e-10,1.3234334659237653e-103
2018-11-20,2.3374016859649804e-58,4.735157417827739e-06,0.9999952349121152,6.953428044648117e-79,2.993046520834327e-08,1.0017859823035773e-107
2018-11-21,1.1624839104092686e-61,1.8630650601088647e-08,0.9999999810470952,1.6996360015284932e-81,3.222536447463585e-10,2.2438318036751633e-111
2018-11-22,2.273501629639608e-55,1.680898845069724e-07,0.9999998282433028,2.657712158700823e-75,3.6668118554948287e-09,3.383415870834641e-104
2018-11-23,2.232258796903613e-48,2.7644309401881997e-07,0.9999997122831067,3.257222949871236e-68,1.1273799999647927e-08,5.981903152545232e-97
2018-11-26,3.4385444376840527e-54,3.814821775396653e-08,0.999999960785752,1.5600328398980062e-74,1.066030543643591e-09,1.618477331739279e-103
2018-11-27,2.7121653696897577e-57,2.979010756264554e-08,0.9999999700279649,2.962669957237865e-79,1.819274649987103e-10,3.503501878014647e-109
2018-11-28,2.6779546013640414e-49,7.653580200707406e-08,0.9999999229781226,9.161469012378644e-72,4.860749903985582e-10,1.3804424128544907e-100
2018-11-29,3.0186713351402484e-58,5.990113968294093e-09,0.9999999939919171,9.897948744349439e-81,1.7968942760018132e-11,2.4342555310649785e-110
2018-11-30,2.1827867127982517e-55,3.1381186502447986e-09,0.9999999968326616,1.6573872947429633e-78,2.9219095010177687e-11,6.466109488169293e-108
2018-12-03,1.6893546726198378e-62,3.99836149183327e-09,0.9999999959998078,2.0302686009562753e-87,1.831441062899457e-12,3.539343925683529e-117
2018-12-04,1.2883942072904421e-52,2.547988771514191e-08,0.9999999745011973,6.336590574283804e-78,1.891454876492904e-11,6.674335291133868e-107
2018-12-05,1.9661441671647266e-52,2.8114656168987245e-09,0.9999999971705815,6.566009035344218e-77,1.7952903055090457e-11,1.942671644285961e-106
2018-12-06,4.977382519587525e-50,2.64527016180404e-08,0.9999999733884412,1.5287992284135005e-74,1.5885790922245447e-10,1.392246382729453e-103
2018-12-07,3.546636302547327e-58,3.842095166750906e-08,0.9999999615514196,6.808878462008988e-83,2.7628719793691872e-11,4.0320268911456925e-113
2018-12-10,1.1013866271945916e-56,3.878955507343864e-09,0.9999999961116988,2.432103916564774e-81,9.345419584473173e-12,2.8188639669286886e-111
2018-12-11,1.1185886502702535e-60,2.396844047066017e-08,0.9999999759928466,8.053693330333772e-85,3.871356379613268e-11,7.752315753705592e-116
2018-12-12,2.9872562407740704e-49,6.410792322951973e-07,0.999999358683302,1.1156536703110428e-74,2.374647980710986e-10,1.961479187566539e-104
2018-12-13,2.3372867428901424e-64,6.04259214049437e-08,0.9999999395696761,1.899231835137142e-89,4.401765738764227e-12,6.631697806013005e-121
2018-12-14,2.8435078899339703e-54,2.3160164049719646e-08,0.9999999768141079,2.9359917444421895e-79,2.5727837743025008e-11,2.2795717550969293e-110
2018-12-17,1.2881675897550918e-50,2.509286428057317e-07,0.9999997483559909,2.267381833251243e-75,7.153665970027933e-10,1.2661312952124861e-105
2018-12-18,1.5593096866913671e-59,6.324332601117228e-06,0.9999936728725082,1.6202992648551413e-83,2.794889794677479e-09,3.917017247307956e-115
2018-12-19,3.6566642211325715e-56,9.999517119082292e-07,0.9999989983455684,2.9053720503825897e-80,1.702719377844547e-09,1.9048726775369269e-112
2018-12-20,2.9694306637610672e-61,4.433704176453432e-06,0.9999955656181816,1.2689689140001278e-86,6.776419860892243e-10,5.453893214316456e-120
2018-12-21,1.6499286686246868e-51,0.00011857272300210074,0.9998759848096193,3.5376367424491705e-77,5.442467379373195e-06,1.044870519680171e-112
2018-12-24,2.4922465968767927e-43,0.0002421554691867005,0.9993870906423695,4.5543942406155705e-69,0.00037075388844446365,5.231837642251819e-104
2018-12-25,2.1104893480318767e-52,0.0001268798320918055,0.999868577724743,9.182992985148006e-81,4.542443166272193e-06,1.1059754443606526e-118
2018-12-26,1.1672314821232657e-43,0.0003383895711454133,0.9996221569212066,3.733880946957068e-72,3.945350764765238e-05,3.304876124335607e-110
2018-12-27,1.8323906911083566e-61,3.7612928122043214e-05,0.9999623870555966,1.0238260530802238e-99,1.6280711709704332e-11,3.547178209021305e-145
2018-12-28,1.1942403616965243e-51,0.0028410173496736255,0.9971589778414559,5.389720407215322e-94,4.808868831380325e-09,5.212851505163673e-138
2018-12-31,6.553702268109635e-45,0.0011727306300100863,0.9988272550868565,1.2326600298458612e-86,1.4283134630152453e-08,2.698379174405056e-129
2019-01-01,7.203541928342389e-45,0.00014198797976622808,0.9998580076847723,2.38040091092452e-87,4.33546222418723e-09,5.1281942864757454e-130
2019-01-02,1.9909742601739178e-56,5.510150764507395e-07,0.9999972852344222,1.808761181865106e-95,2.1637505016975416e-06,2.8318548290785506e-128
2019-01-03,5.465620601414273e-50,2.730133684438248e-06,0.9999867245779152,1.0960944634222076e-87,1.054528840122415e-05,1.9575280094981227e-123
2019-01-04,1.5449684399416744e-47,2.566749459674238e-07,0.9999962135442885,3.408660759574805e-85,3.5297807651132895e-06,2.107920468459948e-120
2019-01-07,2.5539770453367597e-48,3.2667570977655047e-06,0.9999886694237398,1.4952094166409644e-85,8.063819162735222e-06,6.042411902611528e-121
2019-01-08,1.364105517688217e-49,2.8140925353749682e-05,0.9999616637380726,2.9830743357428477e-87,1.01953365744682e-05,1.3957517472972701e-123
2019-01-09,2.2840300192127173e-58,3.8816186092191924e-05,0.999959817658083,5.688912862096228e-96,1.3661558252417607e-06,3.347834017271989e-133
2019-01-10,2.5384379274840875e-59,6.329311729726469e-06,0.9999856661380702,5.4873523554271645e-96,8.00455020066989e-06,8.729346419080144e-133
2019-01-11,1.412096272164087e-51,6.577624190650239e-06,0.9999622048455108,1.0722127229459133e-88,3.121753029894023e-05,9.134537414352725e-126
2019-01-14,6.954997733283791e-34,0.999931093440382,3.2882320729787763e-13,1.449227589541465e-70,6.890655929075284e-05,1.0566303480891292e-109
2019-01-15,6.082789022129893e-28,0.10441061140394489,0.004634008617374582,4.302504204865971e-63,0.8909553799786819,5.1936560598592e-102
2019-01-16,7.771879185350625e-25,0.9733923707355583,6.572244406202015e-14,3.8766416157215456e-59,0.026607629264377437,1.7299412288666408e-100
2019-01-17,3.512890601946073e-24,0.999993510926317,1.3402022568700718e-23,1.0564713087898674e-54,6.4890736840933575e-06,1.46331531820872e-98
2019-01-18,4.9111169663243616e-23,0.9999996977984432,7.59721010222145e-21,6.507873136068921e-55,3.022015575222684e-07,9.149778974868521e-98
2019-01-21,5.768576747676053e-24,0.9999997499437888,1.5825631129839348e-21,1.1774421576000256e-55,2.500562108883151e-07,1.0588703495715753e-99
2019-01-22,5.018229913479854e-24,0.9999998783950946,2.306600939778009e-23,1.227911184280609e-55,1.2160490481432623e-07,4.108425237979049e-101
2019-01-23,1.1178618384251861e-28,0.9999991248994916,1.4836655859244084e-15,1.04648137509574e-59,8.751005069413084e-07,5.206246988367302e-105
2019-01-24,1.5222594262296167e-22,0.9992398128809574,1.5173433205007203e-12,8.069991669894954e-52,0.0007601871175238484,4.1508313675634043e-97
2019-01-25,1.18774575467325e-23,0.9892515568588629,3.4538319907611017e-10,6.0785953236082e-52,0.010748442795752895,1.2222680963603747e-95
2019-01-28,1.5202554969049083e-28,0.9999966532665402,6.682566773778872e-14,3.358819449589708e-57,3.3467333918157717e-06,6.274984003379493e-100
2019-01-29,7.227861533609015e-25,0.9999875715399128,2.6172572978099014e-13,1.5385403580430399e-52,1.242845982594986e-05,4.279897793960774e-93
2019-01-30,1.5821475723466712e-24,0.9999296748948503,1.0029175410475585e-12,6.894189645322402e-51,7.032510414539346e-05,7.454286545523034e-89
2019-01-31,8.321749653455976e-23,0.9968390715171181,1.7907477568923057e-10,1.7784874701321554e-48,0.0031609283038057834,2.3139736678735196e-86
2019-02-01,7.748128124181258e-22,0.9995865332566567,2.870652170173873e-16,7.959670011869174e-47,0.000413466743344663,3.143741135254075e-84
2019-02-04,1.0222597883950282e-21,0.9871711942380279,7.81586428715399e-12,2.8757655818269488e-46,0.012828805754156866,2.1216528106786645e-83
2019-02-05,1.8245693729928977e-21,0.8400648991373877,7.709484232135826e-09,1.252590464330359e-45,0.15993509315312734,1.21996672528009e-82
2019-02-06,1.3132282554229456e-29,0.3931479877946426,0.12247898273891603,3.6380818042894844e-54,0.48437302946644084,7.950797311965041e-92
2019-02-07,5.192402397114014e-26,0.2568469267401034,2.792581659566691e-06,1.4959639342939832e-50,0.7431502806782355,6.76944299506718e-88
2019-02-08,2.967185237275498e-28,0.0912795229201534,1.5142789389471728e-10,1.665850114367182e-51,0.9087204769284184,1.3251118022402191e-85
2019-02-11,1.643135487219492e-25,0.105038233322098,0.00038987544817530327,1.8096335990522685e-48,0.8945718912297249,4.748028981638134e-83
2019-02-12,1.7695465292475144e-24,0.7599880123189178,1.0574485355579318e-08,3.2782567119837374e-46,0.2400119771065958,2.917947714413329e-82
2019-02-13,5.641674652259651e-21,0.5192648431226773,4.438307904304242e-12,2.5637969748163416e-43,0.48073515687288354,2.1904708845103908e-79
2019-02-14,1.4364396404832687e-28,0.61374279822636,0.00022309306975781452,3.869080773983045e-52,0.38603410870388094,2.8684717981300825e-89
2019-02-15,4.943624501806807e-24,0.14023182614044238,2.4741858512567036e-05,1.9385814801843327e-47,0.8597434320010463,6.886197813905396e-84
2019-02-18,6.187752362446199e-27,0.05520110119888582,9.393313017804185e-08,5.450662026213061e-50,0.9447988048679857,5.3787417457771735e-87
2019-02-19,1.8567767267903162e-26,0.007652106141036893,1.6485156656480816e-05,2.2972466641054593e-50,0.9923314087023068,2.0075177800445053e-86
2019-02-20,1.2770258898765046e-23,0.012505932860417783,0.001258880206250772,1.5358847726075492e-47,0.9862351869333302,7.711068944999132e-84
2019-02-21,4.3279815381953326e-32,0.005239249568528137,0.7413882140840754,2.864961106674955e-56,0.2533725363473976,3.2539316864997505e-93
2019-02-22,3.092740474719367e-27,0.04809821956873144,0.005837064388002886,5.978517969453456e-51,0.9460647160432655,4.033208661032285e-88
2019-02-25,1.9301367478141333e-25,0.3669429573444575,7.794730909185527e-06,1.7558498206417033e-49,0.633049247924634,4.745324790390034e-87
2019-02-26,2.2834286377726945e-22,0.468393670058025,9.307988044226343e-06,1.330886064126119e-46,0.5315970219539315,2.7023484355643516e-83
2019-02-27,1.0044588098945628e-28,0.5086360278988359,0.010243978533294883,5.988371553192961e-53,0.4811199935678696,1.391267309268708e-90
2019-02-28,2.117140513207296e-21,0.9742606323175964,3.4265424566025977e-11,9.106905370599518e-45,0.02573936764813834,3.6871106793826736e-82
2019-03-01,1.2257170626757045e-18,0.9830868269324695,1.241331779115373e-13,4.3259812509228586e-42,0.016913173067406667,4.209855606445534e-79
2019-03-04,3.996663268065797e-20,0.9973135428402995,1.0984630057143016e-13,2.9967209636171913e-43,0.00268645715959077,7.397396535941003e-79
2019-03-05,1.2435911311921384e-26,0.9932971449047223,5.5887570108864776e-08,6.699762884127979e-50,0.006702799207707408,1.2427416021333378e-86
2019-03-06,6.38207825991486e-22,0.9972950777825703,6.084961423998139e-13,1.6760230068401472e-44,0.0027049222168208835,1.4877080743202572e-79
2019-03-07,5.0441473470713337e-29,0.9873993820229242,4.063099049823507e-09,8.964784265540346e-51,0.01260061391397793,6.506203909376854e-87
2019-03-08,6.029899432432369e-21,0.9999420748121274,1.711654329771191e-20,3.458670075823507e-42,5.79251878708796e-05,1.3380110639777475e-79
2019-03-11,3.954460483228805e-23,0.9989708988909961,9.768508840644186e-16,1.938393317215449e-44,0.0010291011090027937,7.44121755044147e-83
2019-03-12,4.13130790727199e-27,0.9998655028785409,3.084320217250219e-13,5.600607003344458e-49,0.0001344971211502122,9.610278251208715e-86
2019-03-13,4.245404343788621e-57,0.9999841812740847,1.562526946007384e-05,5.0582313173281566e-80,1.9345645515453128e-07,1.6082414910933886e-118
2019-03-14,1.886195017997359e-43,0.998751291585158,0.00041189491355149053,4.2148501437401995e-65,0.0008368135012895869,3.28224777099453e-103
2019-03-15,7.223941951316601e-43,0.04996161899632496,0.9448840730326292,6.751752050587367e-64,0.0051543079710467685,2.0279209199990015e-101
2019-03-18,8.172821380460567e-50,0.0029732842675452087,0.996776116795032,4.547741520546503e-71,0.0002505989374232717,3.126801283854191e-108
2019-03-19,2.6210215774122132e-52,4.614917717207144e-06,0.9999883790021858,8.15002982339138e-74,7.0060800962658205e-06,8.98248504558467e-111
2019-03-20,6.955039756924112e-47,0.00018461582717993968,0.999569807286878,7.652427961604302e-68,0.000245576885941429,4.529324496602785e-105
2019-03-21,3.5168379732933986e-46,4.333109354428379e-05,0.9998445972732635,3.81277261783368e-67,0.00011207163319265164,3.3557931698235407e-104
2019-03-22,4.442623008843247e-47,5.6427306736868e-05,0.9998117155359164,5.654040818194851e-68,0.00013185715734741416,6.574359731630022e-105
2019-03-25,6.432881868300269e-55,4.782476277070026e-06,0.999993131448392,4.700103069122934e-76,2.0860753309603523e-06,2.462738827357321e-113
2019-03-26,7.032948975417294e-51,2.4042785442765657e-06,0.9999946267223031,5.644280949534215e-72,2.968999153094415e-06,6.157669350474375e-109
2019-03-27,7.710045834938167e-47,1.7602543888786123e-06,0.9999928831681607,4.91700607832813e-69,5.356577450642998e-06,3.2868316495602975e-105
2019-03-28,1.549875473297798e-59,7.717202520708158e-06,0.9999917124040358,3.351959287135274e-82,5.703934427018142e-07,4.893163902475205e-120
2019-03-29,3.238125191041262e-55,1.8045508264913392e-06,0.9999965836539818,9.780812122056475e-77,1.6117951919524792e-06,4.766127450049698e-115
2019-04-01,6.685978424053464e-60,2.0443383962526494e-05,0.9999771527424055,5.206006311952254e-82,2.4038736322006494e-06,1.6982070932718033e-120
2019-04-02,4.889292181672774e-54,2.237729866848866e-05,0.9999708334739054,4.090804998567909e-76,6.789227426920894e-06,2.7544789107013834e-113
2019-04-03,3.533230316118579e-49,4.411354777906554e-06,0.9999917176345055,2.1691674480556994e-71,3.871010716326526e-06,2.1257228706258877e-108
2019-04-04,1.957989080707038e-56,0.0025393184166020346,0.9974124623431657,1.2841372534625806e-78,4.821924023154805e-05,2.0418556700428303e-117
2019-04-05,2.6280811149924064e-51,0.00018179156059924812,0.9997900673357623,1.1331319890092324e-73,2.8141103638913742e-05,3.087771805078779e-112
2019-04-08,1.0061371916013144e-60,5.720473830076232e-05,0.9999393175646222,2.029253651994183e-83,3.4776970779000386e-06,5.610676489390312e-122
2019-04-09,1.6297285356054364e-48,0.0008501069339018177,0.9991034190670209,3.748643258387127e-72,4.647399907657281e-05,1.244399711938405e-109
2019-04-10,6.48653715607194e-47,3.450402983318533e-05,0.9998497537421599,1.5559466564354515e-70,0.00011574222800648101,5.322509200743847e-107
2019-04-11,1.158766131937754e-53,3.9567855908712736e-07,0.9999981602857057,2.5642796620148495e-79,1.4440357353910808e-06,2.227182749509618e-115
2019-04-12,9.183279794486177e-51,2.2186079969950463e-07,0.9999981506414292,7.212753049483806e-77,1.627497772022529e-06,3.522904311108746e-113
2019-04-15,1.973549989953043e-61,5.992450088952385e-07,0.9999990926988479,7.273719652114973e-88,3.080561434729031e-07,4.7804144816302076e-124
2019-04-16,1.4380375659964864e-193,1.0,5.3209480778185626e-108,2.8798421089499185e-240,2.0543094387334578e-88,9.273865918247554e-279
2019-04-17,0.9998806686812719,0.00011933131868124696,1.7081086661717038e-80,2.7757817629094243e-26,4.689880666700045e-14,1.3991476850887415e-53
2019-04-18,0.46784358373207297,0.5321564049203629,1.3551608518127288e-53,1.6459410877098082e-25,1.1347564377605554e-08,8.853284083942925e-50
2019-04-19,0.9667745343796549,0.03322546562032713,4.339258669450218e-79,1.251751243962805e-24,1.8070112594626593e-14,4.413340556337802e-49
2019-04-22,0.8339193435991774,0.16608065569077018,1.4275226475450302e-58,1.9016776857275324e-26,7.100512882647945e-10,5.937881743536406e-51
2019-04-23,0.7781746408645702,0.22182535913159698,6.255588716197563e-65,1.0120280563568482e-26,3.8341285736923485e-12,5.396836629815659e-51
2019-04-24,0.9999999999985505,1.4481413798875567e-12,2.0752952379752686e-129,1.3714151572001257e-22,1.0425429760343547e-22,2.094436090414986e-56
2019-04-25,0.9999999993498996,6.501000963343785e-10,1.4551874416915194e-144,1.1958564945890442e-22,1.2229656767186133e-34,3.5398789750202273e-51
2019-04-26,0.9999999763669225,2.3633078990694982e-08,1.2594829909982072e-117,1.8760882270426702e-23,8.834564533518027e-28,6.1270370209106e-51
2019-04-29,0.9999880270046058,1.197299539581643e-05,6.670613035583428e-99,7.50956858498109e-24,1.0771907758057775e-24,1.4740561488853967e-50
2019-04-30,0.9999534590933257,4.654090667488201e-05,3.506059605233288e-101,9.954214100501065e-23,1.1111978433137453e-24,9.58451736586955e-49
2019-05-01,0.9954548109138462,0.004545189086153284,1.4311835473525011e-86,2.686671014804334e-19,1.9471118251803238e-17,1.2430356231533839e-45
2019-05-02,0.9999999613913076,3.8608693920034776e-08,1.0870764581348873e-101,3.9784750929937126e-17,1.4831802563506767e-18,9.965006694218929e-42
2019-05-03,0.9991220655423253,0.0008779344575979007,1.779228544287468e-77,3.7629603960677186e-16,7.791496464741891e-14,7.619128751978872e-43
2019-05-06,0.9948135381739898,0.005186461825864227,7.465161831180322e-73,2.064253886690741e-16,1.440667474546155e-13,3.008615419480436e-42
2019-05-07,0.9999998233814842,1.7661851586209146e-07,4.268281802915916e-102,3.2326099130188375e-16,2.3040517582805547e-18,3.690284606464205e-42
2019-05-08,0.9997398156190532,0.0002601843809455897,4.565695081452547e-87,1.5769865393453875e-16,1.3768104476438043e-18,2.8351345328089197e-42
2019-05-09,0.998735217483561,0.0012647825159927443,6.735267083727229e-87,4.4770899616187064e-13,5.1953148536286694e-18,6.118304693313888e-40
2019-05-10,0.9949727798404859,0.005027220158219715,2.133606826689044e-83,1.2939552424318913e-12,5.480729298729641e-16,8.982308253064876e-39
2019-05-13,0.981727840494612,0.01827215949958,1.0359963881144723e-70,5.389152176100602e-12,4.2038532276424886e-13,4.226500908536322e-37
2019-05-14,0.999666287741481,0.00033371225359492984,2.4516339585067727e-79,4.91453442845896e-12,8.028542484290241e-15,6.080338380570315e-38
2019-05-15,0.9999986176500213,1.3823448990115167e-06,9.51133807916783e-106,5.078773873061456e-12,4.2555690000999575e-21,1.417521736716051e-37
2019-05-16,0.9999988765115355,1.1234250530793584e-06,2.5522626398527693e-84,6.340707514268731e-11,4.832282476378623e-15,1.4734377901999163e-35
2019-05-17,0.9965839049562369,0.003416094413215782,1.2305391077114277e-61,8.070705466619648e-11,5.498414458442956e-10,2.2021497481358996e-35
2019-05-20,0.9999998097797839,1.9020268329538288e-07,1.1703004853816355e-84,1.7499568681829392e-11,3.5001930501978796e-14,1.4038702752938634e-35
2019-05-21,0.9999587421866811,4.125780399625238e-05,2.755173051160248e-75,5.303334955214905e-12,4.0191801388542424e-12,4.912877262879575e-36
2019-05-22,0.9999774356753633,2.2564200704969964e-05,1.2433415912016846e-105,1.2393304675734237e-10,1.0890655512206549e-21,3.5548436030611575e-27
2019-05-23,0.9999995953380393,4.046508235638359e-07,7.869142128932253e-121,1.1136281527076543e-11,3.0265834943818826e-25,8.570473918348348e-25
2019-05-24,0.9999581265749765,4.187252761194072e-05,6.125630951650985e-103,8.974110820000232e-10,4.585128371244523e-20,1.456328957752962e-19
2019-05-27,0.9999999970675582,1.3380554602796011e-11,1.5851010712158363e-141,2.919060480873246e-09,2.5040325102348476e-27,2.9089805157218074e-21
2019-05-28,0.9999876384467434,1.2360760600618147e-05,8.09869080088557e-109,7.926570208237481e-10,7.82964773247376e-22,9.563488030547052e-22
2019-05-29,0.9999992658341833,7.280702917728778e-07,2.081820185004136e-94,6.095524859001125e-09,6.290193390512732e-17,1.07929558228082e-19
2019-05-30,0.9999992924128821,7.035425948275588e-07,1.5842641844125571e-83,4.044430304246032e-09,9.33737182204723e-14,1.1930216694175382e-16
2019-05-31,0.9999585845472374,3.632391827840909e-12,1.3410178584315504e-171,4.141544912003566e-05,5.67447486470315e-37,9.442703424878219e-15
2019-06-03,0.9999982698599875,2.2301989275333653e-10,4.5482119286858297e-150,1.7299169841267773e-06,2.6725970008406787e-30,7.696173251756493e-15
2019-06-04,0.9999963936960382,1.6508533936830408e-06,1.0829948759195365e-121,1.955450566796459e-06,2.6735113592682097e-25,1.5635958949538956e-15
2019-06-05,0.9999838685884315,1.4151917766465568e-06,5.012465915553744e-119,1.4716219791472675e-05,2.4130373459765462e-24,4.833725201547182e-16
2019-06-06,0.9999449639541558,5.914505860428501e-08,3.0257955302709264e-128,5.497690077564446e-05,2.5589408813423077e-25,1.0900987150578152e-14
2019-06-07,0.9995564461030894,1.3888067072464087e-05,3.443441940978234e-63,0.00042966431029015236,1.504105727895467e-09,1.544343983485064e-11
2019-06-10,0.9985752897738244,3.403281533923674e-09,1.0007796942753035e-87,0.0014247062849431832,1.341960942652311e-13,5.37815459505009e-10
2019-06-11,0.9961848813410674,0.0014576031565393713,2.8792451045631596e-53,0.0023573720437525805,1.433685609696305e-07,9.008000520420494e-11
2019-06-12,0.9987553371396242,5.2082728356445395e-05,1.2357315320453396e-60,0.0011925736151095904,6.2946965343503346e-09,2.222147376848133e-10
2019-06-13,0.9957835224952393,1.5182949061314588e-07,2.042103612837381e-83,0.004216325657710581,8.318308605156572e-14,1.7476493640329533e-11
2019-06-14,0.989309542358274,1.6248994244183835e-10,2.693747690702624e-98,0.010690457478209434,1.1526736964688012e-15,1.0260541974765069e-12
2019-06-17,0.9026016917099102,2.482857057077147e-05,4.122900596133157e-76,0.09737347971763896,1.4683851317719974e-12,4.10638560044071e-13
2019-06-18,0.9401527499615167,1.882249759010991e-05,1.5884230987219162e-71,0.0598284275015347,3.861298340616723e-11,7.444026151474717e-13
2019-06-19,0.7731376348839543,1.4538010118632764e-05,2.8530564602122913e-92,0.2268478270829151,3.6954189871452156e-16,2.3012431844582083e-11
2019-06-20,0.7758773183669841,6.370143333246402e-07,2.1021045766067157e-97,0.22412204458436005,2.9066317396494166e-16,3.432053903957514e-11
2019-06-21,0.5717592586588225,8.493382864716228e-07,1.4887190156816828e-88,0.42823989191803213,2.8453849586171027e-13,8.457508936211984e-11
2019-06-24,0.45348698267753085,1.1041496125420775e-06,9.915730411985e-96,0.5465119131692193,2.299580026706482e-15,3.634645932409195e-12
2019-06-25,0.695077975227,0.0016869760921319563,2.982015184636629e-72,0.30323504863312045,4.364422600148298e-11,4.102102220046006e-12
2019-06-26,0.293133452566326,5.648384386469208e-06,1.379593731576541e-72,0.7068608986335148,4.090909330835429e-10,6.682592419996171e-12
2019-06-27,0.6571812996846957,8.443363509589268e-06,7.705110100080062e-97,0.3428102371263194,3.4656645426025656e-17,1.9825476354540106e-08
2019-06-28,0.8411137395678043,1.5290263015990532e-05,2.1071219913798313e-108,0.15887097011975934,1.2878430743724784e-19,4.942190408449337e-11
2019-07-01,0.4249331747938071,5.245637384679157e-07,3.8082226493687664e-118,0.5750663006237885,2.5420017123498017e-20,1.8666481163944072e-11
2019-07-02,0.8025180400050036,1.1553531232539742e-17,4.408166132335675e-205,0.19748195997164852,1.8637307108886617e-38,2.3347194560897048e-11
2019-07-03,0.9770213470951303,1.6278598819213176e-07,1.1686222149306872e-157,0.022978478064188422,9.873189152907617e-32,1.2054692110102106e-08
2019-07-04,0.9748955205349876,3.440903572262927e-07,1.0754560556681696e-144,0.025103371860172845,2.568121977516798e-28,7.635144830931284e-07
2019-07-05,1.807887336301592e-74,1.0,1.7238139201940876e-58,2.3929062104801186e-78,7.728045850941827e-23,8.674839902397616e-88
2019-07-08,1.736652177277657e-49,0.9999998427960096,1.0351847861574552e-40,1.1971503469240567e-49,1.5720398905976365e-07,3.778676639698551e-58
2019-07-09,4.927406571382086e-44,0.9860247997746239,2.388704979603841e-19,3.818386731133251e-44,0.013975200225375262,2.76869168658087e-52
2019-07-10,3.6459396746188054e-46,0.08643456123378088,1.300318913610429e-06,5.89915742525372e-46,0.9135641384473071,6.409884984498776e-55
2019-07-11,3.487742403762908e-38,0.017766649944835736,0.0030890971771775945,2.559965733302693e-39,0.9791442528779861,7.250642645610323e-48
2019-07-12,1.474380822815376e-41,0.006540210196853069,0.021324821381862483,1.2062254349415683e-42,0.9721349684212838,2.0709215970228957e-51
2019-07-15,6.158707451175161e-41,0.0043652405727486,0.0009907705479051338,4.142544598510094e-42,0.994643988879345,1.3944658435372868e-50
2019-07-16,5.556821599790391e-44,0.011669249081825804,0.002927392602109164,3.047699896806071e-45,0.9854033583160645,6.433570936217754e-54
2019-07-17,1.0065654965440176e-41,0.001713219449560355,0.013127615996650143,2.7131290687115214e-43,0.9851591645537912,1.3328303639220454e-49
2019-07-18,9.256844471434333e-42,0.0009331336889410213,0.027638664333346285,1.3067963661409407e-42,0.9714282019777128,8.615562461995805e-51
2019-07-19,2.3454909065043056e-53,0.013448916872511792,0.5731343353473555,4.042087112031161e-54,0.4134167477801315,8.676955372741298e-64
2019-07-22,1.061977818244128e-49,0.002412743075641461,0.10473313472118335,2.879092563636792e-50,0.8928541222031741,5.490623722973058e-60
2019-07-23,5.032706023267149e-53,0.00641074328272197,0.24335166625191934,8.868141064247591e-54,0.7502375904653583,8.299982382383731e-64
2019-07-24,4.134072163017148e-46,0.003250409221711054,0.1537848097871665,5.644315331640786e-47,0.8429647809911234,5.9423139527200355e-56
2019-07-25,4.2790590331111366e-41,0.00038411203924968823,0.4140899050954094,5.355939101402583e-42,0.5855259828653402,1.1045067473197843e-51
2019-07-26,6.814251843967902e-46,8.197950284564057e-05,0.8543133623676965,2.3174482769368686e-47,0.14560465812945697,4.682705400168856e-57
2019-07-29,3.2328852525364396e-46,0.0003738629615760797,0.13002819814131134,4.0438370111856075e-48,0.8695979388971142,4.686806748663633e-58
2019-07-30,3.2490016925315563e-43,7.229502164156797e-06,0.9745732925771915,2.9875259512700306e-46,0.025419477920644362,2.265452862997733e-56
2019-07-31,1.342171281727218e-57,1.6107861818875337e-06,0.9998114141980388,9.310201148895472e-63,0.0001869750157785391,2.9797521012071335e-74
2019-08-01,1.4346321170695478e-57,1.2716544557140042e-06,0.9994363774594137,4.901346853874678e-65,0.0005623508861291455,1.367190871834485e-76
2019-08-02,2.6884937161647167e-47,7.3594642600763125e-06,0.9991357187807322,7.073372977193423e-55,0.0008569217550063387,4.657126335425387e-65
2019-08-05,1.3480474537373407e-44,6.502606098345496e-07,0.9968233710791444,7.169583369914546e-52,0.003175978660245401,2.6829747538686066e-62
2019-08-06,9.728611274316344e-49,1.58847055386539e-07,0.9996287237584508,2.7815423578976417e-56,0.00037111739449341685,1.7239838514493316e-66
2019-08-07,1.0581194502891422e-54,9.793800661704005e-06,0.9959146064586408,3.1811104528748185e-61,0.004075599740698925,3.443669760869088e-73
2019-08-08,2.585940606452214e-44,6.429893547977313e-05,0.9599459717362113,5.409772708790632e-51,0.03998972932830882,4.594663635018569e-62
2019-08-09,7.325597083692618e-47,8.463169953033056e-07,0.996217998044162,3.5075416366253897e-53,0.0037811556388424126,1.4596735884665978e-64
2019-08-12,5.277190222659975e-47,9.278146268503975e-06,0.9711839633150381,4.391695400134769e-53,0.02880675853869375,2.555624137704789e-64
2019-08-13,3.3322565444636624e-55,7.41205734079207e-06,0.9961949286567768,1.4542844961647473e-61,0.003797659285882978,2.2981621446308902e-73
2019-08-14,1.381885989153506e-50,1.694466644176052e-06,0.9971963429826592,1.4997614684697638e-57,0.0028019625506962484,1.8512653851733004e-71
2019-08-15,6.168513683060246e-46,2.185413848122611e-06,0.993971881567119,3.93418055081914e-53,0.0060259330190328576,3.2349261443575145e-68
2019-08-16,2.4576186583274795e-43,4.5702420412784816e-05,0.8563949073192099,3.92063980142542e-51,0.14355939026037648,2.707634406185879e-67
2019-08-19,1.4578224021679462e-49,3.216852966741559e-06,0.9973490572177478,3.6201960561961624e-58,0.002647725929285223,2.1693294997545856e-75
2019-08-20,1.0108737023064562e-49,4.228866226702729e-06,0.9955211982418389,4.42428206360873e-58,0.004474572891933772,7.581964226841419e-76
2019-08-21,1.8822752898673728e-46,2.3611358396312144e-05,0.9826646045703425,3.1590009049458177e-55,0.01731178407126294,7.345149080311463e-74
2019-08-22,1.091785605658344e-48,0.00013550689387718443,0.9623475815015979,1.5113601083713943e-56,0.03751691160452309,1.6593976494120048e-77
2019-08-23,3.0360781017109506e-51,4.461373849438549e-05,0.999453263313113,1.859185272228459e-64,0.0005021229483922599,7.066182957750691e-88
2019-08-26,2.4809947950897858e-55,0.004602726592444328,0.9902655638632288,3.5328030211167973e-68,0.005131709544328211,2.212598532562825e-91
2019-08-27,3.501562522206396e-55,0.0003626307505140529,0.9980731532882328,6.405807521966438e-68,0.0015642159612526696,3.9346049701296946e-91
2019-08-28,6.062911834263027e-45,0.026295205100030385,0.863864041836957,1.7388145035693647e-57,0.10984075306301336,5.535956975834207e-80
2019-08-29,3.5361790753786463e-59,0.0002745631283770279,0.9995568637870031,3.1795072204449626e-72,0.0001685730846214978,9.363647478888872e-96
2019-08-30,6.111296029456946e-57,8.247362790048022e-05,0.9993973068148164,6.496616819793642e-70,0.0005202195572832125,1.2094046255614677e-93
2019-09-02,8.960863961535088e-47,0.000171514706278166,0.9995646105124947,6.810002445656618e-61,0.00026387478122613753,3.629902927350164e-84
2019-09-03,2.4141429511104107e-47,6.176410288394177e-06,0.9997488875140889,2.1040601975972438e-61,0.0002449360756231415,1.3916162050097773e-84
2019-09-04,9.081060570022032e-60,3.9598546876339016e-05,0.9999407963259797,4.643588919517135e-75,1.9605127144931173e-05,4.242106180359561e-99
2019-09-05,6.625422228054961e-54,5.993417893010402e-06,0.9999226547600321,1.5469806864215767e-68,7.135182207404108e-05,7.80308361898141e-92
2019-09-06,1.4661868466798692e-47,2.5970683805641063e-06,0.9998802411167061,4.286060086213421e-62,0.0001171618149132165,3.316082581261527e-83
2019-09-09,4.364247146177897e-53,1.0255406092526274e-06,0.9999795715218456,1.1258159661907325e-68,1.9402937545422907e-05,1.469631596936763e-90
2019-09-10,4.1108325058323e-51,4.938999762003189e-06,0.9998604946101701,1.4745981779207407e-66,0.00013456639006787782,3.7611474191439595e-88
2019-09-11,2.260770824128146e-52,4.7049565379282294e-07,0.9999507362252525,2.3230151653125383e-68,4.879327909285617e-05,3.77581008851364e-90
2019-09-12,1.2038910102363203e-55,5.164160169799496e-06,0.9997795067211565,1.2115940816744491e-71,0.00021532911867307408,2.6353339369150173e-94
2019-09-13,3.774064626135823e-49,1.2818239013664147e-06,0.9998850282446118,4.036116032062378e-65,0.00011368993148665993,1.4980771091857099e-86
2019-09-16,5.157706601437914e-60,6.085006623466166e-07,0.9999911897748999,8.090557612699595e-77,8.201724436956735e-06,1.8861818968013576e-98
2019-09-17,6.162151368361863e-53,1.9610253018169e-07,0.9999772669387448,1.8258135115321656e-69,2.253695872534061e-05,5.958060395038004e-91
2019-09-18,5.0675024813211404e-58,2.3326801413126654e-07,0.9999865465605016,9.255338030868444e-75,1.3220171484816116e-05,1.7281885946050214e-96
2019-09-19,1.4767968256686269e-58,1.3303383823787548e-05,0.9999762995667946,3.736750706279966e-80,1.0397049381984639e-05,3.1961580976746753e-108
2019-09-20,1.7902545372896748e-59,2.9929935218116856e-07,0.9999996990528208,9.990984897952492e-89,1.6478268465527588e-09,8.022748345183577e-119
2019-09-23,5.965817319409703e-50,1.4474646097365074e-06,0.9999985187509256,3.0251653020515205e-78,3.3784464429663023e-08,3.8756357712082954e-107
2019-09-24,1.4237093817834273e-55,0.00026112460840640143,0.9997125639784656,1.8476004560137593e-95,2.6311413128197307e-05,6.124249418445255e-120
2019-09-25,3.5239819681947175e-53,0.00010767185522561927,0.9998328052723539,3.6057714482252306e-95,5.952287242055748e-05,2.530402829408922e-122
2019-09-26,9.969389958518796e-57,4.8572737029227784e-05,0.9998933085620707,1.3288096225566793e-99,5.8118700900013763e-05,1.0164458292661772e-132
2019-09-27,4.9888485046407026e-46,0.033137677441067236,0.9651219356499643,4.078995101594701e-89,0.0017403869089680488,6.777643919181994e-122
2019-09-30,4.64546207130654e-51,0.000511657722345172,0.9994248019085106,4.0906717254778526e-94,6.354036914360866e-05,2.4464899525342566e-127
2019-10-01,8.445911875287183e-44,0.0013751795940724484,0.9983515150598458,1.0896745906103597e-86,0.0002733053460822882,8.145180741007912e-120
2019-10-02,8.233666284145385e-48,0.00045895786478038225,0.9994455082401554,1.6715280636566072e-89,9.553389506335162e-05,8.850284220835438e-124
2019-10-03,1.0392641970006148e-50,6.444522366381045e-05,0.9999235718007089,1.8509742164812064e-92,1.1982975628060799e-05,6.6660416830558e-127
2019-10-04,5.921435336247306e-50,2.7656161684069913e-06,0.999986794090897,1.9689440157358585e-91,1.0440292935276164e-05,1.8968704753615686e-125
2019-10-07,6.061080078974128e-33,0.9988084133918084,2.1517615038917517e-09,1.1490272397239168e-74,0.0011915844564291062,2.545335696039566e-109
2019-10-08,1.0316685397679816e-20,0.9999999390148969,7.585278202095331e-17,8.441796297241411e-61,6.098510323355662e-08,2.2702020226358243e-97
2019-10-09,6.386592099157518e-18,0.9999938521697633,6.068345394260273e-18,1.6377721714096502e-54,6.1478302363561086e-06,1.5069445654558994e-90
2019-10-10,2.676479422107075e-26,0.9999912362522357,1.2347196892070731e-11,2.7456122895561985e-63,8.763735418070873e-06,6.772381309756665e-100
2019-10-11,2.6583621278390022e-20,0.9999999999487414,2.0274942684295425e-22,9.375002783474597e-59,5.1257147711046536e-11,6.461870025931677e-95
2019-10-14,4.279333266789044e-25,0.9999999971302991,2.6526146716139946e-19,2.116094026324067e-62,2.869701111317669e-09,2.336307335690406e-99
2019-10-15,2.557414138382024e-22,0.9999998496736928,5.548516996005805e-15,2.946410114763012e-57,1.503263003540689e-07,5.824702274180772e-93
2019-10-16,1.2911063874169928e-48,0.9997436615217792,0.0002562817950607624,1.310937453926079e-82,5.6683160455176345e-08,3.2467598986992105e-120
2019-10-17,2.6477868819754744e-40,0.9983199816615046,0.001659553474361147,1.1507119644304995e-73,2.0464864134074544e-05,4.284977905411367e-111
2019-10-18,2.4661869300128578e-53,0.009276137553225846,0.9907189197672015,9.584249857609648e-86,4.942679572703815e-06,2.340709501500874e-123
2019-10-21,9.747580080379863e-48,0.0014962088118408209,0.9984900000645863,1.1538489111631803e-79,1.3791123573382493e-05,1.3838997040044224e-116
2019-10-22,9.897100313458875e-47,0.0005259546828780919,0.9993774473302554,2.196961689811791e-77,9.65979868668794e-05,2.1468578882288695e-111
2019-10-23,1.1282119483637903e-57,1.0374220623962998e-05,0.9999892575819841,2.0058197474223027e-88,3.681973919606988e-07,1.70808015694088e-123
2019-10-24,1.0563334745498842e-49,8.840514390067416e-05,0.9998973055990183,2.2687701757793335e-80,1.4289257080458843e-05,2.0597354392411043e-114
2019-10-25,3.268776938062503e-49,2.277224674259486e-05,0.9999712391347408,5.9959486760660515e-80,5.98861851727405e-06,4.8471092940840934e-114
2019-10-28,8.219849402493242e-47,0.00010396716669782884,0.9998626907810323,1.6009949905721607e-77,3.334205226961126e-05,1.2742889165014336e-111
2019-10-29,1.547016927083584e-44,4.042424927304663e-06,0.9999782955214485,2.544077028434036e-75,1.766205362449389e-05,1.2868272963116225e-109
2019-10-30,1.791975013240576e-62,1.4990538669083594e-05,0.9999847527709107,1.4842347504602664e-94,2.56690419467294e-07,6.630417624258094e-130
2019-10-31,2.669577832406852e-58,2.7263139815537985e-07,0.9999995991135484,4.718747506807564e-90,1.282550533620054e-07,5.998229675224341e-125
2019-11-01,2.481203186935697e-59,1.788679428590524e-07,0.999999708887003,9.328532732054207e-91,1.1224505405761062e-07,4.7656178492719376e-126
2019-11-04,1.2450543019841043e-52,0.5530852585841579,0.44320408224510466,1.0191984562724494e-81,0.0037106591707376313,9.362979572946081e-118
2019-11-05,3.877283469508866e-50,0.010823462327343936,0.9890658831946423,2.334158621101423e-80,0.00011065447801355558,5.949584047863993e-116
2019-11-06,3.387602009144283e-43,0.03836927117780603,0.9610187645527339,7.211424846975216e-74,0.0006119642694597601,4.728877950910986e-109
2019-11-07,9.350371422975617e-51,0.005626833370981212,0.994231726397777,6.155140022638124e-81,0.00014144023124252329,1.0903025526684364e-116
2019-11-08,3.1487189343533683e-48,0.0005061005268949247,0.9994618364532466,8.140314354536729e-79,3.206301985776434e-05,5.669334633765482e-115
2019-11-11,2.6952623361433033e-56,6.331506711925405e-08,0.999999789904069,2.192330628747715e-87,1.467808636139967e-07,4.182913931056135e-123
2019-11-12,1.3722014358431919e-56,1.5251259620534665e-07,0.9999994036835905,6.750851013191832e-88,4.438038129321843e-07,4.872449609195628e-124
2019-11-13,1.3436338541633776e-48,1.3408029573573081e-06,0.9999936259841654,6.095478104247326e-80,5.033212876716484e-06,1.442283949688094e-115
2019-11-14,1.7971403477373898e-51,1.332252275766831e-07,0.9999988986493155,9.258245920157054e-83,9.68125457408564e-07,4.205520285837548e-118
2019-11-15,1.9095374078418325e-56,3.843837800902633e-07,0.9999991003316465,1.4380999973540435e-87,5.152845736956559e-07,4.5872099444068046e-123
2019-11-18,5.0731752611467526e-48,3.0387040170249297e-06,0.9999921507519999,2.4140961811059166e-79,4.8105439834979155e-06,1.9933593968367133e-115
2019-11-19,5.656389159106419e-55,2.3346906444531953e-07,0.9999995210770517,8.341341567707488e-87,2.4545388400723485e-07,2.1756398639826166e-123
2019-11-20,7.480681669855584e-60,1.3648602968135923e-07,0.9999997966727057,2.3722418619056606e-92,6.684126488090499e-08,1.3576514286075649e-129
2019-11-21,8.33346798872845e-55,1.7205929843254565e-07,0.9999995760740453,3.0714445804143235e-87,2.5186665590911896e-07,6.698035387827206e-124
2019-11-22,6.988342977602268e-50,8.962127497847895e-06,0.9999757531457771,5.239273603637849e-82,1.528472672484201e-05,1.1573126675452273e-119
2019-11-25,1.0891679971566202e-56,3.215675530255252e-07,0.9999995030410789,5.403907332218905e-89,1.7539136755283323e-07,3.751124206717775e-127
2019-11-26,1.5036542290532168e-49,7.603749941832191e-07,0.9999986266079118,9.991164933717637e-82,6.130170934523958e-07,5.983857675375216e-119
2019-11-27,1.1037489541982847e-53,6.177859982958217e-07,0.999998935093377,9.238550775696638e-86,4.471206248549349e-07,5.295499523251729e-123
2019-11-28,6.18617222147346e-54,1.820767377726125e-06,0.9999974755236588,1.4214517230589342e-85,7.037089635432593e-07,4.1808885982945546e-122
2019-11-29,7.887504675249025e-48,1.17011062746319e-05,0.9999841207333287,3.0177377126581765e-79,4.178160396397831e-06,3.1472089048034746e-116
2019-12-02,7.95242293911161e-54,2.5576379902435418e-05,0.9999733225912341,1.1870699753532481e-85,1.1010288634074981e-06,7.674187245328157e-124
2019-12-03,1.0783758580980354e-54,6.396074334036258e-06,0.9999929455634268,1.777759001601918e-86,6.583622383958105e-07,3.7296570192960273e-125
2019-12-04,8.40371262396713e-59,0.0001682857523635223,0.999830889327644,9.239082936927572e-91,8.249199929424302e-07,3.070829011084232e-129
2019-12-05,3.240377230551643e-55,1.6321641598180392e-05,0.9999832333915746,4.371492522464941e-87,4.449668269208815e-07,8.759971419107425e-125
2019-12-06,2.027178751189417e-55,9.754761128039308e-07,0.9999988611198029,2.9754923843471404e-87,1.6340408465222454e-07,8.529943053505713e-125
2019-12-09,3.684466354333745e-59,3.986624487050195e-07,0.9999994892102827,3.7808517586400527e-91,1.121272694233384e-07,3.710685966251594e-128
2019-12-10,1.5921011573378984e-52,7.340952945644689e-07,0.9999987027069105,7.466256557421699e-85,5.631977954599819e-07,8.760773544393532e-121
2019-12-11,5.852373019106517e-61,1.0527739138316331e-07,0.9999998729058356,2.88051232274377e-93,2.1816773373946977e-08,3.405540743508384e-130
2019-12-12,1.2684863468064744e-59,1.6510217016858775e-08,0.9999999681150054,6.321215122244913e-92,1.5374777692833857e-08,5.5829887085525806e-129
2019-12-13,3.554364972595797e-54,4.56340691458211e-08,0.9999998935941997,1.5257757519671178e-86,6.077173085543331e-08,3.313582409786519e-123
2019-12-16,1.8250838552025294e-58,6.290873084535742e-08,0.9999998910007687,6.519451457765917e-91,4.6090500061920324e-08,2.945197536830774e-127
2019-12-17,1.1673003325987655e-52,6.671979304830774e-08,0.9999997946616916,4.5475504441358074e-85,1.3861851535623902e-07,5.830918188096407e-121
2019-12-18,1.8248033302119633e-51,2.725772065795129e-08,0.9999998439414906,3.268343859557669e-84,1.288007885285984e-07,7.94034965973895e-120
2019-12-19,2.474624639301658e-58,4.2200809440126655e-08,0.9999999267373809,6.834379709440691e-91,3.106180921109779e-08,1.9969822640091114e-127
2019-12-20,5.130928885028332e-62,1.9776871424711916e-08,0.9999999654461599,9.646721934405187e-95,1.477696836121976e-08,9.952489589417404e-132
2019-12-23,4.062414852630805e-55,1.1035826525371062e-07,0.9999997280505767,1.9655427148353425e-87,1.6159115778298748e-07,1.9628826567407716e-124
2019-12-24,3.435262828287382e-60,1.682419541009449e-06,0.9999973036429733,2.1344360084913506e-92,1.0139374852233824e-06,7.239016239796906e-130
2019-12-25,5.54103921917669e-55,1.1308074144415192e-07,0.999999730395741,5.6144392605022385e-87,1.565235176893289e-07,4.4138960073559996e-123
2019-12-26,3.701413958649516e-51,7.075570950623621e-08,0.9999995737130478,3.7199906531526966e-83,3.555312428405704e-07,6.164639436725473e-119
2019-12-27,2.075139892744176e-52,1.3822497390777452e-07,0.9999995692748195,1.1702261026828546e-84,2.9250020630739944e-07,2.357798676828876e-120
2019-12-30,8.125480529667097e-55,2.5529422616515944e-07,0.999998764128378,1.625049476586786e-86,9.80577395883242e-07,9.218718112712675e-122
2019-12-31,3.0286593627751814e-47,8.21597708154746e-07,0.9999924055044334,6.020074585702434e-82,6.7728978583105e-06,2.5343217939386354e-114
2020-01-01,1.4431318222069156e-62,1.0369963171555193e-06,0.9999988893224026,4.643837069683112e-98,7.3681280355395e-08,6.858856762585678e-134
2020-01-02,2.500531982203601e-49,1.910472911682358e-05,0.9999787902678802,1.1592560531186244e-84,2.1050030030167295e-06,1.8370727932738848e-119
2020-01-03,1.1992490726117715e-48,6.874810382011193e-07,0.9999898246909926,1.3565020633225458e-84,9.487827969067369e-06,3.7808347434801123e-118
2020-01-06,1.8525966035756015e-54,1.7594215169302607e-06,0.9999814461381962,1.8945758811681176e-90,1.6794440286903794e-05,2.0853926860810783e-125
2020-01-07,8.351070237720854e-59,8.353415641937359e-07,0.9999910787640053,2.965912640433951e-97,8.08589443021624e-06,3.4626053264263243e-131
2020-01-08,5.332254956115088e-59,2.889476511233864e-07,0.9999962941185043,1.9025295767303438e-97,3.4169338447741502e-06,1.5592699346721835e-131
2020-01-09,7.030689320551627e-46,0.001665851664248706,0.9955920549462132,1.4659282252178001e-83,0.0027420933895388007,2.1816666152906417e-116
2020-01-10,1.2440949528276881e-57,3.131239488314467e-05,0.9999357402952838,1.3265934701157386e-94,3.294730983358718e-05,1.0982032291573412e-128
2020-01-13,2.4613621176446633e-47,6.549047008122865e-05,0.999617996970156,2.543548272004538e-84,0.00031651255976308877,1.142790425461368e-117
2020-01-14,2.2240876744593544e-51,0.0002684729338833975,0.999695842750329,1.0139326219804852e-88,3.568431578758547e-05,9.025430400311539e-125
2020-01-15,4.4416094310206925e-51,0.0005118683903705452,0.9993942442050486,2.3056978722005957e-88,9.388740458172464e-05,1.0957334281795304e-124
2020-01-16,4.5102883574392904e-48,0.0015883046743754854,0.9972127557685344,4.512810000650441e-84,0.0011989395570898341,1.563658785419959e-119
2020-01-17,2.186606117042674e-58,2.0370057895356703e-06,0.9999945821146211,1.8220742160664698e-94,3.3808795886936774e-06,3.636530279839738e-130
2020-01-20,2.6952923134391447e-54,1.3968328703233111e-06,0.9999863736715697,1.4343656972937228e-90,1.22294955598847e-05,1.5459503221603187e-125
2020-01-21,1.0231602614047689e-46,4.467831161999999e-06,0.9999089924501616,3.589633704146037e-83,8.65397186766462e-05,6.653272987067692e-117
2020-01-22,1.3773646226848663e-56,0.0001475636897954992,0.9997166059641186,4.432045755237747e-93,0.0001358303460854979,2.3730163208842098e-126
2020-01-23,6.774627650071991e-48,3.4122868751052873e-06,0.9999385893649135,1.450881106829271e-84,5.7998348212092674e-05,1.099607013523179e-116
2020-01-24,1.2608955357582216e-44,2.4573125121737542e-06,0.9996261694603068,6.026240152829008e-81,0.0003713732271808637,3.092856306596412e-113
2020-01-27,4.2265200522657875e-63,8.095082941369059e-06,0.999991473098347,2.594387151722979e-102,4.3181871228711537e-07,8.983368317669386e-139
2020-01-28,2.059214956103908e-53,2.5001844671214208e-06,0.999992434228833,2.5817114440322487e-92,5.0655866990247075e-06,5.988536556704498e-128
2020-01-29,1.7595467367858915e-59,4.4242047706136997e-07,0.9999987710393106,7.389405260445469e-98,7.865402121674782e-07,1.8414570444800882e-134
2020-01-30,3.5266383661486265e-52,1.2092425373906754e-06,0.9999957254520365,7.052323072361123e-91,3.065305425743007e-06,1.3430498905788909e-127
2020-01-31,2.902498492512309e-139,1.0,6.719036616691527e-96,5.639159839051905e-194,3.0498378934738596e-69,2.1422695439040036e-236
2020-02-03,0.07586626590605801,0.9241337340937573,2.1015043197715246e-62,8.095303538523159e-40,1.8391749302543556e-13,2.3471149069777082e-80
2020-02-04,0.2170586428488672,0.7829413571511289,7.212227750411043e-65,3.1237249993918576e-40,3.369250365283316e-15,2.777192356192056e-79
2020-02-05,0.9134977552521304,0.08650224474783294,3.758728708823533e-64,6.402473510422225e-40,3.5960430813268486e-14,1.726359744344645e-78
2020-02-06,0.0703322919915144,0.9296677080083866,1.2968947507874688e-55,3.448317203350389e-41,9.978754959854647e-14,8.532259469018093e-80
2020-02-07,0.4279173458895935,0.5720826541103612,5.691167248621717e-59,1.7942033632228741e-40,4.193320870375465e-14,1.5591036916079222e-80
2020-02-10,0.9952933253999289,0.004706674600069381,2.913230418165487e-87,3.956861908199158e-34,2.5697109645248923e-18,6.303693851204851e-72
2020-02-11,0.9999993318976437,6.681023560353463e-07,1.925030930681997e-107,4.548796824022046e-34,1.2123871856973165e-20,1.1448166348417057e-73
2020-02-12,0.9804949565101455,0.019505043489855826,4.709854462903831e-76,1.310741742170019e-37,4.174786912031074e-19,5.02794628214369e-75
2020-02-13,0.9039668321181976,0.09603316788180459,9.102063937644539e-78,4.488872605626093e-34,1.7311889028304473e-17,9.44228284708647e-74
2020-02-14,0.9950064207220587,0.004993579277944115,7.876333619603606e-83,1.7965578939047435e-34,1.0123701487984188e-18,1.6136663125276444e-73
2020-02-17,0.9963452808394695,0.0036547191605299494,3.1839766073506616e-77,3.013434332167125e-34,7.677287298081426e-19,3.419212953560299e-67
2020-02-18,0.9985816934681975,0.0014183065316137145,4.78975774557932e-72,1.5230641563391077e-29,1.8745412115312611e-13,1.2891198869217642e-61
2020-02-19,0.999874595274155,0.00012540472584618564,5.3779507898848076e-90,1.8449640987574051e-29,2.9836848515678974e-16,6.330346493950708e-62
2020-02-20,0.9486547050935195,0.051345294874440055,4.5256974245014246e-68,8.139032588141526e-29,3.2038252050650245e-11,4.8179907126408186e-61
2020-02-21,0.9967150618891685,0.0032849329985297554,5.163566089324512e-63,2.1087020419190453e-28,5.1123039242255755e-09,2.9436658582794023e-59
2020-02-24,0.9987669005730513,0.0012330994269464835,2.9257455637116927e-104,8.14354084365805e-22,3.2479722257621888e-21,1.3417930151222667e-48
2020-02-25,0.9999993245385931,6.754614103429406e-07,3.684370320670202e-116,8.864015443581002e-22,6.277897025031211e-21,1.5295807808146681e-47
2020-02-26,0.9986649372102274,0.0013350627897741251,6.636010355700541e-101,1.6412094637810958e-21,4.3854095882955854e-18,1.0181931490060786e-47
2020-02-27,0.998881634074406,0.0011183659255975165,5.280746255302026e-95,3.7375281004861404e-23,4.398881196342767e-18,1.5721673950041205e-48
2020-02-28,0.999961693978117,3.8306021884341855e-05,5.093916810234831e-104,2.0143269567641046e-23,7.933172472996113e-21,3.851971100721948e-47
2020-03-02,0.999529230943203,0.0004707690567982142,7.606816293534627e-93,1.6253156849618713e-18,5.0161749336721587e-20,6.937766522507674e-36
2020-03-03,0.9999059284986099,9.407150134356696e-05,1.5288252437828546e-80,7.185800008468466e-16,4.5581048692045944e-14,1.1162137727259302e-29
2020-03-04,0.9999999696849753,3.031500110856761e-08,6.332650246838998e-104,2.2057735145638365e-14,1.3451847729916104e-17,2.1610055699579533e-28
2020-03-05,0.9942282355254973,0.005771764474485248,1.7174985582360084e-82,1.4800957677740155e-14,1.0009981859008364e-15,1.7988814699831207e-30
2020-03-06,0.9999999662519455,3.3748050646583733e-08,5.759743146207672e-113,3.349929312155132e-15,1.7912744514291055e-21,1.996073612059776e-31
2020-03-09,0.9999823352464174,1.76647399542421e-05,5.1273247271018026e-74,7.237148538525016e-14,1.3554222607319244e-11,6.634717864716342e-27
2020-03-10,0.9999999996629292,3.359479297298822e-10,4.892436024885631e-96,1.0704782574097584e-12,5.286576146326292e-14,5.289734737356392e-25
2020-03-11,0.9999772950125475,2.2704856912333106e-05,1.0022501499618728e-73,2.8740078041077944e-12,1.2766550742941829e-10,1.2342459021406968e-25
2020-03-12,0.961270688105807,0.03869239624749038,4.838311467865412e-50,4.693248301797235e-12,3.6915642009186294e-05,1.6619770019979465e-24
2020-03-13,0.999582339882571,0.00041765217816905294,1.750648658705069e-64,1.970007387948015e-10,7.742258096253165e-09,2.933689647263379e-25
2020-03-16,0.9965817641946619,0.0034179522421906297,6.3368019954407816e-58,3.630806553771346e-10,2.832000667292028e-07,1.1532559331530801e-24
2020-03-17,0.9999999950629075,3.434525095893396e-09,1.4922596770559512e-84,1.4211983992456908e-09,8.137014640700294e-11,4.0564490887449144e-25
2020-03-18,0.9999999995612079,7.048430357963065e-12,1.1107270184927233e-127,4.31744787786086e-10,1.9818277640518415e-23,2.137745575561487e-21
2020-03-19,0.9999824610258534,1.7537530477838196e-05,6.294958705725791e-84,1.4436380167706098e-09,3.239158629384876e-14,2.303136370982853e-21
2020-03-20,0.9999999922234117,3.2287139765600884e-09,1.8901226815798493e-100,4.547873771940314e-09,5.27161877626897e-16,1.2612124922930595e-22
2020-03-23,0.9977001591453653,0.002299839715823161,4.849200803940752e-78,1.138597660607121e-09,2.1229976000005585e-13,3.022715071492371e-20
2020-03-24,0.9976037492623883,0.0023962495662856885,1.3112688134154207e-77,1.1696222143437103e-09,1.7052564543841953e-12,4.801885668721421e-20
2020-03-25,6.870954622537506e-32,0.9997709522539118,6.705477023936536e-17,7.339646110795623e-41,0.00022904774608866878,5.303135284798002e-54
2020-03-26,3.457023623344531e-21,0.041241266266031466,2.285179244384581e-22,1.2869114864063378e-27,0.9587587337339694,2.4623798224581146e-42
2020-03-27,1.311657481908581e-17,0.04817414340367177,2.9893595607182267e-16,2.8935108720718217e-24,0.951825856596328,6.687517361579234e-38
2020-03-30,8.308984681828504e-19,0.0003547231992795702,2.3144121946580614e-21,2.788520397770557e-26,0.9996452768007194,1.0896298478663799e-39
2020-03-31,4.9179148602166915e-23,0.000812402948000096,2.3763426819735953e-12,1.0192982249896911e-29,0.999187597049623,7.281184531393224e-45
2020-04-01,1.3486911028471914e-26,0.001201102492265811,6.477934663804463e-11,1.3011569510597307e-33,0.9987988974429544,2.8250537381853776e-48
2020-04-02,5.657428441396289e-22,0.001438827283858744,3.6049672189919846e-12,1.2302249283096358e-28,0.9985611727125357,5.795055914683538e-44
2020-04-03,5.895519991315509e-23,0.00036635270787890975,8.740399141055887e-10,1.0712105852134942e-29,0.9996336464180817,6.824855387548951e-45
2020-04-06,9.833683543167136e-21,0.0037986753062424607,1.3018722044229248e-16,3.050271259961074e-26,0.9962013246937558,5.571998697882502e-43
2020-04-07,1.8982335194617033e-21,0.0008927147826776828,7.356941776483887e-12,4.8768837237742615e-27,0.9991072852099656,9.797670346377225e-44
2020-04-08,4.050830408508787e-19,0.0019362627367048575,1.0178880496936431e-17,3.2529722476353895e-24,0.9980637372632937,5.0107341611286664e-42
2020-04-09,2.2126397218511282e-18,0.004410610320008322,4.353154289682667e-18,7.173385860802152e-24,0.9955893896799934,1.533127184764738e-40
2020-04-10,8.913416740139386e-22,0.0022944545322350963,2.3755909604493643e-17,1.5106910559523282e-27,0.9977055454677657,6.400098121872536e-45
2020-04-13,5.251979275586731e-20,0.0007382251927722671,1.233450504291585e-11,4.0333066300952933e-26,0.9992617747948934,1.0731285051578937e-42
2020-04-14,6.811431202777745e-20,0.0004382234768364105,1.4620488301428697e-13,4.838069328363345e-26,0.9995617765230179,7.247625752341915e-43
2020-04-15,1.6606355217245668e-28,0.679904701749237,6.478787095573359e-17,4.3290989333274736e-35,0.3200952982507643,2.6168041905002053e-50
2020-04-16,1.664161107524934e-21,0.01299588868738675,1.9377089230923415e-20,1.3819475046388167e-27,0.9870041113126128,6.365535197321615e-43
2020-04-17,3.94221345468787e-26,0.06509794577308853,9.841106098152688e-14,1.1945091294333905e-32,0.9349020542268119,6.420856348347916e-47
2020-04-20,3.350776935198371e-25,0.018287063849050676,5.323464054530453e-13,7.499056883550812e-32,0.9817129361504161,6.37667315633986e-46
2020-04-21,1.0434764055734557e-23,0.060676060134627875,1.1079066018129916e-19,8.366293656205546e-30,0.9393239398653722,2.0126354913456277e-45
2020-04-22,7.78912342303531e-24,0.001470594422117186,5.1721303726552275e-11,3.70861386389877e-30,0.9985294055261622,7.271551679330639e-44
2020-04-23,4.831189611337451e-30,0.0009294140333153025,3.595833029697974e-07,6.7458953218685695e-37,0.9990702263833808,8.136628940088047e-51
2020-04-24,5.53566213324613e-27,0.00030647351564088554,4.4964179456069636e-08,1.4072614031424895e-34,0.99969348152018,4.004275450321987e-47
2020-04-27,1.9503023203974224e-28,0.0005109438224451309,1.6489222331209025e-09,1.15659584852433e-36,0.9994890545286317,1.1939809252361887e-48
2020-04-28,6.609135191028869e-21,0.05252802959036982,9.38535665271801e-17,1.4266613145922567e-27,0.9474719704096307,5.85733498529185e-41
2020-04-29,8.885173078022344e-19,0.004564708386432896,1.4770710840580733e-16,9.818920643457997e-25,0.9954352916135675,4.624454312250893e-39
2020-04-30,4.180654159888723e-18,0.004653651373508252,2.649006381903966e-14,2.116990718285959e-24,0.995346348626465,2.6325783556588385e-38
2020-05-01,6.77560532614403e-24,0.004091377741179727,4.54597395314708e-13,9.303282626427274e-31,0.9959086222583651,9.437750848615008e-45
2020-05-04,1.4687936199460572e-24,0.0016952295457815362,1.2645278223799914e-15,1.7345184277813212e-32,0.9983047704542174,4.744947371167181e-47
2020-05-05,4.6801588684818925e-18,0.004337638493284538,2.766679125258656e-17,6.104959363161664e-29,0.9956623615067147,2.4883129451818885e-44
2020-05-06,1.4382192881286587e-27,0.004709936281299607,2.1144909036764118e-08,6.027572104926806e-39,0.9952900425737914,3.2155390795603098e-55
2020-05-07,1.0336237024077982e-18,0.022621963538427006,1.5843627395827246e-11,4.727410257270133e-31,0.977378036445729,2.7501042591305035e-46
2020-05-08,2.978902000871894e-20,0.0021179406950929524,1.1685285280568028e-09,1.378339840390734e-32,0.9978820581363802,8.264247953597958e-48
2020-05-11,2.0750962961951705e-23,0.0018034160291655861,1.48567371673735e-05,3.247633592814375e-35,0.998181727233668,3.435487862301255e-52
2020-05-12,5.152829503372013e-27,0.0017066420376664697,1.4506742521205702e-09,4.579192403532796e-39,0.9982933565116596,1.0467780060776765e-57
2020-05-13,2.328707490738064e-29,0.0013430208231262235,0.00027969450239677905,6.574680541552295e-42,0.9983772846744765,4.771717952474522e-61
2020-05-14,1.7226115184363416e-22,0.008442362962958031,4.332580682716929e-11,4.124683992074597e-35,0.9915576369937171,4.619393651011912e-54
2020-05-15,6.426486289362651e-23,0.013049701322844463,3.304758117988148e-16,5.130370096043026e-35,0.9869502986771562,5.235727248149906e-55
2020-05-18,6.672841488200586e-19,0.05332530454254518,1.0489923043965675e-17,1.4591444257563546e-32,0.9466746954574565,1.652477505644881e-52
2020-05-19,1.7075698448058056e-20,0.0666912292624582,3.8751627318708085e-16,4.3451908055514894e-35,0.9333087707375418,1.9199865589242998e-56
2020-05-20,5.894495249178269e-23,0.057761335035576504,1.3960714638340728e-17,2.120445199903466e-37,0.9422386649644235,6.463838022781643e-59
2020-05-21,1.1118682945105947e-25,0.18556970827780575,7.139378873657947e-14,9.477751685269936e-40,0.8144302917221216,8.363453824540813e-62
2020-05-22,1.943035136872247e-22,0.1671965140274319,1.8310297863489087e-23,5.271138414576856e-34,0.8328034859725665,8.905088502321298e-57
2020-05-25,1.413235043143885e-27,0.07890733203512201,5.23145796351498e-19,2.1974481893995427e-41,0.9210926679648798,1.0596436190731502e-67
2020-05-26,1.4113190656365687e-23,0.05097774866997012,1.1074672734969224e-16,1.7188509958363957e-37,0.9490222513300297,9.53964815361026e-65
2020-05-27,4.201735259731725e-23,0.026223692250225666,9.497084894060872e-19,3.97310841085215e-37,0.9737763077497733,2.162118660695943e-64
2020-05-28,1.0271640977614113e-20,0.00979721552573025,9.046647329325513e-20,1.432316721683026e-35,0.9902027844742685,3.949324385274308e-62
2020-05-29,6.232237537227035e-25,0.00373041816469621,2.7074105602496226e-13,5.131024237494211e-41,0.9962695818350342,1.27876214030441e-67
2020-06-01,1.1716604176395466e-27,0.0026320186131748875,1.578057201953859e-11,1.4998432486210746e-42,0.9973679813710432,2.8297966758487574e-69
2020-06-02,2.724345791526576e-21,0.0012205109252052745,1.7483256414056088e-18,1.0842919176190042e-36,0.9987794890747964,5.174845282360533e-62
2020-06-03,8.819372325390006e-23,0.0006051998903455831,4.322138837667528e-16,5.071678103341192e-38,0.9993948001096545,4.6873782756402755e-64
2020-06-04,9.332383835720727e-28,1.0,1.0673873443780654e-84,2.488894658109963e-43,4.807668793246597e-19,9.753726488563469e-67
2020-06-05,0.9999543135111679,4.5676118855825146e-05,3.465084090611842e-80,1.4441833005084787e-12,1.036853351481086e-08,9.119862216286441e-36
2020-06-08,0.9942503526357164,0.005749647322260865,4.726080076680331e-94,4.1466155973190376e-11,5.549359005233323e-13,4.7800406166748775e-35
2020-06-09,0.9997002629085195,0.00029970280166770596,3.302479173368862e-105,3.4289807347626013e-08,4.003180759709254e-15,4.156461261046877e-34
2020-06-10,1.9849662902905668e-79,1.0,1.6263697376349332e-43,1.5595162448093393e-91,8.982835455984296e-21,5.693632184779481e-127
2020-06-11,4.848559476163003e-44,0.9885406818331209,2.2202223418090883e-22,8.472067974915728e-51,0.011459318166879761,1.2902754837519712e-83
2020-06-12,1.827807306305929e-55,0.9996964763728662,9.059564920271347e-21,1.6648588275537956e-63,0.00030352362713437144,9.001770358633351e-97
2020-06-15,3.561323227941292e-46,0.6985325323513066,2.421873828188691e-11,2.6021167063481592e-54,0.30146746762447285,9.096074795417575e-88
2020-06-16,5.442660754673136e-54,0.0013023455315726202,0.023905943782766885,5.546169206973648e-63,0.97479171068566,3.6646606731693767e-96
2020-06-17,7.845720297529277e-57,0.0017185414496769063,0.18449900914988163,4.613398812321738e-66,0.8137824494004404,4.484000117674523e-98
2020-06-18,3.9047163253055653e-57,0.0014596950241202867,0.06470037526099773,3.98357760832631e-67,0.933839929714882,6.140012365980522e-99
2020-06-19,1.506971703851509e-47,0.005846828266669489,0.23731315987298876,4.3687129966955935e-58,0.7568400118603414,1.9673187627610426e-88
2020-06-22,5.74620553343983e-47,0.00024534980707126617,0.22631702709465354,8.159865803342001e-57,0.7734376230982758,5.538208023952686e-88
2020-06-23,4.1963096492280795e-55,0.0006657458665788232,0.7898190994205088,1.1484180938504904e-65,0.2095151547129107,3.074982304544409e-97
2020-06-24,6.418605976702428e-58,0.00014995405618032373,0.9247032982914528,1.913258519191006e-68,0.07514674765236613,6.52928648357899e-101
2020-06-25,1.6465023830447342e-54,0.00045641774805784053,0.7449331890001448,8.077587134525769e-66,0.25461039325179613,1.7014594528768875e-96
2020-06-26,4.6895086682228655e-54,0.0013484948550797648,0.34967452114568964,2.662106305528597e-65,0.6489769839992311,1.4724280835973326e-95
2020-06-29,1.8798615342058001e-47,0.0004999547275444436,0.7171779484065722,7.42898350465164e-60,0.28232209686588317,1.0318590911933246e-88
2020-06-30,6.570319759486054e-55,0.0015449883063974148,0.9038286445124841,2.025226411857968e-67,0.09462636718112008,8.913976028331358e-96
2020-07-01,2.2979066953843224e-54,0.00033158968716486486,0.9313174860851698,4.852357596278074e-67,0.06835092422766478,6.728419397131682e-96
2020-07-02,2.5512980644416876e-57,0.0032049512538604745,0.8916416546751693,3.0251427467482097e-70,0.1051533940709708,3.1500305513365535e-100
2020-07-03,8.031394124801548e-50,0.0014280281130769669,0.8971629421689504,6.621442197696119e-63,0.10140902971797203,3.409591189302236e-92
2020-07-06,8.224834073885884e-49,1.3493234137526652e-05,0.9929607329945129,4.8509929580689143e-63,0.0070257737713495085,3.8864284643533286e-92
2020-07-07,1.8845277914729015e-49,8.710899439521848e-06,0.996894106986509,3.1016006376256863e-66,0.0030971821140522364,7.684662983133243e-95
2020-07-08,2.8983169643203564e-51,9.150984978132682e-06,0.9965799370904291,3.1818786641273955e-69,0.0034109119245926225,1.493807163108093e-100
2020-07-09,3.250249557652139e-45,1.5065702121971705e-05,0.9866113683580285,1.2708162408279038e-63,0.013373565939848652,3.9756750286219296e-94
2020-07-10,4.836573221617409e-53,2.1639678881064355e-05,0.9966095178183426,6.913102963365268e-72,0.00336884250277663,5.112837312833825e-104
2020-07-13,6.511355748116011e-45,0.0020808813468105574,0.7104850196335285,6.140304288173806e-63,0.2874340990196596,1.6145473272072514e-93
2020-07-14,1.1720393509645245e-47,0.0007792348157565398,0.8737740763560822,2.705599689175543e-66,0.1254466888281602,3.344081285820991e-96
2020-07-15,3.035297350885055e-57,0.007552007249396805,0.9259075863175188,2.1503915388918944e-76,0.06654040643308573,4.360913038225269e-107
2020-07-16,1.8371504488848877e-46,0.021938425480611264,0.49775663022316774,1.3506162303852694e-65,0.48030494429621945,9.563440616860318e-96
2020-07-17,2.906200473428868e-49,0.0003668568407513947,0.9315545696921228,2.8533671319798895e-68,0.06807857346712574,4.925301808005778e-98
2020-07-20,1.6163610626876053e-49,9.929967395135508e-06,0.9938537871906857,5.448018968633571e-69,0.006136282841918545,1.4247321247714347e-98
2020-07-21,3.554712696274408e-57,3.257013038883504e-05,0.9977617370653371,2.3843535432605504e-78,0.002205692804274231,2.3649481972524885e-108
2020-07-22,9.319506176418543e-54,1.0004650724705485e-06,0.9996814770571738,2.2153599173717705e-75,0.0003175224777529229,5.203151008450651e-105
2020-07-23,1.0751123189032845e-44,0.0009745031874088912,0.7541254584256116,7.929606968175364e-65,0.24490003838697882,7.79507458755277e-95
2020-07-24,1.9302719900052747e-57,8.036582750304115e-05,0.999139533762458,7.032987531704853e-78,0.0007801004100398255,2.0214384863387934e-108
2020-07-27,3.2822122543024097e-60,2.216677306337326e-05,0.9993246759783055,3.908031763237823e-80,0.0006531572486308583,1.590385119022438e-111
2020-07-28,1.2694150913231043e-53,0.0017216724993709416,0.9260731844685809,3.4446398938863265e-74,0.07220514303204727,4.502408427228906e-106
2020-07-29,2.448301401379179e-52,1.2183893793655582e-05,0.9991216751521984,4.771763843294418e-73,0.0008661409540077858,2.120985359964734e-104
2020-07-30,5.469062887796222e-47,3.4763627050054674e-05,0.9937824232451282,3.3839866418460735e-67,0.006182813127821902,8.760514581899754e-99
2020-07-31,6.995765704147847e-50,6.4695504038952525e-06,0.9977748627897667,3.8670032831193313e-70,0.0022186676598297305,3.2245747067694013e-102
2020-08-03,5.215705696289661e-45,4.234867730008296e-05,0.9768993231358862,3.7039559500733037e-65,0.02305832818681398,5.485487769758138e-97
2020-08-04,3.0942854613503823e-51,0.0020556686390198298,0.9858066666046663,2.681189602991893e-71,0.012137664756314484,3.2619255567430793e-103
2020-08-05,2.3732194174634355e-52,0.00020353743116415673,0.9970018995752583,1.5419842899479586e-72,0.002794562993577448,7.028391066176565e-104
2020-08-06,1.012520958564443e-55,3.197962141039583e-05,0.999401827069289,3.5175483758285893e-76,0.0005661933093005932,1.878036674803719e-107
2020-08-07,7.713563061626261e-56,2.4150885838042948e-05,0.9997662883962228,2.065048789802195e-77,0.00020956071793867175,1.209574379929573e-109
2020-08-10,6.053823428854719e-49,2.6031365548502352e-05,0.9997906471351329,1.1528856240290206e-71,0.0001833214993186788,1.074634174738484e-103
2020-08-11,2.625883486596131e-61,1.0265965274941822e-06,0.9999982748580146,1.0958242637460349e-85,6.985454571643991e-07,6.880513946619612e-119
2020-08-12,5.977519451181243e-58,7.101828581821708e-08,0.9999992293517547,2.7884534494279527e-82,6.996299594675594e-07,4.467742735256865e-115
2020-08-13,9.325229320442801e-49,8.700637326684413e-07,0.9999937303662072,2.6194447067346237e-73,5.3995700595789714e-06,4.766670561927934e-106
2020-08-14,9.253816140908075e-53,9.849175060238359e-08,0.99999812644492,4.586146705203888e-78,1.7750633291639776e-06,6.383085362873034e-111
2020-08-17,4.2842941729943656e-60,1.6382529927143684e-05,0.9999627432337994,5.21050905706306e-85,2.0874236273126495e-05,3.626265595555458e-118
2020-08-18,7.216218024158072e-51,1.4359790610788432e-05,0.9999664263433736,2.707978086105311e-75,1.9213866015605816e-05,6.42082385348111e-107
2020-08-19,3.0749370179147234e-53,4.819839849583108e-07,0.9999954486479664,1.4566872949336574e-77,4.069368048407872e-06,3.7631786890035736e-109
2020-08-20,1.4636039612985106e-47,1.4799031039221092e-06,0.9999788801243977,1.857694383037657e-72,1.9639972499145703e-05,2.039313111321393e-103
2020-08-21,1.4541958146897919e-49,1.0614237628559659e-06,0.9999796779366485,6.908183381336114e-75,1.926063958919746e-05,7.872532330023884e-106
2020-08-24,2.5209870653625296e-62,6.295860721527721e-06,0.9999929836138381,2.3172494258932312e-88,7.205254400481759e-07,4.876459616879295e-122
2020-08-25,4.73229208530911e-59,6.762184669701361e-08,0.9999998485788265,1.2300700792810067e-85,8.379932593445782e-08,3.461415195611527e-119
2020-08-26,5.056194377531743e-58,4.779263766631361e-08,0.9999998286497793,1.7804827320655781e-84,1.235575825520832e-07,1.443839346265525e-117
2020-08-27,2.1890438177474747e-50,4.343445719829928e-07,0.9999538895744821,1.781173275390956e-77,4.567608094586325e-05,2.4646969940095468e-108
2020-08-28,1.482650374088086e-52,3.2981419363788053e-07,0.9999626601985594,8.904769538740293e-81,3.7009987247171916e-05,1.129928793818999e-110
2020-08-31,4.864677097240658e-51,4.944089608701285e-08,0.9999999382155923,1.0510408967626365e-85,1.2343511923465853e-08,5.5852594240127325e-121
2020-09-01,3.121420274332159e-52,5.329663991293037e-07,0.9999796402035165,1.2018391053765176e-91,1.982683008353173e-05,6.379644302493186e-122
2020-09-02,1.5893792951335533e-55,2.7455857462111836e-07,0.9999944562690884,3.147702752320063e-95,5.2691723370119925e-06,1.0364141659532822e-125
2020-09-03,3.633765387407723e-59,4.556253053366494e-07,0.999995897941514,6.645463241091855e-99,3.6464331812364013e-06,1.1103912175686368e-129
2020-09-04,3.424367611158308e-58,4.763538344055466e-08,0.9999986745981645,8.062862342430146e-98,1.2777664528355323e-06,1.1765728630436286e-128
2020-09-07,1.2710965841948092e-52,9.973359631564026e-06,0.9999409500600319,1.330914005989511e-92,4.9076580337272035e-05,2.5636679776469106e-122
2020-09-08,5.46346786483069e-49,0.00014603243141144087,0.9989692914650989,5.857358878936493e-88,0.0008846761034900834,1.9010565157401198e-118
2020-09-09,8.043711180319806e-44,0.00013104389346224504,0.9989106260875914,6.812101974084314e-83,0.0009583300189464202,1.1111244457797123e-113
2020-09-10,1.2827224012557839e-54,0.002997695467217002,0.9967092806949306,4.6600492051065096e-95,0.00029302383785200187,1.0561888583920968e-126
2020-09-11,3.6082647555669594e-47,0.0005204132649461577,0.9975710917338048,5.699887322979354e-88,0.0019084950012484155,1.1910339137090922e-119
2020-09-14,1.215621029463563e-56,7.342719494131446e-05,0.9998817696961902,1.442586736212218e-97,4.480310887006936e-05,2.4433859687531993e-130
2020-09-15,6.798966653346863e-49,2.3357160936189322e-05,0.9999371990469549,9.407304987619578e-90,3.944379210939193e-05,1.3793751073776734e-122
2020-09-16,3.416314484766074e-60,0.00011566551501540025,0.9998758168722855,1.839641958853341e-101,8.517612699289296e-06,7.93184227207143e-135
2020-09-17,1.5759909394993105e-48,0.0018117827092919894,0.9978503684444741,4.403483735265832e-90,0.0003378488462330971,8.225172781569095e-124
2020-09-18,3.3354633247396135e-57,4.790834097104916e-05,0.9999487910298841,6.5922541926655996e-99,3.3006291456392845e-06,6.029825213337953e-133
2020-09-21,5.9373509849398985e-56,2.4034346055843443e-05,0.9999622072680342,4.596612626957903e-97,1.3758385909985414e-05,1.1099387027223164e-131
2020-09-22,4.431661605955403e-48,0.0033948949450084242,0.9947393868408492,6.723474067359526e-90,0.0018657182141437292,6.121735206985496e-125
2020-09-23,5.847792721229009e-53,1.2859618930700216e-05,0.9999732589198413,2.2060700525559594e-95,1.3881461227598326e-05,4.826566434354673e-130
2020-09-24,1.7852403152732768e-51,8.188161464750609e-06,0.9999765014601957,1.681691369166319e-94,1.5310378340488523e-05,3.058857559444753e-128
2020-09-25,1.0717563230561248e-52,9.153402442081464e-05,0.999744848841373,3.6825270104826685e-96,0.00016361713420725744,1.157109288630888e-129
2020-09-28,3.3546812146485825e-44,0.00096136170850873,0.9988543213217894,5.861580664171855e-87,0.00018431696970113833,5.129626769648945e-119
2020-09-29,1.8442011960919168e-55,6.051343790881512e-05,0.999933710457624,3.3132467939157905e-98,5.7761044679732365e-06,4.419526995674908e-131
2020-09-30,9.424991841540236e-50,7.745479976975691e-05,0.9998697037399756,2.7731824678053563e-92,5.2841460254660804e-05,6.425436618441639e-125
2020-10-01,3.6736163528867777e-44,0.0005962462264930906,0.9987575233680754,1.9098672432819686e-86,0.0006462304054312553,2.253311237971157e-117
2020-10-02,5.024856260107567e-48,3.840330566714327e-05,0.9999011333323362,3.9972879912038975e-90,6.046336199643488e-05,1.4671633231335365e-121
2020-10-05,1.9789300466311385e-54,8.392079036929835e-06,0.9999790964275391,4.307902413518197e-97,1.2511493424740078e-05,3.379425459215852e-130
2020-10-06,1.4947798626979224e-51,1.6687961455483754e-06,0.9999936090088873,5.389023293403119e-94,4.7221949668373785e-06,7.378117196441247e-128
2020-10-07,1.5319062001315276e-59,7.215616470632562e-06,0.9999917543280643,1.6796889450776382e-102,1.0300554645173833e-06,1.7502412786360916e-137
2020-10-08,3.512012579050591e-52,2.3376097724934278e-06,0.9999955068660276,6.9987709731678764e-96,2.155524200649674e-06,1.7411034061520545e-130
2020-10-09,6.746371260857286e-53,3.0244362420956514e-06,0.9999945035373224,7.324616282171724e-97,2.4720264349929595e-06,8.569797995395551e-132
2020-10-12,8.088786629494563e-47,2.9727345241740153e-05,0.9999050892166341,4.633959562711532e-91,6.518343812256838e-05,2.0709159590262402e-125
2020-10-13,8.66124476267278e-44,0.0005471180005513658,0.9975303453397971,9.58528916882903e-87,0.0019225366596502405,3.1078863499107304e-118
2020-10-14,1.7232359591478808e-57,3.494960653598784e-05,0.9999633695917975,1.5490742646576942e-100,1.6808016664821423e-06,4.7082747661657336e-133
2020-10-15,1.2508847176320208e-57,6.482880537769477e-05,0.9999171578044067,2.629843433337418e-100,1.8013390215413467e-05,2.207986761119023e-133
2020-10-16,2.498076416402448e-53,2.2114811806314746e-05,0.9999686464932573,1.1605279720901805e-96,9.2386949362961e-06,4.017390295033322e-129
2020-10-19,8.728818070933025e-51,1.4017499090112195e-05,0.9999789525071231,4.251623783341249e-95,7.029993786647524e-06,6.352964915306348e-127
2020-10-20,9.045315050218133e-54,4.669594286100243e-06,0.9999808604356027,2.95659786814969e-97,1.4469970111278845e-05,2.252868805028238e-130
2020-10-21,1.9752316094542665e-50,1.1373248823385463e-06,0.999985069666706,1.6133186839830992e-93,1.379300841081104e-05,2.8993670113581685e-126
2020-10-22,3.4581497806064545e-52,6.563273979965365e-07,0.999989994884845,9.930078668802602e-97,9.3487877561782e-06,6.87374656161015e-129
2020-10-23,2.847330364048184e-42,0.0030194027418424664,0.9567123630767196,5.76173531044424e-87,0.04026823418143625,8.739852592385275e-120
2020-10-26,2.513131601096812e-53,4.605371285031474e-05,0.9999318108214363,1.5768931566830778e-98,2.213546571161703e-05,2.551200663273559e-133
2020-10-27,2.0067283858483405e-59,3.4791882391724376e-06,0.9999953745621842,3.989638697080827e-106,1.1462495756663154e-06,2.5158410815000148e-141
2020-10-28,1.0077460729109033e-54,1.3786226767089657e-05,0.9999742970850671,2.805644054620671e-101,1.1916688165650982e-05,4.9506115397276845e-136
2020-10-29,1.787859590844887e-50,7.2768116989484146e-06,0.9999854005222888,5.671754818313949e-97,7.322666011889871e-06,1.021591708529554e-131
2020-10-30,9.533084621572662e-57,2.171092180547316e-06,0.9999964347087537,6.105156745157724e-103,1.394199066656914e-06,2.322274181612499e-138
2020-11-02,2.344843504333009e-52,0.010594084491367992,0.9893077797037745,6.448692120066955e-95,9.813580485892871e-05,1.9445468008909092e-131
2020-11-03,1.9642964928274188e-50,0.07856571600195754,0.9210539358989613,1.1829807390475575e-90,0.0003803480990805068,1.6146845123625477e-127
2020-11-04,4.362816372707423e-46,0.005150706453895583,0.9933533800427529,3.356385424382857e-85,0.0014959135033526406,2.7112452477509354e-121
2020-11-05,2.7659043733041334e-41,0.0551128300111592,0.935543180226369,6.550454832882218e-81,0.009343989762472948,1.521018306287185e-116
2020-11-06,4.660809895198267e-52,0.040667096181441396,0.9589015586355328,8.104979189454284e-92,0.0004313451830259729,1.3473392658758136e-128
2020-11-09,7.383331016365629e-57,4.45778005677855e-05,0.9999513728460473,3.284374940511123e-96,4.0493533852264775e-06,6.4573244050625885e-134
2020-11-10,8.52532701175627e-55,7.592368690584938e-07,0.9999927954485844,1.4533310555363452e-94,6.445314547156504e-06,7.708295775367232e-132
2020-11-11,4.0704049700201596e-56,2.1439723767304716e-07,0.9999980595845536,3.911157390180742e-96,1.7260182095230667e-06,1.5359393913379988e-133
2020-11-12,3.021805817424816e-47,2.8309506219477676e-06,0.9999873704023541,3.40888165668887e-87,9.798647023630666e-06,1.8802816150972047e-123
2020-11-13,3.375672546886797e-55,2.2419281062144515e-07,0.9999986755455885,2.6448894259667038e-95,1.1002616009048736e-06,1.3568751026737625e-131
2020-11-16,1.2049551521374119e-49,1.9374935093595174e-06,0.9999401272062125,1.4915230594976674e-89,5.7935300277490684e-05,1.3875674516962002e-123
2020-11-17,2.445450609142563e-46,8.037684932794261e-07,0.9999461159449128,1.6470704531183923e-86,5.3080286593701455e-05,4.179355135435723e-120
2020-11-18,4.143647101866723e-50,3.988426385488289e-06,0.99988484642974,4.641209562326284e-90,0.00011116514387517921,5.477605578503475e-124
2020-11-19,8.716069290650065e-58,4.708175142265243e-07,0.9999965984485147,9.313959110219277e-98,2.930733970193497e-06,3.1612765821014517e-132
2020-11-20,2.590858670126154e-51,2.9021951256812317e-06,0.9999698647294619,2.8008956935663826e-91,2.7233075411872298e-05,1.0590653829568931e-125
2020-11-23,2.747293988140798e-55,1.3310086026260945e-07,0.9999973587853602,1.2609529899315613e-95,2.5081137787385805e-06,1.9767425405463998e-130
2020-11-24,5.874914368856326e-39,0.9999970921126612,9.234712674602179e-07,1.3049727302484171e-79,1.9844160699175016e-06,1.570201566795676e-112
2020-11-25,2.6784210893999412e-17,0.9567565262945202,2.014634690845294e-15,6.361873469159686e-56,0.04324347370547755,1.887075991133645e-85
2020-11-26,1.846802217302596e-26,0.785474094874402,0.00020945911507587795,7.853420967550149e-65,0.2143164460105237,1.6028086554833966e-94
2020-11-27,2.8807111172006166e-23,0.10023806500816963,8.478685191785403e-09,3.263199389404875e-61,0.8997619265131435,6.611544694756573e-89
2020-11-30,2.1645864649854703e-26,0.07710840415407823,5.30712958075535e-10,4.552604409400497e-65,0.9228915953152085,1.2530401710529768e-93
2020-12-01,1.695088573986355e-25,0.1139313507357703,4.50974683923281e-12,6.720235226781508e-65,0.8860686492597186,2.622390151058929e-93
2020-12-02,3.5407039605068412e-22,0.03022675446124519,8.890639939506269e-11,4.000418488736399e-62,0.969773245449848,1.721526531951561e-88
2020-12-03,3.045335822600016e-21,0.012492430729725525,5.574683064550319e-08,2.106989304162317e-61,0.9875075135234432,1.704479646052212e-87
2020-12-04,1.3831711186178153e-20,0.04364074623301524,3.70077500321453e-16,2.263870507675951e-59,0.956359253766984,3.2388563447942505e-86
2020-12-07,6.463762856542989e-25,0.3228011115899589,2.3670888370439107e-05,9.294543612811514e-64,0.6771752175216691,5.353734139147601e-91
2020-12-08,5.388083645319985e-28,0.36814483058203157,4.301934757905008e-05,6.148110807121995e-67,0.6318121500703893,3.3481881902482456e-94
2020-12-09,1.5964511397396218e-23,0.16766283437025045,4.0197380307441404e-07,1.8317667921989999e-62,0.8323367636559448,1.0429980552971453e-89
2020-12-10,7.713648857455203e-21,0.990265748865478,1.8060427991701012e-16,8.695608853229639e-60,0.009734251134521168,1.4482400275224151e-83
2020-12-11,1.5598854283030732e-18,0.9034410418669087,8.190621553920635e-14,3.3512704978781964e-57,0.09655895813300985,4.273769290846811e-81
2020-12-14,1.5787162780572962e-21,0.1756912324933356,2.0023251324504596e-08,1.1440509962893557e-59,0.8243087474834114,1.4720205108218153e-82
2020-12-15,1.595387523704525e-17,0.9897974174647393,2.1125105252368e-14,5.324122499337212e-55,0.010202582535239944,1.0023764653798108e-79
2020-12-16,1.973914808079654e-16,0.9995313241937416,1.5323200611917513e-20,5.908070347605112e-55,0.0004686758062597832,2.8906699874631922e-77
2020-12-17,2.3676718263209733e-22,0.5831398441750099,5.3268801504719135e-12,5.751881367952429e-59,0.4168601558196625,1.307183605541122e-81
2020-12-18,1.0759061794482395e-35,1.0,4.4057165787603284e-71,1.9653585192306487e-76,4.640036310902236e-23,4.1304276525242674e-99
2020-12-21,0.9999999978243643,2.1756340012031097e-09,8.608459744574057e-121,3.4911896679040937e-42,1.1578489150283063e-32,4.336434355430672e-52
2020-12-22,0.9999999807868714,1.9213127368962842e-08,1.8697775011432797e-134,1.4394384073080638e-36,5.122879222190894e-33,7.259363368717509e-39
2020-12-23,0.9999999998651887,1.3480997788093128e-10,2.0610292759990042e-128,1.979290017932914e-36,1.0072771177540645e-30,6.108040753428752e-39
2020-12-24,0.9999999336281449,6.637185638019026e-08,3.840303230376665e-126,8.914821678403334e-33,7.266339110031616e-30,1.178210703631429e-34
2020-12-25,0.9999999688158465,3.1184152070685785e-08,8.788140953728196e-127,3.9412632751528676e-33,4.591451716005846e-34,1.7561560658281217e-37
2020-12-28,0.9999883951977518,1.160480224663572e-05,9.771183760697851e-105,2.996925909057289e-29,5.640233083665742e-25,1.45374775107769e-32
2020-12-29,0.9999999973390175,2.6609813755011164e-09,1.0868536895496658e-118,2.879304702391809e-22,1.077183197299284e-24,1.9703059865037964e-27
2020-12-30,0.9999991786234899,8.21376510425213e-07,1.6525466341195888e-103,2.4318459700813783e-21,1.5374859268314398e-21,4.962420012386962e-26
2020-12-31,0.9999997696583004,2.3034169940244653e-07,1.1046698565464007e-96,7.202868886660979e-19,2.678498354275276e-18,2.3579262969762213e-24
2021-01-01,0.9999999994399644,5.600370954616765e-10,3.197190681940561e-106,1.5211219163134495e-18,2.0607128606640878e-19,1.2935335912972525e-24
2021-01-04,0.9999292745678521,7.072543206814348e-05,1.3402449801582452e-78,9.265198300303387e-17,8.124634336508199e-14,1.2515209119585856e-22
2021-01-05,0.9992694716982463,0.0007305252938868698,2.945020244007636e-58,6.942835292146675e-17,3.007868330816905e-09,7.745845733123987e-23
2021-01-06,0.9999999999999964,3.728196839283722e-15,1.4215293255617523e-178,2.729520828800521e-19,9.529487099135956e-40,1.4355706381278638e-19
2021-01-07,0.9999999848875697,1.5112429802884076e-08,1.0867019526185694e-132,1.338198863908797e-15,1.0967750720617697e-30,2.240286829958961e-18
2021-01-08,0.9999999957168804,4.283121142559835e-09,5.18772256696309e-142,4.8597040550285615e-17,7.800299987052752e-33,1.2769837869320123e-17
2021-01-11,0.999999999015877,9.841238164887901e-10,1.96838584511468e-137,6.141726710594747e-17,3.3915531816557543e-31,1.056046388390229e-16
2021-01-12,0.9999999999839346,1.6049811429089166e-11,2.964020175002675e-158,6.450730186872963e-16,1.0946020054371406e-34,1.548174130395318e-14
2021-01-13,0.9999999999792344,2.0694717110754494e-17,1.914372752707022e-163,2.0101723004248445e-11,9.062031134158227e-32,6.623357845905611e-13
2021-01-14,0.9999996784846258,3.211514404568858e-07,7.250986827318446e-99,1.175348557756817e-10,8.06819842833152e-19,2.463977525908056e-10
2021-01-15,0.9999024724325645,9.752700987019937e-05,9.879159072135966e-75,3.4284088781943637e-10,7.64582055768575e-14,2.1464673355760808e-10
2021-01-18,0.9999999223838744,7.364627592103577e-08,4.156151154679487e-106,6.861074488659015e-10,1.5103048085926405e-19,3.2837435201078507e-09
2021-01-19,0.9999994027446106,1.1285730809952817e-14,1.4544489389116694e-151,1.2100673140717977e-10,1.0227347072068745e-29,5.971343730258811e-07
2021-01-20,0.9999482488266156,5.16017007100275e-08,1.8710166761012868e-88,3.1852519306925703e-09,1.2847759174672814e-14,5.169638641928661e-05
2021-01-21,0.9999493085108536,2.2779473091840607e-07,1.5568322466605518e-83,5.26113646596998e-09,2.505100723732326e-13,5.045843302766075e-05
2021-01-22,0.9999473356529899,2.3644170631054955e-09,5.557968602964752e-106,1.8295551488867967e-08,5.03434968814269e-17,5.264368704024822e-05
2021-01-25,0.999997028987207,8.031508880121294e-10,9.669984913476503e-111,1.0857193894609328e-07,1.0460075978756883e-19,2.861637701992884e-06
2021-01-26,0.999939413083913,5.532611449666501e-08,2.6518584715437938e-80,3.708774361488463e-08,1.6459856489254115e-11,6.049448576993441e-05
2021-01-27,0.9999044384385603,2.073680966248175e-05,2.891648146901985e-78,1.5416691415874523e-06,9.342880669057085e-13,7.328308170001621e-05
2021-01-28,0.9999347737058328,2.3299535482023504e-06,6.406173702638977e-78,3.666119570482558e-06,3.984400221740549e-12,5.9230217064170085e-05
2021-01-29,0.9998650906899732,1.7080923589388513e-06,4.860080594081011e-87,8.308167796370564e-05,1.0194337279920317e-13,5.0119539602856395e-05
2021-02-01,0.9981892928842866,2.962736488393288e-07,2.1448167997354173e-110,2.7684518562635277e-06,2.447979563546046e-20,0.0018076423902094335
2021-02-02,0.9963272439631928,9.938276572283922e-13,1.6199583469796779e-134,1.5947604204037453e-07,2.3150682628296252e-24,0.003672596559772789
2021-02-03,0.989009088766126,9.262299925361005e-13,2.1243484765117273e-117,6.719392453899038e-07,4.638462604155296e-18,0.010990239293701982
2021-02-04,0.9744601455853491,1.6762963773170498e-06,1.8623465644470853e-84,9.292140305082561e-07,9.790442855771392e-13,0.02553724890326568
2021-02-05,0.9986182884656463,1.0298696526667464e-13,2.7204773361237272e-192,0.001262278913343142,1.106810220879206e-38,0.00011943262090667977
2021-02-08,0.676595106993411,2.0166888606653547e-11,2.8498341463642923e-140,0.3232624159158869,1.0914441026063578e-24,0.00014247707053401885
2021-02-09,0.9883865430519803,3.022046357855573e-08,9.737428751951921e-148,0.004043207557501026,6.386776900431913e-29,0.00757021917005399
2021-02-10,0.9767329902919212,3.4113117069366576e-12,2.9453824061911258e-179,0.022778798126666513,3.237399987729434e-34,0.0004882115780022061
2021-02-11,0.9943964622078227,3.1683608934813045e-14,1.4247934212702797e-189,0.004643850663827733,6.948627825526907e-37,0.0009596871283185285
2021-02-12,0.7307797404216929,2.7410049054856473e-14,5.8900994703308734e-205,2.726091384158425e-06,7.962071440983301e-43,0.2692175334868924
2021-02-15,0.33444235572822134,1.0093935842983307e-18,4.734078806507141e-200,1.3648159925170817e-06,7.082511158228382e-38,0.6655562794557854
2021-02-16,0.8276463245133037,1.917978301018937e-07,1.0535230971726487e-139,0.00024287480361213836,1.0636175973634256e-26,0.17211060888525323
2021-02-17,0.22060344766681453,1.5186474583837951e-12,3.93212011776804e-163,3.8677934617572166e-05,5.842594260446163e-31,0.7793578743970497
2021-02-18,0.08935157429679191,7.479765817785296e-12,3.87073567345047e-145,1.1970725648182488e-05,2.6784213166497745e-27,0.9106364549700818
2021-02-19,0.011491808122990091,1.0390480978640157e-07,3.840903648365577e-74,2.133850913743106e-05,7.19627542292292e-13,0.9884867494623447
2021-02-22,0.06103301463699673,1.5632137014882712e-11,6.41133032949338e-102,0.0006567075691139559,6.789457940552014e-18,0.9383102777782558
2021-02-23,0.18826869940521224,3.860611996285124e-07,3.1865435675279033e-71,0.004454721606295103,5.863347690953162e-11,0.8072761928686611
2021-02-24,0.020295887631931187,1.262209424452247e-10,3.00402094833062e-96,5.5743261603895655e-05,2.068329592384989e-17,0.9796483689802451
2021-02-25,0.03405364044945777,8.972117560141162e-10,1.159497179385203e-83,3.4278005796547954e-05,2.339738869082599e-13,0.9659120806473002
2021-02-26,0.0006340589486979422,1.7150532998618573e-12,3.260232188327745e-111,3.909863478273452e-09,1.2756292698953108e-21,0.9993659371397251
2021-03-01,0.006140099652907309,1.2434411431553084e-08,2.5612495873842814e-94,1.7687803548050241e-07,5.4002177255065294e-17,0.9938597110346471
2021-03-02,5.103453359753002e-05,7.769589360281211e-16,1.9354013042727753e-132,1.1213319297452252e-10,5.69023132798278e-25,0.9999489653542681
2021-03-03,6.156033630519421e-05,2.3812438445303737e-11,1.923264246825579e-102,7.86463197954675e-12,5.194025059038721e-21,0.9999384396320173
2021-03-04,0.001335093585337529,3.056323346884407e-10,3.1018498023784514e-102,9.046915284082966e-10,2.0620059114989376e-19,0.9986649052043401
2021-03-05,3.021092359287125e-72,1.0,5.95241696105641e-40,2.220244304081872e-81,1.4228659570110138e-15,2.772710460134788e-76
2021-03-08,2.1250861630954296e-47,0.9851480934919274,6.008221799312835e-31,2.5221203939007933e-53,0.014851906508073196,3.4519230601585037e-47
2021-03-09,5.124744572671343e-40,0.2856911669624639,3.1365976272276314e-19,6.2157781191808515e-46,0.7143088330375366,1.5715412279518014e-39
2021-03-10,4.38467140103173e-52,0.012906703418310848,2.9793211928817133e-10,2.5395869837576384e-58,0.9870932962837561,2.2862190541959522e-52
2021-03-11,1.5345376117506844e-43,0.001566585229400745,1.0767191638309624e-08,1.3793702694816547e-50,0.9984334040034059,3.069279683096168e-43
2021-03-12,3.2025747831856755e-50,0.0005259840309710443,0.00025302722952747343,2.233964917890215e-58,0.9992209887395018,1.9792568223754588e-51
2021-03-15,1.889408160322876e-46,0.00027647158207973107,1.600770365452713e-05,1.6221393243603487e-54,0.9997075207142649,5.4149020998266666e-48
2021-03-16,1.1179967853865696e-50,0.0006351778906843204,5.8683685744859247e-05,4.679362643014503e-59,0.9993061384235721,1.5466214298524716e-53
2021-03-17,2.7846906168819504e-43,0.0004622251850819948,5.803964598995957e-06,3.772339102068899e-52,0.9995319708503175,9.783421111608258e-46
2021-03-18,5.59110220975403e-40,4.325111018299065e-05,0.00021054307727408296,1.737985178869879e-48,0.9997462058125434,3.454187241335376e-42
2021-03-19,9.281728076013267e-52,0.0017931155343330616,0.004951960511933298,8.296364467054393e-61,0.9932549239537334,4.9095974939721314e-55
2021-03-22,2.6111309739274755e-41,0.0004384007471213963,0.00019850357045081958,7.621301039774189e-51,0.9993630956824278,3.677266215425049e-44
2021-03-23,7.88072408648377e-50,0.0006774723137248075,0.0006735590452656435,3.3810008545082284e-59,0.9986489686410083,5.552592744353508e-53
2021-03-24,6.070985281759247e-46,7.377785525240169e-05,0.009972421692288362,1.765080556248733e-55,0.9899538004524588,3.554261066724373e-49
2021-03-25,5.633616686185041e-44,3.935496298343913e-05,0.006340175313519971,4.957362410820633e-53,0.9936204697234982,9.579257553028216e-47
2021-03-26,5.616652332409909e-53,0.0001460103147473933,0.5676073173002751,6.231106188079919e-63,0.4322466723849763,1.973024341399485e-57
2021-03-29,2.0274554699365743e-48,8.992643317987384e-05,0.003537176976540515,1.7255263754725228e-58,0.9963728965902791,4.542726698132951e-52
2021-03-30,2.4924019509562475e-55,0.00017818718159978445,0.33012005479032264,2.789787358533352e-65,0.669701758028078,1.7208267035198044e-60
2021-03-31,7.455985546692845e-48,1.9045717144719715e-05,0.9262583248825847,1.5446041765957968e-59,0.0737226294002695,1.991141505718849e-55
2021-04-01,1.1158636341145804e-51,2.458220874121077e-06,0.9786836929381145,3.2119573819977044e-64,0.021313848841011257,1.3272959861800465e-60
2021-04-02,3.800213061788262e-44,1.2104474835642654e-05,0.8033312079370123,9.975796597619941e-57,0.1966566875881524,7.468480741065873e-53
2021-04-05,9.074526686341305e-55,4.199178574594813e-06,0.9933305306455302,8.752101860231403e-68,0.006665270175894351,1.2774253419374686e-64
2021-04-06,1.802274501226864e-43,9.349116501516623e-05,0.6614364216557967,2.3887920914475169e-57,0.3384700871791884,1.2753782430195142e-52
2021-04-07,5.8563707035735265e-55,0.001052748922247134,0.4246935349013865,3.918259067373252e-69,0.5742537161763653,6.782132142158615e-66
2021-04-08,3.3878404886482713e-47,8.693586146973364e-05,0.3461303557844442,4.398862722131263e-61,0.6537827083540848,2.583560137407386e-57
2021-04-09,5.402848226732927e-53,4.193147599617873e-06,0.9778112250322137,4.9970784970009475e-67,0.02218458182018721,1.4974909708330472e-63
2021-04-12,4.835993727544034e-55,2.3156287890446688e-06,0.9873210013094416,3.032752876119576e-69,0.012676683061768983,3.6215161104346275e-66
2021-04-13,1.1460251659526953e-56,8.660268405516087e-07,0.9982452503133399,2.1278886793579145e-71,0.001753883659818732,5.6501336064469076e-70
2021-04-14,2.7345840732076024e-49,7.121350874358539e-07,0.9983198965540693,2.564517980048431e-64,0.0016793913108426658,3.3491118828723024e-62
2021-04-15,1.901784488022933e-55,4.991064948546104e-07,0.9992064119584293,5.629908945244525e-70,0.0007930889350754892,8.406630275407402e-69
2021-04-16,1.8971085003546418e-49,7.149430913055084e-07,0.9965329321431381,4.4466627395371435e-64,0.00346635291377057,2.995714076682931e-62
2021-04-19,3.604760383536173e-42,2.1705330206847955e-05,0.6914526448544941,4.855717467408828e-56,0.30852564981529884,3.3635003611205863e-53
2021-04-20,6.170146331649906e-55,9.11444385053538e-07,0.9987086383433255,3.908539690265829e-69,0.0012904502122888714,2.901229522333796e-67
2021-04-21,6.415464481212749e-58,3.1186814841735105e-06,0.9943943866795267,5.344014133308812e-72,0.005602494638989318,4.6862991631078255e-71
2021-04-22,4.913949161914918e-55,1.3611346791602093e-05,0.9564582632250382,1.6142970172841989e-68,0.043528125428170604,7.99682936945282e-68
2021-04-23,2.096625810430667e-56,1.7916144962409334e-06,0.9937234643080014,1.7048138207029622e-70,0.006274744077502798,3.328832852508683e-69
2021-04-26,1.3660859554531402e-51,5.898088801229428e-07,0.9977421912090565,5.4328324866361574e-67,0.002257218982063589,3.188309734700262e-66
2021-04-27,5.958558266375876e-47,5.659006209644629e-07,0.9962592966488327,1.7269514753715601e-62,0.0037401374505459644,1.2587906288861318e-62
2021-04-28,1.362946988353734e-54,5.510798469615721e-07,0.9993499572237593,2.0904837880150616e-70,0.0006494916963936617,5.2552575153117134e-71
2021-04-29,1.623736678819072e-55,1.8531571095673866e-06,0.9974296876465928,1.8754808182984175e-71,0.0025684591962974873,2.389548594110461e-72
2021-04-30,7.776891077949894e-48,1.7565616078746987e-05,0.9952199873491075,2.724982788451115e-69,0.00476244703481331,9.135538429232067e-70
2021-05-03,3.5987663734099286e-52,3.9821063317911715e-05,0.9802744300588323,4.7095504776259924e-73,0.019685748877849636,1.132462649202911e-73
2021-05-04,9.948237163134223e-49,7.2897180658849746e-06,0.9907952162275081,1.0316724790174137e-69,0.009197494054426656,3.164201951014885e-72
2021-05-05,5.499992356443332e-44,6.818545967007186e-06,0.9734558759214997,1.0842100981818072e-64,0.02653730553253379,4.511937804714694e-68
2021-05-06,1.747600681638187e-55,2.66090766017928e-06,0.9996262150240892,1.4230633145688283e-77,0.0003711240682512469,1.8795239367733337e-81
2021-05-07,1.1112909762945322e-50,2.884248716482704e-06,0.9999082061983948,6.894618817560263e-80,8.89095528894121e-05,3.0043061868177322e-92
2021-05-10,6.790285631879937e-46,5.0858023873987915e-06,0.9997393607829286,3.130283486749121e-75,0.00025555341468389193,1.1896413174424315e-87
2021-05-11,4.984280876428589e-47,4.597491530895413e-06,0.9996758369758292,3.446739615925363e-78,0.0003195655326397813,3.8447252065281396e-90
2021-05-12,4.592837424252064e-46,5.763580505213257e-06,0.9992949064009842,9.038609984389177e-79,0.0006993300185112012,1.5647185535545964e-88
2021-05-13,5.261871219154256e-46,2.6463242372506914e-06,0.9995906686253451,4.884066764970239e-79,0.00040668505041797595,1.4182792839090538e-88
2021-05-14,8.960213047985373e-50,3.052022074563746e-06,0.9997902374355246,1.7561538694797884e-82,0.00020671054240139098,1.7061470923244368e-92
2021-05-17,2.9345671052999015e-50,3.5625789856919003e-07,0.9999992165294489,2.8812116690196433e-90,4.2721265291717104e-07,2.3236466023844166e-99
2021-05-18,1.2620539277804293e-45,1.6492575948408473e-05,0.9999348789343787,9.868769341082132e-85,4.862848967328894e-05,5.825011732999911e-94
2021-05-19,8.93617331660459e-48,2.6216912125561047e-07,0.9999987839135369,8.125153164139672e-91,9.539173412933552e-07,3.90165275137332e-96
2021-05-20,1.3019227015158756e-47,3.288766126781262e-07,0.9999995882812124,3.9353618051417855e-96,8.284217460164221e-08,2.8215679205542777e-99
2021-05-21,2.883252771680321e-54,1.4989149957235042e-07,0.9999989497066908,2.7287341009340826e-95,9.004018092663744e-07,3.24868870533293e-109
2021-05-24,1.898370055860507e-46,4.224880446627032e-06,0.99998114704875,9.915249122472264e-88,1.4628070803232006e-05,1.1598423479180108e-103
2021-05-25,3.244656771605483e-57,4.39881386172763e-06,0.9999944615805649,7.224234152829967e-99,1.1396055740030957e-06,1.0656718629754594e-123
2021-05-26,1.3005109075616973e-57,3.104583751139909e-06,0.999933967775971,1.2505309536723746e-101,6.292764027760274e-05,3.6457335209214864e-124
2021-05-27,1.0730511063111704e-54,1.7498622551539266e-06,0.9999371632962021,5.911889146922218e-101,6.108684154296177e-05,3.1437069503724043e-123
2021-05-28,8.204036789922011e-57,4.644750657648298e-07,0.9999872021493306,3.826863039322396e-103,1.2333375603709583e-05,3.1730740868169323e-125
2021-05-31,6.895340675253916e-51,5.778034534210202e-07,0.9999728056559836,4.884147144709354e-97,2.661654056389439e-05,6.264350685560169e-119
2021-06-01,1.295717634951394e-56,6.5027031667630076e-06,0.999929247470655,2.5106306733048044e-103,6.424982617850172e-05,6.176386677847666e-126
2021-06-02,1.560175883133383e-50,2.3995171017919446e-06,0.9999571638024676,8.24782538141782e-97,4.043668043136825e-05,2.925735596799181e-119
2021-06-03,7.522274245733507e-52,4.149057963238874e-06,0.9999472817637565,9.211537309577637e-98,4.8569178279910225e-05,4.256743731144916e-121
2021-06-04,4.017813300181566e-58,7.463029852179963e-06,0.9999770059323541,6.92654412254699e-105,1.5531037793975815e-05,3.515803321716929e-129
2021-06-07,6.024114353893136e-44,0.9998075724680124,0.00019214490221154272,3.100566503632618e-94,2.8262977426223606e-07,6.70091272512648e-116
2021-06-08,5.508198626618471e-23,0.09720468778173028,4.944597308734979e-07,2.799946885892713e-71,0.9027948177585393,5.4418869996386996e-92
2021-06-09,1.0006719851502456e-21,0.026314054550483416,1.1380151447832144e-05,8.07157107682123e-70,0.9736745652980685,3.5255566395138876e-91
2021-06-10,3.716149276510637e-26,0.0022726676311998037,0.0006569438665472743,2.9433020818198262e-74,0.9970703885022545,8.736988881613606e-96
2021-06-11,2.7981365142375604e-64,0.0002461030453356764,0.9997537595429408,6.52432488194553e-113,1.374117231757773e-07,1.1179098564863983e-137
2021-06-14,8.360706433854228e-53,0.0014160229718954906,0.9983215123453286,3.574698559743242e-98,0.00026246468277519425,9.776400636593621e-124
2021-06-15,2.5316665738864323e-57,0.0002270797139675594,0.9997338965919995,2.504306618387917e-102,3.902369403364467e-05,1.7455006173463948e-128
2021-06-16,1.6321828041355372e-57,0.0013619576505842492,0.9974868412498274,2.821009263597895e-101,0.0011512010995869374,4.997633725743186e-128
2021-06-17,8.426192238355469e-47,0.006808867520636926,0.9924002640143315,7.304278051764898e-91,0.0007908684650319952,1.5284499538862887e-116
2021-06-18,8.426489426308299e-58,0.04540556540023297,0.954563972012354,1.1406762612223651e-102,3.0462587413110694e-05,4.865997447293554e-129
2021-06-21,4.105997782911037e-57,7.136523641144894e-05,0.9998020092690155,2.5929096977810835e-101,0.00012662549457361703,8.63733210909164e-128
2021-06-22,1.8200336776818396e-48,3.326614101131776e-05,0.9999173133318607,1.1010338477841444e-93,4.942052712850957e-05,2.1181639535993768e-118
2021-06-23,1.8735982303913924e-49,4.346864576758803e-06,0.9998090484569526,1.419267429333144e-94,0.00018660467847144338,3.9068732982376483e-119
2021-06-24,7.920433444321955e-54,1.0458921565146074e-06,0.9999749745833503,5.598101452889556e-99,2.3979524492537914e-05,7.585652372300871e-124
2021-06-25,2.987726574455345e-50,1.8788069244705375e-07,0.9999561426522388,1.8335742812842015e-96,4.3669467068135665e-05,1.1935577155837501e-120
2021-06-28,4.373322153873229e-45,1.8301905343991838e-06,0.9992403428086796,6.658955157675768e-91,0.0007578270007858873,3.981062623731532e-115
2021-06-29,1.2092221329047604e-61,7.321672847795439e-07,0.9999973083379624,1.4392511059850984e-108,1.9594947521934272e-06,5.880552431254818e-135
2021-06-30,9.388569020125656e-57,5.404487766135717e-07,0.9999676639915878,5.712574758313828e-103,3.179555963646383e-05,1.0395818149740448e-129
2021-07-01,1.3675523824589272e-47,7.270037836016208e-06,0.9996893888448471,7.470694139005214e-94,0.0003033411173167492,1.1963794026442825e-120
2021-07-02,1.1092449862139199e-48,3.552454001914066e-07,0.9999432498649738,2.7079235750365857e-94,5.6394889625705916e-05,2.081524561207039e-121
2021-07-05,1.8994731939623914e-45,7.940107465148822e-07,0.9998403390338348,6.269714700226422e-91,0.00015886695541862276,6.830114948308498e-118
2021-07-06,1.9526945624183787e-57,1.4296913993635689e-06,0.999992275528955,1.4622859060701193e-103,6.294779645753924e-06,2.2141398410892355e-131
2021-07-07,1.8289664051548526e-44,0.0034782714906683825,0.9852013442862134,7.782225967157353e-89,0.011320384223118528,6.284765186768615e-117
2021-07-08,3.384669008082703e-55,6.559713711453193e-05,0.9998975723399547,3.7760299865033003e-100,3.683052293148885e-05,1.1267285457235705e-127
2021-07-09,3.098910619560871e-48,0.00011269358844308492,0.9996068827766101,1.1435546330588178e-92,0.0002804236349472947,1.2328981624664818e-119
2021-07-12,3.738867122689825e-45,0.00015154305905844249,0.999368662780137,1.9515507350616938e-90,0.00047979416080451886,6.579607829949337e-118
2021-07-13,2.4621942518693434e-58,0.00017511361068222017,0.999813448990133,3.0511436466261156e-104,1.1437399185218544e-05,2.0613176223681124e-132
2021-07-14,1.2891900401486013e-56,1.7818936780781034e-05,0.9999377806005172,1.3053592333255329e-101,4.440046270153782e-05,1.0255008466214928e-129
2021-07-15,1.2367312891208923e-51,5.219443100359722e-06,0.9999697322052219,1.2000123757985569e-97,2.5048351678039772e-05,3.3372363323006734e-124
2021-07-16,5.631805356648787e-47,6.617018541644597e-06,0.9998786499337954,3.619879603922011e-93,0.0001147330476636311,3.820259979597414e-119
2021-07-19,4.189547896776515e-61,2.2115276134057786e-05,0.9999754599762208,3.6363467998090934e-107,2.424747645842081e-06,9.043874779702128e-135
2021-07-20,1.884604951821749e-48,0.00017739519873458188,0.9997285628652508,2.22520976353453e-94,9.404193601519175e-05,1.0361691508176486e-120
2021-07-21,1.1538480895486987e-55,1.1250861013630472e-05,0.999973788479279,3.672361817313061e-100,1.49606597067862e-05,3.4178366433112775e-128
2021-07-22,2.7977666561875856e-54,2.2841148102695615e-06,0.99997533536746,2.422193424378281e-98,2.2380517730267433e-05,1.8618784706811666e-126
2021-07-23,6.3354890988188856e-55,6.88316401814475e-06,0.9999467890704945,7.68592971255476e-99,4.6327765487796406e-05,1.64540658384559e-127
2021-07-26,1.548118213288894e-46,5.9264742184716415e-05,0.9994240620712989,1.8912434819966476e-90,0.0005166731865161992,1.109328039410923e-118
2021-07-27,1.7383858950273394e-59,7.97390513268902e-05,0.9999021333632624,2.8472677422396195e-104,1.812758541130995e-05,2.642468116846561e-132
2021-07-28,1.4433968731855897e-50,5.761735928252189e-05,0.9996345105222517,2.0684445574575027e-95,0.00030787211846631244,4.602235048023842e-121
2021-07-29,1.672821920057967e-55,0.0014362299788414751,0.9933907806811693,1.5446479395329422e-99,0.005172989339990174,3.5539528236705384e-124
2021-07-30,1.1888215197411294e-45,0.0013258220058484167,0.9922061209186621,9.69522048777656e-90,0.006468057075490619,1.3013494552554197e-113
2021-08-02,7.134730072503795e-46,8.899446239464733e-05,0.997211613713234,1.8338429949807332e-89,0.0026993918243705486,2.587115778713009e-114
2021-08-03,5.025174108276048e-55,0.0006743632684010497,0.9980552054569102,5.2121566914623825e-99,0.0012704312746880397,6.328530638285067e-124
2021-08-04,7.034581428718256e-54,5.533464301245643e-05,0.9995714409308246,1.2167111455639728e-97,0.0003732244261622857,7.211082052177168e-124
2021-08-05,2.6181700109125855e-53,3.844338855617016e-06,0.9995061996907763,4.87967483113412e-97,0.0004899559703687445,7.598338726585627e-123
2021-08-06,3.031818216246588e-53,4.34161809579672e-06,0.9998714560366182,3.4586083907729033e-97,0.00012420234528624931,2.5451563562907333e-122
2021-08-09,1.535353185255833e-47,4.412625346523881e-06,0.9997554712058857,1.3348796049461826e-91,0.00024011616876735352,3.0260300080439244e-116
2021-08-10,1.2556637292558529e-50,6.928423354695235e-06,0.999750438843708,1.2200066620935238e-94,0.00024263273293696308,6.444004072856794e-120
2021-08-11,2.2443120560429255e-52,1.3018149115209422e-05,0.9997054273247785,8.327815291818032e-97,0.00028155452610577943,5.123571505358806e-122
2021-08-12,4.1071102018414566e-47,0.00014482351834678412,0.9992705184804949,4.218437113163235e-91,0.0005846580011580504,1.8257873348000297e-116
2021-08-13,2.8479317739680048e-52,8.763621927355946e-06,0.999781998780955,4.9824068196157085e-96,0.00020923759711816817,1.0774961392920805e-121
2021-08-16,5.7190274287147504e-55,0.005424520893072613,0.9925569327266011,1.0233228101059966e-99,0.002018546380325972,2.8637385790994787e-124
2021-08-17,3.560446626076104e-56,0.0002400165154635224,0.9994358537851031,7.137570413346862e-101,0.0003241296994337925,2.520731815176477e-125
2021-08-18,4.915002796743919e-53,0.0001567086875731134,0.9994495742568963,4.380532379524507e-98,0.0003937170555305994,8.027342531290696e-122
2021-08-19,3.560565651230514e-49,2.4721791538374978e-05,0.9983403317733222,4.585812386638434e-94,0.0016349464351402886,3.0256405474519982e-117
2021-08-20,6.467152546598778e-58,1.0720631688210241e-05,0.9998899753040231,2.693845319054618e-103,9.930406428924222e-05,8.612871238379057e-127
2021-08-23,1.518435112900529e-49,0.0003807927667076243,0.9973790993321283,2.9804791008166567e-93,0.0022401079011641675,1.2040817829446781e-117
2021-08-24,3.540900884949674e-55,1.5163278834417333e-05,0.9998944303606621,1.2207806185912072e-98,9.04063605034017e-05,1.4565221065644906e-123
2021-08-25,7.384449694379927e-49,2.065629986267986e-05,0.9997942547531299,2.822844003017132e-92,0.0001850889470072048,4.8666036152952546e-117
2021-08-26,3.932816701671591e-60,0.00012030715273733978,0.9998530905934832,8.966443339742989e-104,2.6602253779087728e-05,3.760766605138192e-130
2021-08-27,2.3855909714829058e-51,0.0002677372731306854,0.9987273909405413,1.0429134166988679e-94,0.0010048717863277402,1.5079971804011823e-120
2021-08-30,1.109629606802789e-60,1.0437678028004196e-06,0.9999914471229614,7.958654252112203e-104,7.509109235506398e-06,1.5147746300562152e-130
2021-08-31,1.6223555497151827e-55,1.053157389901018e-06,0.9999680365476094,2.5739312418533833e-98,3.0910295000208134e-05,7.488885697209577e-125
2021-09-01,2.1222442249079387e-59,4.221267826910133e-05,0.999889351351005,1.4359860783714785e-102,6.843597072663244e-05,1.938489295136017e-129
2021-09-02,6.345229427031689e-53,1.0358615622033048e-05,0.9998999463685734,2.5819174629486844e-96,8.969501580522678e-05,1.7774048470020377e-122
2021-09-03,1.0007022366298704e-47,5.64335075077768e-06,0.9997138215015938,2.830174731934328e-91,0.0002805351476555688,8.827654477960673e-117
2021-09-06,3.1907955512179956e-60,3.726474127713819e-06,0.9999878674769515,5.882660196870526e-105,8.406048920633534e-06,1.1687292722484247e-131
2021-09-07,6.708292311974349e-49,3.411280548913376e-05,0.999275590469867,1.103234000196379e-93,0.000690296724643288,2.1916138708507735e-119
2021-09-08,2.4171734137563392e-51,1.2215117759589207e-07,0.9999694305249308,3.0751480385477956e-97,3.044732389168961e-05,3.099195240737869e-122
2021-09-09,4.113023097247239e-52,2.219253824579816e-07,0.9999486503316077,2.767610574499043e-98,5.112774300906412e-05,2.5200401491295153e-123
2021-09-10,5.36022276405929e-50,1.0637877026995871e-06,0.9997347569749987,3.504910592850156e-96,0.00026417923729887675,1.0189276068932137e-121
2021-09-13,1.4077562860072515e-55,1.9013291306642546e-07,0.9999856293965819,4.857104088864675e-102,1.418047050458028e-05,7.708247479294315e-128
2021-09-14,2.8049641006949783e-49,1.935731589193411e-06,0.9998615835083289,1.5555844152023175e-94,0.0001364807600811696,2.9087583984214674e-120
2021-09-15,2.9692955925877144e-47,3.294951686008938e-06,0.9996065414911086,1.2678131755180916e-92,0.0003901635572058862,7.480168098416295e-118
2021-09-16,2.4444621977679608e-46,3.101226254152726e-05,0.9981475811044812,1.606335590644643e-91,0.0018214066329778093,6.828757244666095e-117
2021-09-17,8.937185822828479e-57,3.432333889144444e-06,0.999986897071201,3.3614396342554354e-102,9.670594910696612e-06,3.999187152041133e-128
2021-09-20,3.3382725713283955e-49,2.6855214683546036e-05,0.9998643399436111,7.519700972753928e-95,0.0001088048417061532,8.987833773573867e-120
2021-09-21,9.981734525406195e-58,2.1114034369665074e-05,0.9999325025933539,3.1905910823503365e-103,4.6383372277096357e-05,1.152343869407886e-128
2021-09-22,3.991600561828376e-52,6.679010361118511e-06,0.9999526574697911,1.3307367955494727e-97,4.066351984865045e-05,1.4959475266594938e-122
2021-09-23,8.167205383626951e-60,6.733345692405911e-05,0.9999091121589956,2.104864383970004e-105,2.35543840811791e-05,1.8417135693189364e-131
2021-09-24,2.596553942623604e-55,8.70601345070627e-05,0.9996452662274317,1.4357334741013075e-100,0.0002676736380604973,9.999399314113942e-127
2021-09-27,7.022246037450283e-50,7.822075058083149e-06,0.9996921558202297,2.5926443302918645e-95,0.0003000221047122173,1.6132789174979447e-120
2021-09-28,5.828419811891235e-46,3.83980108274713e-06,0.9997360541046485,5.12911353890006e-91,0.00026010609426849266,6.482960036953522e-116
2021-09-29,3.347474763273372e-61,2.256253218690569e-05,0.9999753106239012,5.25945235912189e-108,2.1268439113855875e-06,4.633127775223668e-134
2021-09-30,1.2519800573988393e-51,1.4346042925561134e-05,0.9999441627888354,3.333551036867671e-97,4.149116823883769e-05,2.6595458122856562e-123
2021-10-01,2.7083889632172242e-49,7.430883309165078e-06,0.9999521796646145,4.0907917566438917e-95,4.038945207566398e-05,7.172618662600611e-121
2021-10-04,8.378521904408916e-45,1.762695085773197e-05,0.9998569230741495,1.0625853525261778e-90,0.0001254499749931759,2.0930446219523712e-116
2021-10-05,4.240251873115695e-50,1.4914613488512999e-06,0.9999819806675436,1.0435962506712323e-95,1.652787110788464e-05,6.868507340806134e-122
2021-10-06,9.328818652598522e-60,3.6522755884464797e-06,0.9999951874111468,1.7157122675445654e-106,1.1603132646965395e-06,1.6579882474840677e-132
2021-10-07,1.1730745674577095e-57,2.843079501168921e-06,0.9999933794599826,3.8475665057076583e-104,3.7774605157114415e-06,5.8308810868129616e-130
2021-10-08,5.983513665177498e-49,0.00028587862278518073,0.9996686862199241,4.03033616786907e-95,4.543515729014043e-05,1.1353788464544599e-120
2021-10-11,5.566326746803815e-55,0.00029089517335903817,0.99968513440736,6.567295175632283e-102,2.3970419281559124e-05,8.6638472345102e-127
2021-10-12,1.7221333745434184e-44,0.002674159988797959,0.996792433910985,1.3337340614422348e-91,0.0005334061002161454,1.513651703164851e-115
2021-10-13,4.408340892323379e-43,0.0002976558324479729,0.9995106531405022,8.17368627746928e-90,0.00019169102705031852,5.1106282815594075e-114
2021-10-14,7.468989578013462e-41,0.006933819945570585,0.9774811405576218,2.235626696668058e-87,0.015585039496806147,3.6900497564658845e-110
2021-10-15,3.292220269616919e-54,0.00045132382826874125,0.999420613304906,7.643973548266197e-101,0.0001280628668249999,1.5231650240882834e-124
2021-10-18,4.658118678283801e-47,0.00025377563482330805,0.9995120032551816,1.1749465434977157e-92,0.00023422110999588253,1.1718531798344253e-116
2021-10-19,1.755419251063861e-46,0.0005796900656844551,0.9985056616312076,5.291854750161547e-92,0.0009146483031082364,9.42922760800088e-117
2021-10-20,3.7261772031362927e-59,0.00045837083911271794,0.9995259938100239,2.0609048432026952e-104,1.5635350863487697e-05,1.2541731035411655e-131
2021-10-21,1.3017229380017936e-55,8.388308987833102e-06,0.9999589802496949,2.448104498009416e-100,3.2631441317001e-05,8.384410802525713e-128
2021-10-22,1.5801432362679498e-55,6.263233169692163e-05,0.9998906432198247,2.1273041002058108e-100,4.672444847864771e-05,2.1512556168546748e-128
2021-10-25,2.2925097244398476e-53,1.5351929666037152e-05,0.999942701086026,2.267851318294907e-98,4.194698430804452e-05,2.0550182155221995e-125
2021-10-26,5.03879799696341e-45,9.584517136613298e-05,0.999564417305758,8.084198573617609e-90,0.00033973752287607523,2.374100721647387e-116
2021-10-27,6.236469417811494e-47,1.3867605328425811e-06,0.9999410384932754,1.3187314049422087e-91,5.757474619204095e-05,5.174057487705309e-118
2021-10-28,1.9759229002085245e-54,0.0004168361873686181,0.9995643349565064,7.210430423726675e-99,1.8828856124268883e-05,5.778362739005962e-127
2021-10-29,1.2944312982155152e-49,0.0004575383844248859,0.999486148573257,5.594618007659656e-94,5.631304231788318e-05,1.1539033098833546e-121
2021-11-01,1.2285301980672316e-55,0.00027062982035507867,0.9997135203932187,7.106884034019879e-100,1.584978642572866e-05,5.493380616333049e-128
2021-11-02,7.27733573329047e-54,0.00017526827726475132,0.999798071168095,1.4557694955926988e-97,2.6660554640189952e-05,3.849960407572973e-126
2021-11-03,9.090295167082546e-57,0.0010916320220730848,0.9988831849850197,4.638085042611394e-101,2.5182992908059097e-05,2.0662324540733595e-129
2021-11-04,3.815166215774979e-49,0.00037439682109094007,0.9993444172351472,4.626465016571324e-93,0.0002811859437616175,1.615622211531549e-118
2021-11-05,1.2495113609413104e-48,1.2811685017663812e-05,0.9998599805632947,2.7292534869380565e-92,0.00012720775168778404,9.904848405417855e-118
2021-11-08,1.8653561471707237e-45,6.007659061310607e-05,0.9995393762160341,1.0391687730825312e-88,0.0004005471933529973,6.308579484170702e-115
2021-11-09,8.040495002152789e-44,0.0004809290081857095,0.9985197074503189,6.52280057441865e-87,0.000999363541495136,1.1023009779697228e-113
2021-11-10,8.627385489960045e-57,0.0013105319166135704,0.9986240794548512,7.440290705982537e-100,6.538862853451753e-05,1.9724426056469575e-128
2021-11-11,2.8587724547234796e-43,0.9822479128901933,0.010077689694608559,1.7872387945730754e-86,0.007674397415198785,9.538043930877142e-113
2021-11-12,8.118134466075546e-54,0.25000395458367997,0.7492523772989078,6.641583408703086e-97,0.0007436681174114198,5.526594105437078e-125
2021-11-15,7.068255672147194e-50,0.013528743170474223,0.9861498577207344,1.1349641273750512e-93,0.00032139910879257406,1.486786954962511e-120
2021-11-16,1.7974063782283424e-47,0.008860263233991883,0.9886912861723486,3.783572082576109e-91,0.0024484505936601332,1.3300750700926515e-116
2021-11-17,9.995482024248068e-55,0.17742554803464133,0.8188839192516617,5.244221926470435e-99,0.003690532713697051,3.5455403019251427e-124
2021-11-18,4.095959890453519e-55,0.00011343299711747627,0.9997128829675063,3.182398648304613e-99,0.00017368403537655134,1.8110497062123325e-124
2021-11-19,1.5038625104519818e-53,5.3450820503855544e-05,0.9998298998850438,1.2812652927834397e-97,0.0001166492944522998,8.053736805168341e-123
2021-11-22,5.201706091729921e-56,6.303864738879347e-05,0.9998765112316996,5.061684609291442e-100,6.0450120911178855e-05,1.1009427225856483e-125
2021-11-23,3.155188828226542e-45,0.001154337328254139,0.9983707599642155,3.1252444527211924e-89,0.00047490270753111066,5.103601978929037e-114
2021-11-24,1.33269802752849e-55,2.6375637636449414e-06,0.9999815073322484,1.5859981144519243e-100,1.5855103988197027e-05,4.1328725506731046e-125
